perf_counter_ns,unix_s,phase,board_input_power_w,board_input_current_a,board_input_voltage_v,read_duration_ns
2561378199080,1788985721.9727263,baseline_boundary_before,14.612,1.221,11.963,1665430
2561378123150,1788985721.9729695,baseline,14.612,1.221,11.963,1983950
2561388226630,1788985721.9824414,baseline,14.55,1.216,11.965,1352620
2561398224700,1788985721.9924402,baseline,14.437,1.206,11.966,1353460
2561408226040,1788985722.002443,baseline,14.437,1.206,11.967,1354830
2561418224640,1788985722.0124373,baseline,14.437,1.206,11.966,1350470
2561428223970,1788985722.0224357,baseline,14.412,1.204,11.966,1349470
2561438223220,1788985722.0324354,baseline,14.437,1.206,11.966,1350220
2561448223410,1788985722.0424356,baseline,14.425,1.205,11.966,1349760
2561458225310,1788985722.052439,baseline,14.437,1.206,11.966,1351410
2561468223680,1788985722.062436,baseline,14.437,1.206,11.967,1350120
2561478224010,1788985722.072439,baseline,14.437,1.206,11.966,1352670
2561488223250,1788985722.082437,baseline,14.462,1.207,11.967,1351610
2561498225100,1788985722.0924375,baseline,14.412,1.204,11.966,1350080
2561508225210,1788985722.1024396,baseline,14.45,1.207,11.966,1352110
2561518223690,1788985722.1124334,baseline,14.412,1.204,11.966,1347600
2561528223800,1788985722.1224372,baseline,14.437,1.206,11.966,1350990
2561538223780,1788985722.132439,baseline,14.437,1.207,11.966,1352890
2561548223910,1788985722.1424365,baseline,14.437,1.207,11.966,1350580
2561558225360,1788985722.1524398,baseline,14.425,1.206,11.966,1352050
2561568224190,1788985722.1624362,baseline,14.437,1.204,11.967,1349940
2561578224270,1788985722.1724412,baseline,14.425,1.206,11.966,1354880
2561588223840,1788985722.1824367,baseline,14.437,1.206,11.966,1350700
2561598223890,1788985722.1924355,baseline,14.45,1.207,11.966,1349340
2561608225040,1788985722.2024393,baseline,14.437,1.206,11.966,1352290
2561618224340,1788985722.2124362,baseline,14.437,1.206,11.966,1349800
2561628224150,1788985722.2224386,baseline,14.437,1.207,11.966,1352620
2561638224860,1788985722.2324395,baseline,14.425,1.204,11.966,1352550
2561648222950,1788985722.2424364,baseline,14.45,1.207,11.967,1351080
2561658225750,1788985722.2524428,baseline,14.437,1.206,11.967,1354990
2561668222820,1788985722.2624362,baseline,14.45,1.207,11.966,1351270
2561678223920,1788985722.272438,baseline,14.437,1.206,11.966,1351930
2561688223910,1788985722.2824364,baseline,14.437,1.206,11.967,1350170
2561698223000,1788985722.292436,baseline,14.437,1.206,11.966,1350900
2561708224940,1788985722.3024402,baseline,14.425,1.204,11.966,1352990
2561718224550,1788985722.3124382,baseline,14.437,1.206,11.967,1351450
2561728223170,1788985722.3224382,baseline,14.437,1.206,11.966,1352810
2561738223610,1788985722.3324375,baseline,14.45,1.207,11.966,1351870
2561748223250,1788985722.3424368,baseline,14.437,1.206,11.966,1351480
2561758225470,1788985722.352439,baseline,14.437,1.206,11.966,1351400
2561768224310,1788985722.3624387,baseline,14.45,1.207,11.966,1352250
2561778223400,1788985722.372436,baseline,14.425,1.204,11.966,1350450
2561788223260,1788985722.38244,baseline,14.45,1.207,11.967,1355290
2561798222950,1788985722.3924346,baseline,14.437,1.206,11.966,1349680
2561808225830,1788985722.4024394,baseline,14.437,1.207,11.966,1351310
2561818224160,1788985722.4124365,baseline,14.437,1.206,11.966,1350160
2561828223940,1788985722.4224355,baseline,14.437,1.206,11.966,1349390
2561838223690,1788985722.4324355,baseline,14.45,1.207,11.967,1349610
2561848223800,1788985722.442437,baseline,14.425,1.205,11.966,1351160
2561858224310,1788985722.4524386,baseline,14.437,1.207,11.967,1351940
2561868223850,1788985722.4624367,baseline,14.437,1.206,11.966,1350820
2561878223130,1788985722.4724343,baseline,14.45,1.207,11.966,1349000
2561888223470,1788985722.4824352,baseline,14.412,1.205,11.966,1349550
2561898224460,1788985722.4924357,baseline,14.437,1.206,11.966,1349030
2561908224790,1788985722.5024347,baseline,14.425,1.205,11.966,1348030
2561918224530,1788985722.512437,baseline,14.425,1.204,11.967,1350270
2561928223310,1788985722.5224352,baseline,14.45,1.207,11.967,1349460
2561938223600,1788985722.5324342,baseline,14.425,1.205,11.966,1348570
2561948224060,1788985722.542436,baseline,14.437,1.206,11.966,1349550
2561958225260,1788985722.5524375,baseline,14.412,1.205,11.967,1350190
2561968223400,1788985722.5624359,baseline,14.437,1.206,11.967,1350360
2561978224030,1788985722.5724378,baseline,14.425,1.205,11.966,1351810
2561988223870,1788985722.5824363,baseline,14.437,1.204,11.966,1350440
2561998223790,1788985722.5924373,baseline,14.437,1.207,11.967,1351480
2562008224240,1788985722.6024363,baseline,14.425,1.206,11.966,1350050
2562018224330,1788985722.6124399,baseline,14.437,1.206,11.966,1353360
2562028223410,1788985722.622439,baseline,14.425,1.205,11.966,1353650
2562038223940,1788985722.6324372,baseline,14.45,1.207,11.966,1351330
2562048224240,1788985722.642439,baseline,14.425,1.205,11.966,1352660
2562058225010,1788985722.6524382,baseline,14.425,1.205,11.966,1351280
2562068224330,1788985722.6624372,baseline,14.437,1.207,11.966,1350890
2562078222890,1788985722.6724415,baseline,14.425,1.206,11.966,1356720
2562088223340,1788985722.682437,baseline,14.437,1.206,11.966,1351540
2562098223990,1788985722.692441,baseline,14.412,1.205,11.967,1355280
2562108224730,1788985722.7024393,baseline,14.437,1.206,11.966,1353000
2562118223610,1788985722.7124374,baseline,14.437,1.206,11.966,1351810
2562128223720,1788985722.722439,baseline,14.425,1.204,11.966,1353290
2562138223860,1788985722.732437,baseline,14.45,1.207,11.967,1351000
2562148223680,1788985722.7424388,baseline,14.425,1.205,11.966,1353180
2562158224760,1788985722.7524388,baseline,14.437,1.206,11.966,1352040
2562168223370,1788985722.762439,baseline,14.425,1.205,11.966,1353620
2562178224350,1788985722.7724366,baseline,14.425,1.206,11.966,1350230
2562188223630,1788985722.78244,baseline,14.437,1.206,11.966,1354060
2562198223940,1788985722.7924428,baseline,14.437,1.204,11.967,1356740
2562208225540,1788985722.8024418,baseline,14.45,1.207,11.966,1354020
2562218224090,1788985722.8124375,baseline,14.425,1.205,11.967,1351450
2562228223940,1788985722.8224406,baseline,14.45,1.207,11.966,1354750
2562238223550,1788985722.8324351,baseline,14.425,1.206,11.966,1349440
2562248224360,1788985722.8424397,baseline,14.437,1.207,11.966,1353300
2562258224620,1788985722.8524358,baseline,14.437,1.207,11.966,1349080
2562268223490,1788985722.8624403,baseline,14.45,1.204,11.966,1355080
2562278223350,1788985722.8724391,baseline,14.437,1.206,11.966,1353650
2562288224000,1788985722.8824413,baseline,14.412,1.205,11.966,1355160
2562298223370,1788985722.8924382,baseline,14.45,1.207,11.966,1353000
2562308225000,1788985722.9024444,baseline,14.425,1.205,11.966,1357320
2562318224100,1788985722.9124382,baseline,14.45,1.207,11.966,1352100
2562328224760,1788985722.922437,baseline,14.437,1.205,11.966,1350090
2562338224370,1788985722.932436,baseline,14.437,1.205,11.966,1349470
2562348223280,1788985722.9424372,baseline,14.437,1.206,11.966,1351620
2562358224800,1788985722.9524431,baseline,14.425,1.205,11.966,1356170
2562368224290,1788985722.96244,baseline,14.45,1.207,11.966,1353450
2562378223860,1788985722.9724371,baseline,14.425,1.205,11.966,1351010
2562388223680,1788985722.982443,baseline,14.45,1.207,11.967,1357060
2562398224210,1788985722.992438,baseline,14.437,1.207,11.966,1351630
2562408225380,1788985723.002445,baseline,14.437,1.204,11.966,1357480
2562418224200,1788985723.0124366,baseline,14.425,1.206,11.966,1350570
2562428223640,1788985723.0224383,baseline,14.425,1.205,11.966,1352550
2562438224380,1788985723.0324392,baseline,14.45,1.207,11.966,1352750
2562448223640,1788985723.042438,baseline,14.425,1.206,11.966,1352370
2562458224610,1788985723.0524428,baseline,14.45,1.208,11.966,1356100
2562468223360,1788985723.0624392,baseline,14.425,1.205,11.966,1353730
2562478223580,1788985723.0724387,baseline,14.437,1.207,11.966,1353330
2562488224430,1788985723.0824387,baseline,14.425,1.206,11.966,1352040
2562498223400,1788985723.0924385,baseline,14.437,1.206,11.967,1352810
2562508224480,1788985723.102443,baseline,14.437,1.207,11.966,1356160
2562518223460,1788985723.1124349,baseline,14.425,1.206,11.966,1349270
2562528223960,1788985723.122436,baseline,14.437,1.207,11.966,1350140
2562538224210,1788985723.1324375,baseline,14.412,1.205,11.966,1351010
2562548223510,1788985723.1424372,baseline,14.437,1.207,11.966,1351560
2562558225660,1788985723.1524415,baseline,14.425,1.205,11.966,1353830
2562568223120,1788985723.162438,baseline,14.437,1.206,11.966,1352580
2562578223580,1788985723.1724365,baseline,14.437,1.207,11.966,1350790
2562588224760,1788985723.182439,baseline,14.425,1.206,11.967,1352140
2562598223180,1788985723.1924393,baseline,14.45,1.207,11.966,1353970
2562608225250,1788985723.2024424,baseline,14.425,1.205,11.967,1355040
2562618223100,1788985723.2124362,baseline,14.437,1.207,11.966,1351140
2562628223700,1788985723.2224379,baseline,14.45,1.207,11.966,1352070
2562638223400,1788985723.232436,baseline,14.425,1.205,11.966,1350340
2562648223940,1788985723.2424383,baseline,14.437,1.206,11.966,1352340
2562658225010,1788985723.2524385,baseline,14.425,1.206,11.966,1351370
2562668223880,1788985723.2624397,baseline,14.437,1.207,11.966,1353870
2562678228270,1788985723.2724526,baseline,14.412,1.205,11.966,1362410
2562688224360,1788985723.2824392,baseline,14.45,1.207,11.966,1352750
2562698223820,1788985723.2924402,baseline,14.45,1.207,11.966,1354330
2562708224240,1788985723.3024442,baseline,14.45,1.207,11.966,1358010
2562718224090,1788985723.312443,baseline,14.475,1.209,11.966,1357040
2562728224210,1788985723.322439,baseline,14.45,1.208,11.965,1352810
2562738225390,1788985723.3324435,baseline,14.45,1.208,11.967,1355890
2562748223720,1788985723.3424397,baseline,14.437,1.207,11.965,1354050
2562758224630,1788985723.3524387,baseline,14.462,1.208,11.966,1351920
2562768223450,1788985723.362437,baseline,14.45,1.207,11.966,1351180
2562778223880,1788985723.3724399,baseline,14.462,1.208,11.966,1353830
2562788223130,1788985723.3824394,baseline,14.462,1.209,11.966,1354120
2562798223650,1788985723.3924367,baseline,14.45,1.207,11.966,1350970
2562808224620,1788985723.402441,baseline,14.462,1.208,11.966,1354090
2562818225090,1788985723.4124463,baseline,14.437,1.207,11.966,1359050
2562828223200,1788985723.4224384,baseline,14.462,1.208,11.966,1353240
2562838223670,1788985723.4324372,baseline,14.462,1.208,11.966,1351490
2562848224650,1788985723.4424417,baseline,14.462,1.208,11.966,1354840
2562858225540,1788985723.4524415,baseline,14.462,1.208,11.966,1353820
2562868223210,1788985723.4624388,baseline,14.45,1.207,11.966,1353420
2562878223730,1788985723.4724386,baseline,14.462,1.208,11.966,1352950
2562888224280,1788985723.4824364,baseline,14.437,1.207,11.966,1350140
2562898224150,1788985723.4924364,baseline,14.462,1.208,11.966,1350550
2562908225640,1788985723.5024426,baseline,14.45,1.207,11.966,1355050
2562918223890,1788985723.5124373,baseline,14.462,1.208,11.966,1351360
2562928224970,1788985723.5224428,baseline,14.45,1.208,11.966,1355500
2562938225330,1788985723.53244,baseline,14.437,1.206,11.966,1352680
2562948224370,1788985723.5424345,baseline,14.462,1.208,11.966,1348000
2562958225080,1788985723.5524378,baseline,14.45,1.207,11.966,1350690
2562968223080,1788985723.5624347,baseline,14.462,1.208,11.966,1349450
2562978223710,1788985723.5724409,baseline,14.45,1.207,11.966,1355160
2562988224010,1788985723.5824385,baseline,14.462,1.208,11.966,1352380
2562998223500,1788985723.592437,baseline,14.437,1.207,11.966,1351370
2563008225110,1788985723.6024399,baseline,14.45,1.207,11.966,1352990
2563018223130,1788985723.612438,baseline,14.462,1.209,11.966,1352870
2563028224500,1788985723.622441,baseline,14.437,1.207,11.966,1354460
2563038223460,1788985723.632437,baseline,14.462,1.208,11.966,1351440
2563048223800,1788985723.6424377,baseline,14.425,1.205,11.967,1351780
2563058236660,1788985723.65245,baseline,14.437,1.206,11.966,1351420
2563068223840,1788985723.662436,baseline,14.437,1.206,11.967,1350200
2563078224560,1788985723.6724393,baseline,14.437,1.206,11.966,1352790
2563088223000,1788985723.682437,baseline,14.45,1.206,11.966,1351840
2563098224120,1788985723.6924396,baseline,14.425,1.205,11.966,1353400
2563108223910,1788985723.7024605,baseline,14.45,1.208,11.966,1374320
2563118223960,1788985723.712437,baseline,14.425,1.205,11.966,1351280
2563128222950,1788985723.7224405,baseline,14.437,1.206,11.966,1355560
2563138223750,1788985723.7324371,baseline,14.425,1.205,11.966,1351220
2563148223560,1788985723.7424388,baseline,14.425,1.206,11.966,1352940
2563158223720,1788985723.7524588,baseline,14.45,1.207,11.966,1372930
2563168224020,1788985723.7624383,baseline,14.425,1.206,11.966,1352320
2563178223660,1788985723.772441,baseline,14.437,1.207,11.966,1355050
2563188223860,1788985723.782439,baseline,14.425,1.205,11.967,1352900
2563198223510,1788985723.7924356,baseline,14.437,1.206,11.967,1350130
2563208223800,1788985723.8024387,baseline,14.437,1.206,11.966,1352820
2563218223360,1788985723.812437,baseline,14.437,1.206,11.967,1351660
2563228223290,1788985723.8224404,baseline,14.437,1.207,11.966,1354950
2563238223990,1788985723.8324375,baseline,14.437,1.206,11.966,1351470
2563248224620,1788985723.8424373,baseline,14.45,1.207,11.967,1350590
2563258224170,1788985723.8524485,baseline,14.412,1.205,11.967,1362500
2563268223790,1788985723.8624356,baseline,14.437,1.206,11.966,1349950
2563278224070,1788985723.8724377,baseline,14.437,1.206,11.966,1351660
2563288223670,1788985723.8824399,baseline,14.437,1.206,11.967,1354360
2563298224370,1788985723.8924391,baseline,14.437,1.207,11.966,1352540
2563308223270,1788985723.902449,baseline,14.437,1.206,11.966,1363480
2563318223410,1788985723.9124365,baseline,14.437,1.207,11.966,1351020
2563328223540,1788985723.9224389,baseline,14.412,1.205,11.966,1353360
2563338223850,1788985723.9324386,baseline,14.425,1.206,11.967,1352760
2563348223590,1788985723.9424398,baseline,14.437,1.206,11.966,1353850
2563358223670,1788985723.952443,baseline,14.437,1.206,11.966,1357030
2563368223850,1788985723.9624372,baseline,14.437,1.207,11.966,1351160
2563378223360,1788985723.9724371,baseline,14.425,1.205,11.967,1351710
2563388223460,1788985723.9824405,baseline,14.45,1.207,11.966,1354690
2563398224480,1788985723.9924374,baseline,14.412,1.204,11.966,1350510
2563408224380,1788985724.002464,baseline,14.437,1.206,11.966,1377430
2563418223750,1788985724.0124376,baseline,14.437,1.206,11.966,1351500
2563428224410,1788985724.0224407,baseline,14.437,1.206,11.966,1354300
2563438223170,1788985724.0324392,baseline,14.437,1.206,11.966,1354120
2563448223470,1788985724.0424378,baseline,14.425,1.206,11.966,1352210
2563458224960,1788985724.0524642,baseline,14.437,1.206,11.966,1377170
2563468224150,1788985724.0624378,baseline,14.412,1.204,11.967,1351580
2563478224310,1788985724.0724409,baseline,14.45,1.207,11.966,1354410
2563488224200,1788985724.0824418,baseline,14.437,1.207,11.966,1355550
2563498223670,1788985724.0924397,baseline,14.437,1.206,11.967,1353810
2563508223170,1788985724.102464,baseline,14.437,1.206,11.966,1378680
2563518223720,1788985724.1124365,baseline,14.412,1.205,11.966,1350760
2563528223090,1788985724.1224344,baseline,14.45,1.207,11.966,1349300
2563538224220,1788985724.1324363,baseline,14.425,1.205,11.966,1349720
2563548223660,1788985724.14244,baseline,14.437,1.207,11.967,1354620
2563558224470,1788985724.15244,baseline,14.425,1.206,11.966,1353470
2563568224140,1788985724.162438,baseline,14.45,1.207,11.966,1351730
2563578224720,1788985724.1724367,baseline,14.425,1.206,11.967,1349770
2563588224240,1788985724.182437,baseline,14.425,1.205,11.966,1350500
2563598223830,1788985724.1924396,baseline,14.437,1.206,11.966,1353460
2563608223370,1788985724.2024415,baseline,14.437,1.206,11.967,1355830
2563618224260,1788985724.2124383,baseline,14.437,1.207,11.967,1351860
2563628223990,1788985724.2224374,baseline,14.437,1.206,11.966,1351250
2563638224680,1788985724.232438,baseline,14.437,1.206,11.966,1351270
2563648223710,1788985724.24244,baseline,14.437,1.206,11.966,1354140
2563658223590,1788985724.2524426,baseline,14.425,1.205,11.966,1356730
2563668223980,1788985724.2624393,baseline,14.45,1.207,11.966,1352970
2563678223760,1788985724.2724361,baseline,14.437,1.205,11.966,1350270
2563688224160,1788985724.2824388,baseline,14.45,1.207,11.966,1352300
2563698223760,1788985724.292441,baseline,14.425,1.206,11.966,1354760
2563708223230,1788985724.30244,baseline,14.437,1.206,11.966,1354740
2563718223030,1788985724.312434,baseline,14.425,1.206,11.966,1348630
2563728223840,1788985724.3224373,baseline,14.437,1.206,11.966,1351280
2563738224440,1788985724.3324375,baseline,14.45,1.207,11.966,1350730
2563748223440,1788985724.3424401,baseline,14.437,1.206,11.966,1354760
2563758223560,1788985724.3524606,baseline,14.45,1.207,11.967,1374950
2563768224710,1788985724.362439,baseline,14.425,1.206,11.966,1352160
2563778224620,1788985724.372437,baseline,14.437,1.206,11.966,1350240
2563788224530,1788985724.3824406,baseline,14.425,1.205,11.966,1353750
2563798224560,1788985724.3924394,baseline,14.437,1.206,11.965,1352480
2563808224200,1788985724.402464,baseline,14.425,1.206,11.966,1377420
2563818224080,1788985724.412438,baseline,14.425,1.205,11.967,1351700
2563828223830,1788985724.422438,baseline,14.45,1.207,11.966,1352280
2563838222810,1788985724.432435,baseline,14.437,1.206,11.966,1349980
2563848224290,1788985724.442436,baseline,14.425,1.206,11.966,1349860
2563858224250,1788985724.452464,baseline,14.437,1.206,11.966,1377610
2563868224080,1788985724.4624405,baseline,14.425,1.205,11.966,1354360
2563878223690,1788985724.4724348,baseline,14.45,1.207,11.967,1348700
2563888224700,1788985724.4824393,baseline,14.425,1.205,11.966,1352410
2563898224080,1788985724.492438,baseline,14.45,1.207,11.967,1351490
2563908224360,1788985724.5024421,baseline,14.412,1.205,11.966,1355700
2563918224350,1788985724.5124402,baseline,14.425,1.206,11.966,1353700
2563928224200,1788985724.5224383,baseline,14.437,1.206,11.966,1352070
2563938223670,1788985724.532439,baseline,14.425,1.206,11.966,1353200
2563948224580,1788985724.5424433,baseline,14.437,1.206,11.966,1356540
2563958224570,1788985724.5524507,baseline,14.412,1.204,11.966,1363980
2563968223700,1788985724.5624404,baseline,14.45,1.207,11.967,1354800
2563978224100,1788985724.5724366,baseline,14.425,1.206,11.966,1350040
2563988222770,1788985724.582436,baseline,14.437,1.206,11.966,1351220
2563998224170,1788985724.5924382,baseline,14.437,1.206,11.966,1352120
2564008224220,1788985724.6024435,baseline,14.437,1.206,11.967,1357220
2564018224290,1788985724.6124382,baseline,14.45,1.207,11.966,1351710
2564028224200,1788985724.6224403,baseline,14.4,1.204,11.966,1354250
2564038223280,1788985724.6324368,baseline,14.45,1.207,11.966,1351500
2564048224310,1788985724.6424382,baseline,14.412,1.205,11.967,1351600
2564058223850,1788985724.6524413,baseline,14.437,1.207,11.966,1355250
2564068223520,1788985724.6624374,baseline,14.437,1.206,11.967,1351470
2564078223340,1788985724.6724389,baseline,14.425,1.205,11.966,1353140
2564088223490,1788985724.6824396,baseline,14.437,1.206,11.966,1353980
2564098224520,1788985724.6924384,baseline,14.437,1.205,11.966,1351520
2564108224500,1788985724.7024589,baseline,14.437,1.207,11.966,1372130
2564118224160,1788985724.7124374,baseline,14.425,1.205,11.966,1351200
2564128223740,1788985724.7224376,baseline,14.45,1.207,11.966,1352140
2564138224690,1788985724.7324376,baseline,14.45,1.206,11.966,1350620
2564148223860,1788985724.7424393,baseline,14.437,1.206,11.966,1353030
2564158224100,1788985724.7524397,baseline,14.437,1.206,11.966,1353540
2564168246370,1788985724.7624636,baseline,14.437,1.205,11.966,1355190
2564178223590,1788985724.7724364,baseline,14.437,1.206,11.966,1350520
2564188223130,1788985724.7824385,baseline,14.412,1.205,11.967,1353050
2564198223570,1788985724.7924368,baseline,14.437,1.206,11.966,1350840
2564208223780,1788985724.8024385,baseline,14.425,1.206,11.966,1352650
2564218224570,1788985724.8124418,baseline,14.45,1.207,11.966,1355160
2564228223430,1788985724.8224385,baseline,14.45,1.206,11.966,1353090
2564238223590,1788985724.8324378,baseline,14.437,1.204,11.966,1351780
2564248223930,1788985724.8424368,baseline,14.437,1.207,11.967,1350770
2564258223930,1788985724.8524377,baseline,14.437,1.206,11.966,1351540
2564268224880,1788985724.862444,baseline,14.437,1.207,11.966,1356940
2564278223710,1788985724.872438,baseline,14.425,1.205,11.966,1352140
2564288223590,1788985724.8824348,baseline,14.437,1.206,11.967,1348840
2564298224600,1788985724.8924377,baseline,14.437,1.206,11.967,1350790
2564308223440,1788985724.902439,baseline,14.425,1.205,11.966,1353620
2564318225720,1788985724.9124415,baseline,14.437,1.207,11.966,1354110
2564328223760,1788985724.9224362,baseline,14.412,1.205,11.966,1350410
2564338224370,1788985724.9324396,baseline,14.437,1.207,11.966,1352950
2564348223210,1788985724.9424405,baseline,14.425,1.206,11.966,1355000
2564358224250,1788985724.9524388,baseline,14.45,1.207,11.966,1352390
2564368225270,1788985724.9624422,baseline,14.425,1.205,11.966,1354890
2564378223510,1788985724.9724364,baseline,14.437,1.205,11.966,1350810
2564388223010,1788985724.9824367,baseline,14.437,1.206,11.966,1351510
2564398223870,1788985724.9924388,baseline,14.437,1.206,11.966,1352590
2564408225240,1788985725.0024385,baseline,14.45,1.207,11.966,1351380
2564418225710,1788985725.0124397,baseline,14.425,1.206,11.966,1352060
2564428223380,1788985725.0224388,baseline,14.45,1.207,11.966,1353380
2564438224350,1788985725.0324395,baseline,14.425,1.205,11.966,1352990
2564448223460,1788985725.042437,baseline,14.437,1.204,11.966,1351860
2564458224380,1788985725.0524395,baseline,14.45,1.207,11.966,1353000
2564468225960,1788985725.0624425,baseline,14.425,1.206,11.966,1354340
2564478223220,1788985725.0724378,baseline,14.45,1.207,11.965,1352410
2564488223820,1788985725.0824387,baseline,14.425,1.205,11.966,1352920
2564498224230,1788985725.0924373,baseline,14.437,1.206,11.966,1351120
2564508222550,1788985725.1024354,baseline,14.437,1.206,11.966,1350660
2564518225580,1788985725.11244,baseline,14.437,1.204,11.966,1352560
2564528223950,1788985725.1224408,baseline,14.45,1.208,11.967,1354730
2564538224250,1788985725.13244,baseline,14.437,1.206,11.966,1353820
2564548223820,1788985725.1424365,baseline,14.45,1.207,11.967,1350730
2564558223410,1788985725.1524367,baseline,14.425,1.206,11.966,1351300
2564568225070,1788985725.1624403,baseline,14.437,1.206,11.966,1353150
2564578227400,1788985725.1724534,baseline,14.425,1.206,11.966,1364290
2564588225200,1788985725.1824403,baseline,14.537,1.207,11.966,1353170
2564598223540,1788985725.1924388,baseline,14.437,1.207,11.966,1353170
2564608223750,1788985725.2024367,baseline,14.425,1.206,11.965,1350600
2564618225710,1788985725.2124407,baseline,14.45,1.208,11.966,1352790
2564628224160,1788985725.2224412,baseline,14.425,1.205,11.966,1354980
2564638223660,1788985725.2324362,baseline,14.437,1.206,11.966,1350110
2564648223670,1788985725.2424388,baseline,14.437,1.206,11.966,1353070
2564658224790,1788985725.252438,baseline,14.425,1.204,11.966,1350980
2564668224930,1788985725.2624388,baseline,14.437,1.207,11.967,1351730
2564678224180,1788985725.2724352,baseline,14.425,1.206,11.967,1348990
2564688224140,1788985725.28244,baseline,14.45,1.207,11.966,1353470
2564698223460,1788985725.2924361,baseline,14.425,1.205,11.966,1350540
2564708224240,1788985725.3024383,baseline,14.45,1.207,11.966,1351730
2564718225260,1788985725.3124382,baseline,14.425,1.206,11.966,1350830
2564728223680,1788985725.3224366,baseline,14.437,1.204,11.966,1350940
2564738224830,1788985725.332441,baseline,14.45,1.207,11.967,1354270
2564748222670,1788985725.342439,baseline,14.425,1.205,11.966,1354130
2564758223980,1788985725.3524377,baseline,14.45,1.207,11.966,1351660
2564768224920,1788985725.3624387,baseline,14.425,1.205,11.966,1351690
2564778224390,1788985725.3724365,baseline,14.45,1.207,11.966,1350000
2564788223520,1788985725.3824384,baseline,14.45,1.207,11.966,1353010
2564798225480,1788985725.3924398,baseline,14.437,1.205,11.966,1352360
2564808223540,1788985725.4024398,baseline,14.437,1.206,11.966,1354370
2564818225060,1788985725.4124408,baseline,14.437,1.206,11.966,1353610
2564828225130,1788985725.4224465,baseline,14.45,1.207,11.966,1359340
2564838224070,1788985725.4324398,baseline,14.437,1.206,11.966,1353490
2564848223480,1788985725.442436,baseline,14.437,1.206,11.965,1350460
2564858223810,1788985725.4524379,baseline,14.425,1.206,11.966,1351740
2564868225190,1788985725.4624407,baseline,14.437,1.205,11.966,1353110
2564878223540,1788985725.4724367,baseline,14.437,1.206,11.967,1350920
2564888224460,1788985725.4824424,baseline,14.425,1.206,11.966,1355570
2564898223780,1788985725.4924374,baseline,14.45,1.207,11.966,1351160
2564908224320,1788985725.5024405,baseline,14.412,1.205,11.966,1353780
2564918225270,1788985725.5124385,baseline,14.437,1.207,11.966,1350980
2564928224940,1788985725.522441,baseline,14.425,1.206,11.967,1353740
2564938223180,1788985725.5324376,baseline,14.437,1.207,11.966,1352630
2564948223570,1788985725.5424378,baseline,14.45,1.207,11.966,1352230
2564958224480,1788985725.5524375,baseline,14.425,1.206,11.966,1350970
2564968225040,1788985725.5624392,baseline,14.437,1.207,11.967,1352010
2564978224170,1788985725.5724366,baseline,14.425,1.206,11.966,1350030
2564988223350,1788985725.5824406,baseline,14.437,1.207,11.967,1355280
2564998224580,1788985725.5924418,baseline,14.425,1.205,11.966,1355150
2565008224590,1788985725.6024377,baseline,14.437,1.207,11.966,1350860
2565018224920,1788985725.612442,baseline,14.425,1.206,11.967,1355110
2565028223760,1788985725.6224396,baseline,14.425,1.206,11.966,1353470
2565038224940,1788985725.6324391,baseline,14.437,1.206,11.966,1351810
2565048223340,1788985725.6424377,baseline,14.425,1.205,11.966,1352230
2565058224240,1788985725.6524365,baseline,14.45,1.207,11.966,1349790
2565068224770,1788985725.6624424,baseline,14.425,1.205,11.966,1355570
2565078224210,1788985725.6724384,baseline,14.437,1.206,11.966,1351840
2565088222950,1788985725.6824365,baseline,14.437,1.207,11.967,1351190
2565098223610,1788985725.6924405,baseline,14.425,1.206,11.966,1354690
2565108223880,1788985725.7024372,baseline,14.437,1.206,11.966,1350970
2565118225500,1788985725.712442,baseline,14.437,1.206,11.966,1354030
2565128223340,1788985725.7224388,baseline,14.437,1.207,11.966,1353610
2565138224180,1788985725.7324376,baseline,14.437,1.206,11.966,1351130
2565148223360,1788985725.742441,baseline,14.437,1.207,11.966,1356020
2565158223320,1788985725.7524366,baseline,14.437,1.206,11.966,1351190
2565168225710,1788985725.7624428,baseline,14.425,1.206,11.967,1354840
2565178223600,1788985725.7724338,baseline,14.462,1.208,11.966,1347980
2565188224030,1788985725.78244,baseline,14.425,1.205,11.966,1353720
2565198224160,1788985725.7924416,baseline,14.45,1.207,11.966,1355210
2565208223040,1788985725.8024397,baseline,14.425,1.205,11.966,1354270
2565218224920,1788985725.812441,baseline,14.437,1.206,11.966,1353900
2565228224110,1788985725.8224382,baseline,14.437,1.206,11.966,1351810
2565238224410,1788985725.8324382,baseline,14.425,1.205,11.967,1351540
2565248224230,1788985725.8424456,baseline,14.437,1.207,11.966,1359290
2565258224000,1788985725.8524382,baseline,14.412,1.205,11.966,1352040
2565268225030,1788985725.862441,baseline,14.437,1.207,11.966,1353570
2565278223590,1788985725.8724377,baseline,14.412,1.204,11.966,1351790
2565288223050,1788985725.8824387,baseline,14.45,1.207,11.966,1353400
2565298223930,1788985725.8924394,baseline,14.437,1.206,11.966,1353210
2565308223260,1788985725.9024425,baseline,14.437,1.206,11.966,1356860
2565318224910,1788985725.91244,baseline,14.437,1.206,11.966,1353000
2565328223950,1788985725.9224381,baseline,14.425,1.205,11.966,1352170
2565338224850,1788985725.9324374,baseline,14.45,1.207,11.966,1350610
2565348224610,1788985725.9424386,baseline,14.437,1.206,11.966,1351820
2565358223020,1788985725.952439,baseline,14.437,1.207,11.966,1354450
2565368225140,1788985725.9624403,baseline,14.425,1.206,11.966,1353010
2565378223620,1788985725.9724364,baseline,14.437,1.206,11.966,1350780
2565388223920,1788985725.982438,baseline,14.425,1.206,11.966,1352020
2565398224250,1788985725.9924395,baseline,14.425,1.205,11.966,1352940
2565408223820,1788985726.0024438,baseline,14.437,1.206,11.966,1357640
2565418225740,1788985726.012443,baseline,14.425,1.206,11.966,1355290
2565428224030,1788985726.0224404,baseline,14.45,1.207,11.966,1354020
2565438224920,1788985726.032442,baseline,14.425,1.206,11.967,1355060
2565448224160,1788985726.0424392,baseline,14.437,1.207,11.966,1352790
2565458223350,1788985726.0524437,baseline,14.437,1.207,11.966,1358170
2565468224510,1788985726.0624385,baseline,14.425,1.206,11.966,1351530
2565478224380,1788985726.0724373,baseline,14.45,1.207,11.967,1350630
2565488224150,1788985726.0824416,baseline,14.412,1.205,11.966,1354990
2565498224490,1788985726.0924387,baseline,14.45,1.207,11.966,1352060
2565508223860,1788985726.1024404,baseline,14.437,1.206,11.967,1354340
2565518225260,1788985726.1124413,baseline,14.425,1.206,11.966,1353760
2565528224210,1788985726.12244,baseline,14.437,1.206,11.966,1353870
2565538223930,1788985726.1324408,baseline,14.425,1.206,11.966,1354630
2565548224050,1788985726.1424377,baseline,14.437,1.207,11.966,1351240
2565558223260,1788985726.15244,baseline,14.425,1.205,11.967,1354550
2565568225070,1788985726.1624393,baseline,14.437,1.207,11.966,1352870
2565578223140,1788985726.1724365,baseline,14.437,1.206,11.966,1350960
2565588224240,1788985726.182441,baseline,14.437,1.206,11.966,1354510
2565598224250,1788985726.1924393,baseline,14.437,1.206,11.966,1352800
2565608224130,1788985726.202442,baseline,14.437,1.206,11.966,1355750
2565618224570,1788985726.21244,baseline,14.45,1.207,11.966,1353250
2565628223660,1788985726.2224422,baseline,14.437,1.207,11.966,1356270
2565638223440,1788985726.2324386,baseline,14.437,1.207,11.966,1352860
2565648223590,1788985726.242438,baseline,14.425,1.206,11.966,1352160
2565658224160,1788985726.2524376,baseline,14.437,1.206,11.966,1351030
2565668225130,1788985726.2624404,baseline,14.45,1.207,11.966,1353110
2565678224120,1788985726.2724392,baseline,14.425,1.206,11.966,1352980
2565688224390,1788985726.282439,baseline,14.437,1.207,11.967,1352360
2565698223900,1788985726.2924361,baseline,14.425,1.206,11.966,1350060
2565708223340,1788985726.302437,baseline,14.45,1.207,11.966,1351370
2565718225560,1788985726.3124428,baseline,14.425,1.206,11.967,1355310
2565728224160,1788985726.3224394,baseline,14.437,1.206,11.966,1352900
2565738223870,1788985726.3324366,baseline,14.437,1.207,11.967,1350400
2565748222830,1788985726.3424368,baseline,14.437,1.206,11.966,1351740
2565758224460,1788985726.3524406,baseline,14.45,1.207,11.966,1353730
2565768224990,1788985726.3624413,baseline,14.425,1.205,11.966,1354020
2565778224140,1788985726.3724375,baseline,14.437,1.206,11.966,1351680
2565788224140,1788985726.3824391,baseline,14.425,1.206,11.966,1352700
2565798224160,1788985726.3924408,baseline,14.45,1.207,11.966,1354360
2565808223230,1788985726.4024374,baseline,14.437,1.206,11.966,1351770
2565818225340,1788985726.412443,baseline,14.425,1.206,11.966,1355300
2565828223930,1788985726.422443,baseline,14.45,1.207,11.966,1356870
2565838223570,1788985726.4324355,baseline,14.437,1.206,11.966,1349790
2565848223510,1788985726.4424398,baseline,14.437,1.207,11.966,1353830
2565858223820,1788985726.4524374,baseline,14.437,1.206,11.966,1351370
2565868225310,1788985726.4624438,baseline,14.45,1.208,11.967,1356250
2565878223380,1788985726.4724362,baseline,14.437,1.206,11.966,1350530
2565888224010,1788985726.482438,baseline,14.437,1.206,11.966,1351750
2565898223460,1788985726.4924388,baseline,14.45,1.207,11.966,1353130
2565908223520,1788985726.5024376,baseline,14.425,1.205,11.966,1351680
2565918225230,1788985726.5124424,baseline,14.45,1.207,11.966,1354890
2565928224240,1788985726.5224426,baseline,14.425,1.205,11.966,1356080
2565938223770,1788985726.5324378,baseline,14.45,1.207,11.967,1351650
2565948224160,1788985726.5424378,baseline,14.437,1.206,11.966,1351580
2565958222980,1788985726.552437,baseline,14.437,1.207,11.966,1351580
2565968225310,1788985726.5624425,baseline,14.425,1.206,11.966,1354820
2565978223860,1788985726.5724406,baseline,14.412,1.205,11.967,1354420
2565988223660,1788985726.582439,baseline,14.437,1.207,11.965,1353510
2565998225090,1788985726.5924394,baseline,14.425,1.206,11.967,1352060
2566008224520,1788985726.6024377,baseline,14.437,1.207,11.966,1350770
2566018225670,1788985726.6124406,baseline,14.437,1.206,11.966,1352740
2566028224520,1788985726.622442,baseline,14.425,1.206,11.967,1355030
2566038223490,1788985726.632438,baseline,14.437,1.206,11.966,1352190
2566048222850,1788985726.6424391,baseline,14.412,1.205,11.966,1354160
2566058223660,1788985726.6524367,baseline,14.45,1.207,11.966,1350730
2566068225440,1788985726.662442,baseline,14.437,1.206,11.966,1354180
2566078224170,1788985726.6724405,baseline,14.45,1.207,11.966,1354130
2566088223500,1788985726.682438,baseline,14.437,1.206,11.966,1352240
2566098223870,1788985726.6924362,baseline,14.437,1.206,11.966,1350020
2566108223600,1788985726.702437,baseline,14.425,1.206,11.967,1350990
2566118224430,1788985726.71244,baseline,14.425,1.206,11.966,1353480
2566128223720,1788985726.7224407,baseline,14.45,1.207,11.966,1354700
2566138223760,1788985726.7324386,baseline,14.412,1.205,11.967,1352310
2566148224410,1788985726.74244,baseline,14.437,1.206,11.966,1353240
2566158223470,1788985726.7524364,baseline,14.425,1.206,11.966,1350700
2566168224890,1788985726.7624412,baseline,14.425,1.206,11.966,1354360
2566178224840,1788985726.7724383,baseline,14.425,1.206,11.966,1350950
2566188224250,1788985726.7824392,baseline,14.425,1.206,11.966,1352890
2566198224750,1788985726.7924397,baseline,14.437,1.207,11.966,1353160
2566208223110,1788985726.8024383,baseline,14.425,1.206,11.966,1352860
2566218225650,1788985726.812439,baseline,14.437,1.206,11.966,1350940
2566228224020,1788985726.8224401,baseline,14.425,1.206,11.966,1354000
2566238224360,1788985726.8324385,baseline,14.437,1.207,11.966,1351990
2566248224060,1788985726.8424387,baseline,14.425,1.205,11.966,1352440
2566258223690,1788985726.8524375,baseline,14.425,1.206,11.966,1351750
2566268225360,1788985726.8624394,baseline,14.45,1.207,11.966,1351930
2566278224740,1788985726.872438,baseline,14.412,1.205,11.966,1351210
2566288224190,1788985726.8824394,baseline,14.437,1.206,11.966,1353100
2566298223410,1788985726.8924348,baseline,14.425,1.205,11.966,1349440
2566308223520,1788985726.9024384,baseline,14.425,1.206,11.966,1352590
2566318225550,1788985726.912441,baseline,14.45,1.207,11.966,1353390
2566328223710,1788985726.922439,baseline,14.437,1.206,11.966,1353240
2566338223460,1788985726.9324403,baseline,14.45,1.207,11.966,1354610
2566348223410,1788985726.9424386,baseline,14.412,1.205,11.967,1353050
2566358222580,1788985726.9524374,baseline,14.437,1.207,11.966,1352740
2566368224430,1788985726.9624379,baseline,14.425,1.206,11.966,1351280
2566378223320,1788985726.9724376,baseline,14.437,1.206,11.966,1351910
2566380041160,1788985726.9742908,baseline_boundary_after,14.437,1.206,11.966,1386980
2566389267390,1788985726.9841113,benchmark,14.487,1.21,11.965,1984850
2566389673560,1788985726.984354,benchmark_boundary_before,14.487,1.21,11.965,1817600
2566398250010,1788985726.9956124,benchmark,14.75,1.233,11.962,4502420
2566408253330,1788985727.0055535,benchmark,14.775,1.226,11.962,4439750
2566418249640,1788985727.0155349,benchmark,14.687,1.227,11.962,4424440
2566428246990,1788985727.0255675,benchmark,14.675,1.226,11.962,4460450
2566438247580,1788985727.035683,benchmark,14.662,1.226,11.962,4574770
2566448312800,1788985727.0457048,benchmark,14.687,1.227,11.962,4531510
2566458292310,1788985727.0556142,benchmark,14.7,1.228,11.962,4461580
2566468247740,1788985727.0655303,benchmark,14.662,1.226,11.962,4422270
2566478817260,1788985727.0761259,benchmark,14.65,1.225,11.962,4447780
2566488729440,1788985727.0861752,benchmark,14.675,1.226,11.963,4585320
2566498777580,1788985727.0961072,benchmark,14.675,1.227,11.961,4468970
2566508722340,1788985727.1061559,benchmark,14.687,1.227,11.962,4573250
2566518755050,1788985727.1161938,benchmark,14.712,1.229,11.962,4578170
2566528839170,1788985727.126186,benchmark,14.662,1.225,11.962,4485780
2566538252750,1788985727.1354873,benchmark,14.662,1.225,11.962,4374440
2566548763960,1788985727.1462128,benchmark,14.675,1.226,11.962,4587940
2566558781250,1788985727.1560678,benchmark,14.687,1.227,11.962,4426040
2566568648090,1788985727.165964,benchmark,14.687,1.227,11.962,4455370
2566578539560,1788985727.1758451,benchmark,14.687,1.228,11.961,4445150
2566588434770,1788985727.1857727,benchmark,14.675,1.227,11.962,4477720
2566598353820,1788985727.195687,benchmark,14.687,1.227,11.962,4472730
2566608268500,1788985727.2055957,benchmark,14.662,1.226,11.962,4466770
2566618248710,1788985727.215577,benchmark,14.675,1.226,11.962,4468010
2566628248430,1788985727.2256444,benchmark,14.687,1.228,11.962,4535550
2566638246950,1788985727.2355251,benchmark,14.675,1.226,11.963,4418010
2566648806610,1788985727.2461424,benchmark,14.687,1.227,11.962,4475490
2566658711560,1788985727.256144,benchmark,14.687,1.228,11.963,4572030
2566668725220,1788985727.2661452,benchmark,14.662,1.225,11.962,4559590
2566678715940,1788985727.276132,benchmark,14.675,1.226,11.962,4555720
2566688716430,1788985727.286045,benchmark,14.675,1.227,11.963,4468160
2566698595470,1788985727.2959054,benchmark,14.662,1.226,11.962,4449460
2566708496970,1788985727.3058708,benchmark,14.7,1.228,11.961,4513130
2566718447240,1788985727.3157363,benchmark,14.675,1.227,11.962,4428910
2566728317860,1788985727.3257315,benchmark,14.687,1.228,11.962,4553360
2566738296980,1788985727.335618,benchmark,14.675,1.227,11.962,4460810
2566748248280,1788985727.3455453,benchmark,14.662,1.226,11.963,4436560
2566758772940,1788985727.356226,benchmark,14.662,1.225,11.962,4592350
2566768841110,1788985727.3662553,benchmark,14.662,1.225,11.963,4553420
2566778246930,1788985727.3756478,benchmark,14.662,1.225,11.962,4540130
2566788246240,1788985727.3855855,benchmark,14.675,1.226,11.963,4479240
2566798246590,1788985727.395661,benchmark,14.675,1.226,11.962,4554110
2566808257550,1788985727.4055965,benchmark,14.662,1.226,11.962,4479070
2566818255180,1788985727.4155273,benchmark,14.662,1.226,11.962,4411960
2566828798060,1788985727.426225,benchmark,14.675,1.225,11.962,4566740
2566838821670,1788985727.436154,benchmark,14.662,1.225,11.962,4471970
2566848248950,1788985727.4455395,benchmark,14.662,1.226,11.962,4430380
2566858816000,1788985727.4561274,benchmark,14.675,1.227,11.962,4450980
2566868762610,1788985727.4661891,benchmark,14.662,1.226,11.962,4566440
2566878248410,1788985727.4755352,benchmark,14.637,1.224,11.962,4426530
2566888839790,1788985727.486325,benchmark,14.662,1.225,11.963,4625600
2566898246530,1788985727.4955323,benchmark,14.662,1.227,11.963,4425340
2566908812590,1788985727.5061612,benchmark,14.65,1.225,11.962,4488360
2566918754200,1788985727.5161781,benchmark,14.675,1.227,11.963,4564030
2566928253180,1788985727.5254633,benchmark,14.662,1.226,11.962,4349710
2566938727460,1788985727.5361543,benchmark,14.65,1.224,11.962,4566760
2566948758180,1788985727.5460756,benchmark,14.65,1.224,11.962,4457350
2566958667090,1788985727.5559673,benchmark,14.662,1.226,11.962,4439900
2566968599810,1788985727.5659344,benchmark,14.662,1.226,11.962,4474070
2566978520510,1788985727.575879,benchmark,14.675,1.227,11.962,4498200
2566988477080,1788985727.5858195,benchmark,14.675,1.226,11.963,4481530
2566998403740,1788985727.5957434,benchmark,14.65,1.225,11.962,4479420
2567008342050,1788985727.60566,benchmark,14.675,1.226,11.963,4457650
2567018250560,1788985727.6155534,benchmark,14.662,1.225,11.962,4442010
2567028248670,1788985727.6255403,benchmark,14.675,1.226,11.963,4431540
2567038742640,1788985727.63603,benchmark,14.65,1.225,11.962,4427120
2567048590810,1788985727.6458657,benchmark,14.675,1.226,11.963,4414250
2567058401360,1788985727.6556907,benchmark,14.675,1.226,11.962,4429000
2567068252440,1788985727.6656191,benchmark,14.675,1.226,11.962,4506670
2567078248720,1788985727.6755197,benchmark,14.65,1.225,11.962,4410440
2567088741450,1788985727.6861408,benchmark,14.662,1.225,11.962,4538910
2567098684300,1788985727.6960201,benchmark,14.65,1.225,11.962,4475720
2567108352720,1788985727.7064092,benchmark,14.662,1.226,11.962,5196320
2567118249790,1788985727.715511,benchmark,14.65,1.225,11.962,4400960
2567128746350,1788985727.7262068,benchmark,14.662,1.226,11.962,4600140
2567138757690,1788985727.7361324,benchmark,14.662,1.226,11.962,4514270
2567148667290,1788985727.746107,benchmark,14.662,1.225,11.962,4579660
2567158643770,1788985727.7560427,benchmark,14.675,1.226,11.962,4538420
2567168602780,1788985727.7673292,benchmark,14.662,1.225,11.962,5866920
2567178583540,1788985727.7758694,benchmark,14.662,1.23,11.962,4425140
2567188425880,1788985727.7858205,benchmark,14.675,1.226,11.962,4534340
2567198352930,1788985727.795624,benchmark,14.65,1.224,11.963,4410620
2567208247350,1788985727.8055258,benchmark,14.687,1.227,11.962,4418260
2567218740900,1788985727.8159983,benchmark,14.65,1.224,11.962,4396970
2567228553510,1788985727.8259797,benchmark,14.675,1.226,11.962,4566040
2567238520060,1788985727.835904,benchmark,14.662,1.226,11.962,4523670
2567248455850,1788985727.8457327,benchmark,14.662,1.225,11.962,4416360
2567258248410,1788985727.8555698,benchmark,14.662,1.225,11.962,4460870
2567268818130,1788985727.8661556,benchmark,14.662,1.225,11.962,4477510
2567278692210,1788985727.876011,benchmark,14.662,1.225,11.962,4458650
2567288579290,1788985727.8858728,benchmark,14.675,1.226,11.962,4433200
2567298415120,1788985727.895779,benchmark,14.662,1.225,11.962,4503240
2567308333350,1788985727.9056468,benchmark,14.662,1.226,11.963,4453150
2567318249410,1788985727.9155564,benchmark,14.65,1.225,11.962,4446500
2567328778600,1788985727.926123,benchmark,14.65,1.224,11.962,4483940
2567338666720,1788985727.9359486,benchmark,14.675,1.226,11.962,4421590
2567348507540,1788985727.9458005,benchmark,14.662,1.225,11.962,4432830
2567358335140,1788985727.9556196,benchmark,14.675,1.227,11.962,4424220
2567368250670,1788985727.9655879,benchmark,14.675,1.227,11.962,4477090
2567378813940,1788985727.9761908,benchmark,14.675,1.226,11.962,4516330
2567388796930,1788985727.9861975,benchmark,14.637,1.226,11.963,4540020
2567398761360,1788985727.9960458,benchmark,14.65,1.225,11.962,4424130
2567408609080,1788985728.0059469,benchmark,14.662,1.225,11.962,4477870
2567418493290,1788985728.0158317,benchmark,14.662,1.226,11.962,4477940
2567428392950,1788985728.0257676,benchmark,14.675,1.226,11.962,4514430
2567438309950,1788985728.0355966,benchmark,14.662,1.225,11.962,4426080
2567448247580,1788985728.045612,benchmark,14.675,1.226,11.962,4504410
2567458249860,1788985728.055486,benchmark,14.65,1.225,11.962,4375370
2567468720490,1788985728.066053,benchmark,14.65,1.224,11.962,4471980
2567478604800,1788985728.076044,benchmark,14.662,1.225,11.962,4579050
2567488626370,1788985728.0859494,benchmark,14.675,1.226,11.962,4462610
2567498490610,1788985728.0957985,benchmark,14.687,1.227,11.962,4447370
2567508369230,1788985728.1057172,benchmark,14.65,1.225,11.962,4487310
2567518250410,1788985728.1155422,benchmark,14.675,1.226,11.962,4431170
2567528791980,1788985728.1260953,benchmark,14.65,1.225,11.962,4442910
2567538626890,1788985728.1360428,benchmark,14.662,1.226,11.963,4555390
2567548605720,1788985728.1460075,benchmark,14.662,1.225,11.962,4541220
2567558564940,1788985728.1558714,benchmark,14.675,1.226,11.963,4446120
2567568432080,1788985728.1658263,benchmark,14.675,1.226,11.962,4533440
2567578354830,1788985728.1756682,benchmark,14.662,1.226,11.962,4452730
2567588248010,1788985728.1855128,benchmark,14.675,1.226,11.962,4403860
2567598725680,1788985728.1960216,benchmark,14.65,1.225,11.963,4435410
2567608583590,1788985728.2059011,benchmark,14.675,1.226,11.962,4456600
2567618444720,1788985728.215719,benchmark,14.662,1.225,11.963,4413610
2567628267980,1788985728.2255547,benchmark,14.687,1.227,11.962,4426510
2567638765510,1788985728.2360473,benchmark,14.662,1.225,11.962,4421380
2567648605970,1788985728.2459288,benchmark,14.687,1.227,11.962,4462250
2567658463680,1788985728.2557902,benchmark,14.662,1.226,11.962,4466710
2567668327460,1788985728.265647,benchmark,14.662,1.226,11.962,4459380
2567678248150,1788985728.2755492,benchmark,14.65,1.224,11.962,4440270
2567688790000,1788985728.2861295,benchmark,14.675,1.226,11.963,4478730
2567698652800,1788985728.296076,benchmark,14.65,1.225,11.962,4562550
2567708646750,1788985728.305941,benchmark,14.687,1.228,11.963,4433680
2567718480080,1788985728.315775,benchmark,14.65,1.224,11.963,4434480
2567728338850,1788985728.3256824,benchmark,14.675,1.226,11.962,4483160
2567738250250,1788985728.3355548,benchmark,14.65,1.225,11.962,4443710
2567748773710,1788985728.3460834,benchmark,14.65,1.225,11.963,4449110
2567758624520,1788985728.355943,benchmark,14.65,1.224,11.963,4457620
2567768508970,1788985728.3657866,benchmark,14.687,1.227,11.963,4417450
2567778321470,1788985728.3756554,benchmark,14.662,1.225,11.962,4473530
2567788247630,1788985728.3855135,benchmark,14.687,1.227,11.962,4405620
2567798733470,1788985728.3960035,benchmark,14.65,1.225,11.963,4409450
2567808597860,1788985728.4058125,benchmark,14.65,1.226,11.962,4355150
2567818364840,1788985728.415658,benchmark,14.65,1.225,11.962,4432540
2567828247110,1788985728.425487,benchmark,14.675,1.227,11.962,4379350
2567838746670,1788985728.4360318,benchmark,14.662,1.226,11.962,4424960
2567848597490,1788985728.4458847,benchmark,14.687,1.228,11.962,4426530
2567858419280,1788985728.4557817,benchmark,14.662,1.225,11.962,4501870
2567868344920,1788985728.4656594,benchmark,14.662,1.226,11.962,4453950
2567878246630,1788985728.475535,benchmark,14.65,1.227,11.963,4427840
2567888774100,1788985728.486106,benchmark,14.662,1.225,11.963,4471250
2567898646400,1788985728.4960573,benchmark,14.65,1.224,11.962,4550440
2567908647200,1788985728.5059319,benchmark,14.687,1.228,11.963,4424230
2567918477660,1788985728.5158815,benchmark,14.662,1.225,11.962,4543230
2567928446180,1788985728.5257459,benchmark,14.675,1.226,11.962,4438940
2567938283050,1788985728.535814,benchmark,14.662,1.226,11.962,4670720
2567948373210,1788985728.5456839,benchmark,14.65,1.226,11.963,4450170
2567958248020,1788985728.5554767,benchmark,14.662,1.224,11.962,4368360
2567968698800,1788985728.5660298,benchmark,14.662,1.225,11.963,4470550
2567978576010,1788985728.5758877,benchmark,14.7,1.228,11.962,4451320
2567988438920,1788985728.5857782,benchmark,14.662,1.225,11.962,4478660
2567998311230,1788985728.595646,benchmark,14.7,1.228,11.963,4474240
2568008249060,1788985728.6056225,benchmark,14.65,1.225,11.962,4513280
2568018249480,1788985728.6156547,benchmark,14.65,1.226,11.963,4544190
2568028249330,1788985728.6255019,benchmark,14.675,1.225,11.963,4391940
2568038718890,1788985728.6360571,benchmark,14.662,1.225,11.963,4477680
2568048617360,1788985728.6459332,benchmark,14.7,1.228,11.962,4455350
2568058470430,1788985728.6558905,benchmark,14.675,1.226,11.962,4559250
2568068450420,1788985728.66585,benchmark,14.675,1.227,11.962,4539300
2568078402250,1788985728.6757534,benchmark,14.662,1.225,11.962,4490790
2568088280520,1788985728.685547,benchmark,14.65,1.226,11.963,4406900
2568098756610,1788985728.6961322,benchmark,14.65,1.225,11.962,4515130
2568108692700,1788985728.706032,benchmark,14.662,1.226,11.962,4478840
2568118607730,1788985728.7158809,benchmark,14.675,1.227,11.962,4412850
2568128448500,1788985728.7257676,benchmark,14.662,1.225,11.962,4458570
2568138311750,1788985728.7356343,benchmark,14.7,1.228,11.963,4462570
2568148247930,1788985728.745536,benchmark,14.65,1.224,11.962,4428020
2568158753050,1788985728.756138,benchmark,14.65,1.225,11.962,4524310
2568168699690,1788985728.7660053,benchmark,14.662,1.225,11.962,4445130
2568178559730,1788985728.7758708,benchmark,14.675,1.227,11.962,4450160
2568188439200,1788985728.7857218,benchmark,14.662,1.226,11.963,4422450
2568198246610,1788985728.7955594,benchmark,14.675,1.226,11.962,4452620
2568208811180,1788985728.8061619,benchmark,14.675,1.226,11.963,4490550
2568218703950,1788985728.8161325,benchmark,14.662,1.225,11.963,4568610
2568228691750,1788985728.826207,benchmark,14.65,1.226,11.962,4654750
2568238752010,1788985728.8360517,benchmark,14.637,1.224,11.962,4438720
2568248617460,1788985728.8459005,benchmark,14.662,1.226,11.962,4422650
2568258439820,1788985728.8558648,benchmark,14.662,1.225,11.962,4565120
2568268418450,1788985728.8658438,benchmark,14.65,1.225,11.962,4564880
2568278383660,1788985728.8758144,benchmark,14.687,1.227,11.962,4570140
2568288370830,1788985728.8856602,benchmark,14.637,1.224,11.963,4428760
2568298249520,1788985728.895621,benchmark,14.662,1.225,11.963,4511110
2568308251280,1788985728.9063263,benchmark,14.662,1.225,11.961,5214530
2568318248660,1788985728.915522,benchmark,14.65,1.225,11.963,4412870
2568328256810,1788985728.925574,benchmark,14.675,1.227,11.962,4456740
2568338812330,1788985728.9361303,benchmark,14.675,1.227,11.963,4457070
2568348687470,1788985728.9460804,benchmark,14.662,1.225,11.962,4532550
2568358628120,1788985728.956029,benchmark,14.675,1.226,11.962,4540280
2568368598360,1788985728.9660132,benchmark,14.662,1.225,11.962,4554380
2568378571210,1788985728.9758809,benchmark,14.65,1.225,11.962,4448930
2568388442330,1788985728.9857385,benchmark,14.675,1.226,11.962,4435410
2568398268280,1788985728.9956887,benchmark,14.662,1.226,11.962,4559810
2568408249630,1788985729.0054986,benchmark,14.675,1.226,11.963,4388880
2568418716580,1788985729.016002,benchmark,14.662,1.225,11.962,4424910
2568428585240,1788985729.025904,benchmark,14.662,1.226,11.962,4458100
2568438447960,1788985729.0357218,benchmark,14.65,1.225,11.962,4413280
2568448279100,1788985729.0456765,benchmark,14.662,1.225,11.963,4537010
2568458247830,1788985729.0554805,benchmark,14.662,1.225,11.963,4372300
2568468697740,1788985729.0660074,benchmark,14.675,1.227,11.962,4449240
2568478536290,1788985729.075923,benchmark,14.637,1.224,11.962,4526080
2568488478560,1788985729.0857685,benchmark,14.7,1.228,11.962,4428800
2568498302690,1788985729.0955815,benchmark,14.65,1.224,11.962,4418480
2568508827050,1788985729.1061144,benchmark,14.662,1.225,11.962,4426630
2568518527160,1788985729.1159415,benchmark,14.662,1.225,11.962,4554730
2568528498380,1788985729.1260333,benchmark,14.687,1.227,11.963,4674400
2568538574920,1788985729.1358867,benchmark,14.662,1.226,11.962,4451330
2568548435790,1788985729.1457472,benchmark,14.662,1.225,11.962,4450960
2568558274710,1788985729.1557102,benchmark,14.675,1.226,11.962,4575340
2568568251470,1788985729.1655595,benchmark,14.637,1.223,11.962,4448110
2568578762300,1788985729.176086,benchmark,14.662,1.225,11.962,4464170
2568588644990,1788985729.1859508,benchmark,14.662,1.225,11.963,4445410
2568598494550,1788985729.1957836,benchmark,14.662,1.226,11.962,4428790
2568608330940,1788985729.205618,benchmark,14.675,1.227,11.962,4426460
2568618249860,1788985729.2155008,benchmark,14.662,1.226,11.962,4390560
2568628730650,1788985729.2261457,benchmark,14.662,1.226,11.962,4554790
2568638697660,1788985729.2359617,benchmark,14.662,1.225,11.961,4403470
2568648517380,1788985729.2457957,benchmark,14.65,1.226,11.963,4417970
2568658331800,1788985729.2556617,benchmark,14.662,1.225,11.962,4469700
2568668249870,1788985729.2655246,benchmark,14.675,1.226,11.963,4414730
2568678740160,1788985729.2761571,benchmark,14.675,1.227,11.962,4556300
2568688710120,1788985729.2860217,benchmark,14.662,1.225,11.963,4451140
2568698569150,1788985729.2959883,benchmark,14.687,1.227,11.962,4558720
2568708555590,1788985729.305984,benchmark,14.65,1.224,11.962,4568150
2568718523920,1788985729.3157973,benchmark,14.662,1.225,11.963,4412600
2568728354230,1788985729.3257515,benchmark,14.662,1.226,11.963,4537030
2568738277920,1788985729.3356135,benchmark,14.662,1.225,11.962,4475240
2568748247500,1788985729.3457353,benchmark,14.687,1.227,11.962,4627660
2568758253070,1788985729.355603,benchmark,14.675,1.226,11.962,4489420
2568768250330,1788985729.3656278,benchmark,14.662,1.225,11.962,4517010
2568778246810,1788985729.3755186,benchmark,14.662,1.226,11.963,4410900
2568788737370,1788985729.3860626,benchmark,14.662,1.225,11.962,4465420
2568798620920,1788985729.3959,benchmark,14.65,1.226,11.963,4418430
2568808461210,1788985729.4057796,benchmark,14.662,1.225,11.962,4457950
2568818321440,1788985729.4156268,benchmark,14.675,1.226,11.962,4445010
2568828254590,1788985729.4255567,benchmark,14.662,1.225,11.962,4442260
2568838250960,1788985729.4354396,benchmark,14.687,1.228,11.962,4328440
2568848701400,1788985729.4460115,benchmark,14.675,1.226,11.963,4449570
2568858551030,1788985729.4559352,benchmark,14.662,1.225,11.962,4523840
2568868502820,1788985729.4659092,benchmark,14.662,1.226,11.963,4545840
2568878446990,1788985729.4757283,benchmark,14.65,1.224,11.962,4421100
2568888275100,1788985729.4855452,benchmark,14.675,1.227,11.962,4409600
2568898770960,1788985729.496045,benchmark,14.65,1.225,11.962,4413630
2568908609100,1788985729.505901,benchmark,14.675,1.227,11.962,4432200
2568918443160,1788985729.5158687,benchmark,14.662,1.225,11.962,4565640
2568928569400,1788985729.5258725,benchmark,14.662,1.226,11.962,4442650
2568938410010,1788985729.53571,benchmark,14.662,1.225,11.962,4439270
2568948277080,1788985729.5455828,benchmark,14.662,1.226,11.962,4445030
2568958811300,1788985729.5561118,benchmark,14.662,1.226,11.962,4439850
2568968672140,1788985729.5661035,benchmark,14.662,1.225,11.962,4571490
2568978653900,1788985729.5759559,benchmark,14.687,1.228,11.963,4442270
2568988513570,1788985729.585816,benchmark,14.65,1.225,11.962,4442060
2568998350100,1788985729.5956416,benchmark,14.662,1.226,11.962,4432080
2569008250050,1788985729.6056066,benchmark,14.675,1.225,11.962,4496370
2569018835050,1788985729.6161149,benchmark,14.687,1.227,11.963,4419500
2569028667340,1788985729.6260552,benchmark,14.65,1.225,11.962,4527650
2569038572320,1788985729.635892,benchmark,14.675,1.227,11.963,4459380
2569048452040,1788985729.6457582,benchmark,14.662,1.226,11.962,4445970
2569058293360,1788985729.6555674,benchmark,14.675,1.227,11.963,4413630
2569068813570,1788985729.6661112,benchmark,14.662,1.226,11.962,4436990
2569078654590,1788985729.6759834,benchmark,14.662,1.226,11.963,4468120
2569088251100,1788985729.685221,benchmark,14.662,1.225,11.962,4109300
2569098428420,1788985729.6957023,benchmark,14.662,1.226,11.962,4413520
2569108246530,1788985729.705529,benchmark,14.662,1.225,11.962,4422280
2569118722580,1788985729.7159932,benchmark,14.687,1.227,11.962,4410450
2569128564470,1788985729.725965,benchmark,14.65,1.225,11.962,4540470
2569138508860,1788985729.7358153,benchmark,14.687,1.227,11.962,4445490
2569148346840,1788985729.7456338,benchmark,14.662,1.225,11.962,4426600
2569158247470,1788985729.7554958,benchmark,14.675,1.227,11.962,4388080
2569168726270,1788985729.7660306,benchmark,14.662,1.224,11.962,4443650
2569178561030,1788985729.7739623,benchmark,14.675,1.227,11.962,2543220
2569189742150,1788985729.7893922,benchmark,14.775,1.281,11.952,6791780
2569198816550,1788985729.79709,benchmark,15.325,1.281,11.96,5414700
2569208285820,1788985729.805567,benchmark,14.887,1.244,11.962,4421640
2569218744230,1788985729.816007,benchmark,14.662,1.225,11.962,4402230
2569228577700,1788985729.826089,benchmark,14.65,1.225,11.962,4650610
2569238404090,1788985729.8357031,benchmark,14.687,1.227,11.963,4438180
2569248247720,1788985729.8455,benchmark,14.662,1.225,11.962,4391840
2569258692380,1788985729.8561115,benchmark,14.687,1.227,11.962,4559040
2569268662110,1788985729.8660555,benchmark,14.65,1.225,11.962,4532760
2569278587020,1788985729.8759735,benchmark,14.675,1.225,11.962,4525870
2569288512240,1788985729.8858998,benchmark,14.65,1.225,11.962,4527290
2569298427310,1788985729.8957038,benchmark,14.675,1.226,11.962,4416310
2569308247670,1788985729.9054854,benchmark,14.65,1.225,11.962,4377780
2569318693360,1788985729.9159763,benchmark,14.7,1.228,11.962,4422620
2569328524880,1788985729.9258068,benchmark,14.662,1.226,11.962,4421960
2569338338040,1788985729.935718,benchmark,14.687,1.227,11.963,4519880
2569348250540,1788985729.9455588,benchmark,14.662,1.225,11.962,4447580
2569358754110,1788985729.9560387,benchmark,14.65,1.224,11.962,4424320
2569368637470,1788985729.9659424,benchmark,14.65,1.224,11.963,4444490
2569378487500,1788985729.9757967,benchmark,14.675,1.227,11.962,4449010
2569388358550,1788985729.9857562,benchmark,14.662,1.226,11.962,4537580
2569398293900,1788985729.9956048,benchmark,14.687,1.227,11.962,4450690
2569408248550,1788985730.0055175,benchmark,14.662,1.226,11.962,4408320
2569418735030,1788985730.0160396,benchmark,14.662,1.225,11.962,4444480
2569428605360,1788985730.0259206,benchmark,14.65,1.225,11.962,4454260
2569438462990,1788985730.0357857,benchmark,14.662,1.225,11.962,4462440
2569448346400,1788985730.0456352,benchmark,14.662,1.225,11.962,4428010
2569458249210,1788985730.0556357,benchmark,14.675,1.226,11.963,4526220
2569468250030,1788985730.0654993,benchmark,14.675,1.226,11.962,4389160
2569478715870,1788985730.0759962,benchmark,14.662,1.225,11.962,4420090
2569488568820,1788985730.08585,benchmark,14.662,1.226,11.962,4421160
2569498392380,1788985730.0956957,benchmark,14.662,1.225,11.962,4442790
2569508249840,1788985730.1055539,benchmark,14.65,1.225,11.962,4443820
2569518771350,1788985730.1160855,benchmark,14.662,1.225,11.961,4453360
2569528647370,1788985730.1259613,benchmark,14.675,1.226,11.962,4453310
2569538503150,1788985730.135805,benchmark,14.675,1.226,11.962,4441340
2569548369810,1788985730.145657,benchmark,14.675,1.227,11.962,4426930
2569558248290,1788985730.155632,benchmark,14.65,1.225,11.962,4523540
2569568251190,1788985730.16555,benchmark,14.65,1.225,11.963,4438720
2569578770890,1788985730.176159,benchmark,14.65,1.225,11.962,4527330
2569588721040,1788985730.186114,benchmark,14.675,1.227,11.963,4532640
2569598654990,1788985730.1959305,benchmark,14.662,1.225,11.962,4414880
2569608490120,1788985730.2058866,benchmark,14.675,1.227,11.962,4536000
2569618433050,1788985730.2158608,benchmark,14.662,1.226,11.962,4566960
2569628400970,1788985730.2257297,benchmark,14.662,1.225,11.962,4468700
2569638253520,1788985730.2356677,benchmark,14.662,1.225,11.962,4553780
2569648248940,1788985730.2456021,benchmark,14.65,1.225,11.962,4492500
2569658246260,1788985730.2555418,benchmark,14.662,1.225,11.962,4435410
2569668772730,1788985730.2660365,benchmark,14.675,1.227,11.963,4403720
2569678613290,1788985730.2758913,benchmark,14.662,1.226,11.962,4417840
2569688448270,1788985730.285747,benchmark,14.687,1.227,11.962,4438370
2569698279220,1788985730.2955968,benchmark,14.662,1.226,11.962,4456970
2569708250960,1788985730.3055582,benchmark,14.662,1.225,11.962,4447140
2569718781400,1788985730.3161752,benchmark,14.65,1.225,11.962,4533240
2569728718070,1788985730.3261712,benchmark,14.675,1.227,11.962,4592660
2569738719530,1788985730.3359997,benchmark,14.662,1.226,11.962,4419880
2569748568840,1788985730.345847,benchmark,14.675,1.227,11.962,4417610
2569758389360,1788985730.3558125,benchmark,14.662,1.226,11.962,4562720
2569768369530,1788985730.3657172,benchmark,14.662,1.226,11.963,4487370
2569778249020,1788985730.375531,benchmark,14.675,1.225,11.962,4422220
2569788771910,1788985730.3860912,benchmark,14.65,1.225,11.963,4459140
2569798636850,1788985730.3959234,benchmark,14.675,1.227,11.963,4426320
2569808483270,1788985730.4057713,benchmark,14.662,1.225,11.962,4427410
2569818314550,1788985730.4156702,benchmark,14.675,1.227,11.962,4495340
2569828250030,1788985730.4254887,benchmark,14.675,1.226,11.962,4378730
2569838705850,1788985730.43604,benchmark,14.675,1.227,11.963,4474280
2569848612520,1788985730.445905,benchmark,14.65,1.225,11.962,4431640
2569858444540,1788985730.4557111,benchmark,14.662,1.226,11.962,4406050
2569868250550,1788985730.4655616,benchmark,14.662,1.225,11.963,4451410
2569878792010,1788985730.4761698,benchmark,14.687,1.227,11.962,4517470
2569888734150,1788985730.4860132,benchmark,14.65,1.225,11.962,4418550
2569898562230,1788985730.4958735,benchmark,14.675,1.227,11.962,4451020
2569908433280,1788985730.5058372,benchmark,14.662,1.225,11.962,4544260
2569918377820,1788985730.5157046,benchmark,14.65,1.226,11.963,4466160
2569928249140,1788985730.5255668,benchmark,14.65,1.224,11.962,4457170
2569938771200,1788985730.5359528,benchmark,14.687,1.228,11.962,4322260
2569948641780,1788985730.5459502,benchmark,14.662,1.225,11.962,4448110
2569958483820,1788985730.5558321,benchmark,14.675,1.227,11.963,4487950
2569968387930,1788985730.5657306,benchmark,14.65,1.225,11.962,4481980
2569978248130,1788985730.5756345,benchmark,14.675,1.227,11.962,4526100
2569988248980,1788985730.5855162,benchmark,14.65,1.226,11.962,4407210
2569998718620,1788985730.59598,benchmark,14.65,1.224,11.962,4400900
2570008536850,1788985730.605816,benchmark,14.65,1.225,11.962,4418800
2570018347020,1788985730.615661,benchmark,14.687,1.228,11.962,4453650
2570028249230,1788985730.6255157,benchmark,14.65,1.225,11.962,4406100
2570038716700,1788985730.6359828,benchmark,14.687,1.227,11.963,4405700
2570048248550,1788985730.6452029,benchmark,14.662,1.225,11.962,4094030
2570058403030,1788985730.6557596,benchmark,14.662,1.226,11.963,4496500
2570068314380,1788985730.6657116,benchmark,14.65,1.224,11.962,4537050
2570078247370,1788985730.6755009,benchmark,14.662,1.226,11.962,4393200
2570088705250,1788985730.6859937,benchmark,14.65,1.225,11.962,4428550
2570098521800,1788985730.6958284,benchmark,14.675,1.227,11.962,4446530
2570108380290,1788985730.705681,benchmark,14.662,1.226,11.962,4440740
2570118247810,1788985730.7155433,benchmark,14.675,1.226,11.962,4435180
2570128777260,1788985730.72609,benchmark,14.662,1.224,11.963,4452860
2570138620510,1788985730.7358806,benchmark,14.675,1.226,11.962,4399680
2570148469510,1788985730.745745,benchmark,14.637,1.224,11.962,4414830
2570158277720,1788985730.7557914,benchmark,14.675,1.227,11.963,4653860
2570168353650,1788985730.7656717,benchmark,14.65,1.225,11.962,4457360
2570178247560,1788985730.775481,benchmark,14.687,1.227,11.962,4373170
2570188718360,1788985730.7860541,benchmark,14.662,1.225,11.962,4475150
2570198599570,1788985730.7959049,benchmark,14.662,1.225,11.963,4444720
2570208476110,1788985730.8057816,benchmark,14.65,1.225,11.962,4445210
2570218321410,1788985730.8155863,benchmark,14.675,1.226,11.963,4404120
2570228249400,1788985730.825533,benchmark,14.662,1.225,11.962,4423280
2570238756570,1788985730.8360531,benchmark,14.662,1.226,11.962,4436410
2570248604770,1788985730.8458905,benchmark,14.65,1.225,11.962,4425450
2570258442640,1788985730.8557606,benchmark,14.675,1.226,11.962,4457550
2570268318620,1788985730.8656254,benchmark,14.65,1.226,11.962,4446310
2570278247690,1788985730.8756368,benchmark,14.662,1.225,11.962,4528530
2570288249710,1788985730.8855827,benchmark,14.662,1.226,11.963,4471970
2570298252560,1788985730.8955016,benchmark,14.662,1.225,11.962,4388540
2570308714520,1788985730.90611,benchmark,14.675,1.226,11.962,4534980
2570318656260,1788985730.91592,benchmark,14.675,1.226,11.962,4403350
2570328480690,1788985730.9258127,benchmark,14.675,1.226,11.962,4471710
2570338355340,1788985730.935778,benchmark,14.662,1.226,11.962,4562150
2570348335150,1788985730.945587,benchmark,14.65,1.224,11.963,4391560
2570358814970,1788985730.9561574,benchmark,14.675,1.226,11.962,4482230
2570368722490,1788985730.9660127,benchmark,14.675,1.227,11.962,4429840
2570378561700,1788985730.9758725,benchmark,14.675,1.227,11.962,4450310
2570388430430,1788985730.9857445,benchmark,14.662,1.225,11.962,4453650
2570398280690,1788985730.995735,benchmark,14.662,1.226,11.963,4593860
2570408330660,1788985731.0056505,benchmark,14.65,1.225,11.962,4459410
2570418248020,1788985731.015564,benchmark,14.662,1.225,11.962,4455590
2570428815490,1788985731.026106,benchmark,14.662,1.226,11.962,4430100
2570438648190,1788985731.0359168,benchmark,14.687,1.227,11.962,4408350
2570448475350,1788985731.0457647,benchmark,14.662,1.225,11.962,4428930
2570458294430,1788985731.055683,benchmark,14.687,1.227,11.963,4528370
2570468247150,1788985731.0655177,benchmark,14.662,1.225,11.963,4409670
2570478741320,1788985731.0761342,benchmark,14.637,1.225,11.963,4533010
2570488689940,1788985731.0859597,benchmark,14.662,1.225,11.962,4409250
2570498497300,1788985731.0958798,benchmark,14.675,1.227,11.962,4521740
2570508451610,1788985731.105733,benchmark,14.687,1.228,11.963,4421380
2570518248890,1788985731.1155272,benchmark,14.662,1.225,11.962,4417820
2570528764570,1788985731.1261847,benchmark,14.675,1.227,11.962,4559600
2570538723800,1788985731.1359859,benchmark,14.65,1.225,11.962,4401290
2570548558330,1788985731.1458907,benchmark,14.662,1.226,11.962,4471530
2570558430160,1788985731.155734,benchmark,14.65,1.224,11.963,4443650
2570568283030,1788985731.1655946,benchmark,14.687,1.227,11.962,4451010
2570578827870,1788985731.1760912,benchmark,14.675,1.226,11.962,4402930
2570588642900,1788985731.1859813,benchmark,14.687,1.227,11.962,4477830
2570598526260,1788985731.1958313,benchmark,14.662,1.226,11.962,4444400
2570608389080,1788985731.2058046,benchmark,14.662,1.225,11.962,4555340
2570618349690,1788985731.2156172,benchmark,14.65,1.226,11.963,4406820
2570628249850,1788985731.2256234,benchmark,14.662,1.225,11.962,4513370
2570638247500,1788985731.2356193,benchmark,14.675,1.226,11.963,4511210
2570648613480,1788985731.2459111,benchmark,14.662,1.226,11.963,4437340
2570658442810,1788985731.2556963,benchmark,14.65,1.225,11.962,4393030
2570668244970,1788985731.2655199,benchmark,14.687,1.228,11.962,4414940
2570678808700,1788985731.2761035,benchmark,14.65,1.224,11.962,4434310
2570688642510,1788985731.28595,benchmark,14.662,1.224,11.962,4447260
2570698479070,1788985731.295866,benchmark,14.662,1.225,11.962,4526540
2570708412450,1788985731.305865,benchmark,14.675,1.227,11.962,4592430
2570718418900,1788985731.3156993,benchmark,14.662,1.226,11.962,4420020
2570728268720,1788985731.3255212,benchmark,14.687,1.227,11.962,4391780
2570738744590,1788985731.336009,benchmark,14.675,1.226,11.962,4404230
2570748567660,1788985731.3459136,benchmark,14.662,1.226,11.963,4485430
2570758463910,1788985731.3558817,benchmark,14.65,1.226,11.962,4558060
2570768428080,1788985731.365719,benchmark,14.662,1.226,11.962,4431260
2570778246610,1788985731.375646,benchmark,14.662,1.226,11.962,4539070
2570788248320,1788985731.385654,benchmark,14.675,1.226,11.962,4545310
2570798248550,1788985731.3955567,benchmark,14.662,1.226,11.962,4448070
2570808802410,1788985731.406144,benchmark,14.662,1.225,11.962,4481410
2570818676760,1788985731.4159808,benchmark,14.675,1.226,11.962,4443950
2570828256520,1788985731.4252205,benchmark,14.65,1.225,11.962,4104310
2570838436630,1788985731.4357004,benchmark,14.65,1.224,11.963,4403890
2570848409690,1788985731.4457176,benchmark,14.662,1.226,11.962,4447360
2570858282210,1788985731.4555914,benchmark,14.687,1.227,11.962,4448720
2570868250310,1788985731.4655213,benchmark,14.687,1.228,11.963,4410590
2570878749540,1788985731.476031,benchmark,14.65,1.225,11.962,4421340
2570888621080,1788985731.4859006,benchmark,14.675,1.226,11.962,4419540
2570898444460,1788985731.495725,benchmark,14.65,1.226,11.962,4420290
2570908281390,1788985731.5055854,benchmark,14.662,1.225,11.962,4444280
2570918821970,1788985731.516109,benchmark,14.662,1.225,11.963,4426980
2570928697210,1788985731.5260515,benchmark,14.687,1.227,11.962,4494280
2570938589060,1788985731.5359268,benchmark,14.65,1.225,11.962,4477690
2570948487550,1788985731.5459127,benchmark,14.7,1.228,11.963,4565040
2570958453440,1788985731.5557287,benchmark,14.662,1.225,11.962,4415120
2570968271490,1788985731.5659146,benchmark,14.65,1.225,11.963,4782960
2570978454870,1788985731.575783,benchmark,14.662,1.226,11.962,4468200
2570988362190,1788985731.5857642,benchmark,14.662,1.226,11.962,4541800
2570998299060,1788985731.5955832,benchmark,14.675,1.227,11.962,4424110
2571008247430,1788985731.6056058,benchmark,14.675,1.226,11.962,4498380
2571018247740,1788985731.61561,benchmark,14.65,1.225,11.962,4502000
2571028248990,1788985731.6255312,benchmark,14.662,1.225,11.962,4421830
2571038746590,1788985731.6361268,benchmark,14.65,1.226,11.962,4519900
2571048682050,1788985731.6461906,benchmark,14.662,1.225,11.963,4648090
2571058733770,1788985731.6560695,benchmark,14.675,1.226,11.962,4475430
2571068630480,1788985731.6659138,benchmark,14.675,1.226,11.963,4423120
2571078449200,1788985731.6757228,benchmark,14.675,1.226,11.963,4413550
2571088266850,1788985731.6856277,benchmark,14.675,1.226,11.963,4500590
2571098247320,1788985731.6955178,benchmark,14.65,1.225,11.963,4410210
2571108747920,1788985731.7060513,benchmark,14.662,1.226,11.962,4443720
2571118621080,1788985731.71602,benchmark,14.662,1.225,11.962,4538990
2571128586290,1788985731.72601,benchmark,14.675,1.226,11.962,4563760
2571138559110,1788985731.7358892,benchmark,14.675,1.226,11.963,4469910
2571148431100,1788985731.7457223,benchmark,14.675,1.227,11.962,4431000
2571158247490,1788985731.755503,benchmark,14.687,1.227,11.962,4395090
2571168733150,1788985731.766714,benchmark,14.675,1.226,11.962,5120900
2571178586690,1788985731.7758555,benchmark,14.65,1.227,11.962,4408580
2571188415770,1788985731.7857172,benchmark,14.675,1.225,11.962,4441290
2571198246680,1788985731.7955499,benchmark,14.662,1.225,11.962,4442980
2571208775190,1788985731.8061671,benchmark,14.687,1.227,11.963,4531300
2571218705770,1788985731.8166747,benchmark,14.662,1.225,11.962,5108460
2571228569350,1788985731.825881,benchmark,14.687,1.227,11.962,4451780
2571238446290,1788985731.8357198,benchmark,14.65,1.224,11.962,4413630
2571248297960,1788985731.84556,benchmark,14.675,1.226,11.962,4401640
2571258787240,1788985731.8560665,benchmark,14.65,1.224,11.962,4418870
2571268622010,1788985731.8659072,benchmark,14.662,1.226,11.963,4425010
2571278447400,1788985731.8757207,benchmark,14.662,1.226,11.962,4413120
2571288248430,1788985731.8855262,benchmark,14.662,1.226,11.962,4417310
2571298741510,1788985731.896055,benchmark,14.675,1.226,11.962,4453280
2571308633930,1788985731.905915,benchmark,14.662,1.225,11.962,4420840
2571318457270,1788985731.915831,benchmark,14.675,1.225,11.962,4513420
2571328389730,1788985731.925719,benchmark,14.662,1.225,11.962,4469400
2571338246790,1788985731.9356444,benchmark,14.662,1.226,11.963,4537520
2571348248900,1788985731.945553,benchmark,14.687,1.227,11.962,4444530
2571358776050,1788985731.9560647,benchmark,14.662,1.226,11.962,4428120
2571368621930,1788985731.9659414,benchmark,14.687,1.228,11.963,4459320
2571378520860,1788985731.9758255,benchmark,14.662,1.225,11.962,4444620
2571388375090,1788985731.9857674,benchmark,14.675,1.226,11.962,4532600
2571398247940,1788985731.9949656,benchmark,14.662,1.225,11.962,3857140
2571408248290,1788985732.0055046,benchmark,14.65,1.225,11.962,4395800
2571418717690,1788985732.0160077,benchmark,14.662,1.226,11.963,4429580
2571428568290,1788985732.025857,benchmark,14.675,1.227,11.962,4428360
2571438393530,1788985732.035673,benchmark,14.675,1.226,11.963,4418920
2571448255500,1788985732.0455573,benchmark,14.687,1.227,11.963,4441100
2571458756590,1788985732.0560563,benchmark,14.662,1.225,11.963,4439890
2571468615970,1788985732.0659246,benchmark,14.662,1.226,11.963,4448470
2571478470430,1788985732.0758457,benchmark,14.65,1.224,11.962,4515040
2571488391660,1788985732.0856972,benchmark,14.687,1.228,11.963,4445010
2571498245970,1788985732.0955307,benchmark,14.662,1.226,11.962,4424380
2571508788580,1788985732.106123,benchmark,14.687,1.227,11.963,4474540
2571518669410,1788985732.115949,benchmark,14.662,1.225,11.962,4419110
2571528511380,1788985732.1258209,benchmark,14.662,1.225,11.962,4449270
2571538460750,1788985732.1357226,benchmark,14.662,1.225,11.962,4401950
2571548297670,1788985732.1455991,benchmark,14.675,1.227,11.962,4440720
2571558823070,1788985732.1560936,benchmark,14.675,1.226,11.962,4410210
2571568632330,1788985732.1659224,benchmark,14.687,1.227,11.962,4429920
2571578461890,1788985732.1757581,benchmark,14.687,1.227,11.962,4435520
2571588313760,1788985732.1857128,benchmark,14.687,1.227,11.962,4538730
2571598245550,1788985732.1954906,benchmark,14.687,1.227,11.962,4384350
2571608716710,1788985732.206055,benchmark,14.687,1.226,11.962,4477480
2571618594500,1788985732.2159843,benchmark,14.675,1.227,11.962,4529900
2571628542520,1788985732.2258255,benchmark,14.7,1.228,11.962,4423200
2571638385640,1788985732.235805,benchmark,14.687,1.227,11.962,4558970
2571648359840,1788985732.2457733,benchmark,14.687,1.228,11.962,4553190
2571658302060,1788985732.2556534,benchmark,14.687,1.227,11.962,4490950
2571668249250,1788985732.2656355,benchmark,14.662,1.226,11.962,4526170
2571678246790,1788985732.2755263,benchmark,14.662,1.227,11.962,4419450
2571688762200,1788985732.286135,benchmark,14.687,1.227,11.963,4512240
2571698662120,1788985732.296063,benchmark,14.687,1.228,11.962,4540330
2571708620180,1788985732.3059406,benchmark,14.7,1.228,11.963,4460220
2571718475920,1788985732.3159206,benchmark,14.687,1.227,11.962,4585200
2571728483530,1788985732.325772,benchmark,14.675,1.226,11.962,4428420
2571738300420,1788985732.3355787,benchmark,14.687,1.227,11.962,4417520
2571748824110,1788985732.3461418,benchmark,14.687,1.226,11.963,4456910
2571758693050,1788985732.3559818,benchmark,14.675,1.227,11.962,4428110
2571768562130,1788985732.3658688,benchmark,14.7,1.228,11.962,4446740
2571778398470,1788985732.3757117,benchmark,14.687,1.227,11.962,4452780
2571788262870,1788985732.3855975,benchmark,14.7,1.229,11.962,4474150
2571798829520,1788985732.3961504,benchmark,14.675,1.226,11.962,4460330
2571808690080,1788985732.4059668,benchmark,14.687,1.227,11.962,4416700
2571818504500,1788985732.41581,benchmark,14.675,1.226,11.962,4445150
2571828363030,1788985732.4256492,benchmark,14.687,1.228,11.962,4425570
2571838247470,1788985732.4354806,benchmark,14.675,1.227,11.962,4372460
2571848713030,1788985732.4460485,benchmark,14.7,1.229,11.962,4475030
2571858588420,1788985732.4560146,benchmark,14.675,1.227,11.962,4566200
2571868582760,1788985732.4659033,benchmark,14.675,1.226,11.962,4460210
2571878437950,1788985732.475708,benchmark,14.687,1.227,11.962,4409640
2571888247660,1788985732.485554,benchmark,14.675,1.226,11.962,4446100
2571898806260,1788985732.4961078,benchmark,14.662,1.225,11.962,4440970
2571908651550,1788985732.5059714,benchmark,14.675,1.227,11.962,4459720
2571918514990,1788985732.5158336,benchmark,14.675,1.227,11.962,4458310
2571928389630,1788985732.525704,benchmark,14.675,1.226,11.962,4454530
2571938247600,1788985732.5355446,benchmark,14.675,1.226,11.962,4437100
2571948794320,1788985732.5461996,benchmark,14.662,1.224,11.962,4544770
2571958740890,1788985732.5560076,benchmark,14.65,1.226,11.962,4406580
2571968599050,1788985732.565884,benchmark,14.662,1.225,11.962,4425280
2571978426760,1788985732.5757086,benchmark,14.675,1.227,11.962,4421370
2571988261940,1788985732.585575,benchmark,14.675,1.226,11.962,4452870
2571998283170,1788985732.595733,benchmark,14.675,1.226,11.962,4589940
2572008259840,1788985732.6050038,benchmark,14.762,1.234,11.96,3884060
2572018249500,1788985732.6156204,benchmark,14.675,1.226,11.962,4510760
2572028250930,1788985732.625552,benchmark,14.65,1.226,11.962,4441200
2572038768950,1788985732.6360474,benchmark,14.65,1.225,11.962,4417990
2572048611930,1788985732.6459126,benchmark,14.687,1.228,11.962,4439670
2572058243790,1788985732.6555135,benchmark,14.65,1.225,11.962,4410390
2572068765040,1788985732.6660964,benchmark,14.662,1.226,11.961,4470930
2572078634780,1788985732.6760478,benchmark,14.675,1.226,11.962,4552570
2572088581230,1788985732.6859157,benchmark,14.675,1.226,11.962,4474220
2572098444910,1788985732.6957107,benchmark,14.662,1.226,11.963,4405200
2572108249970,1788985732.7055311,benchmark,14.662,1.226,11.963,4420960
2572118733900,1788985732.7160325,benchmark,14.675,1.226,11.962,4438540
2572128587670,1788985732.725911,benchmark,14.662,1.226,11.962,4463010
2572138479630,1788985732.7357898,benchmark,14.687,1.227,11.962,4450510
2572148348630,1788985732.7456236,benchmark,14.662,1.226,11.962,4414500
2572158249400,1788985732.755544,benchmark,14.65,1.225,11.962,4435010
2572168769030,1788985732.7661917,benchmark,14.662,1.225,11.962,4562090
2572178727630,1788985732.7760077,benchmark,14.662,1.226,11.962,4419590
2572188539810,1788985732.7858381,benchmark,14.7,1.228,11.963,4438340
2572198364470,1788985732.795679,benchmark,14.662,1.225,11.962,4454240
2572208249670,1788985732.8055513,benchmark,14.687,1.227,11.962,4441730
2572218754230,1788985732.8168457,benchmark,14.662,1.226,11.962,5230450
2572228736400,1788985732.8260522,benchmark,14.662,1.225,11.962,4455310
2572238587120,1788985732.8358893,benchmark,14.65,1.225,11.962,4442220
2572248431860,1788985732.845697,benchmark,14.687,1.227,11.962,4404330
2572258249090,1788985732.8554888,benchmark,14.662,1.225,11.962,4379440
2572268697130,1788985732.86597,benchmark,14.675,1.227,11.962,4412690
2572278520490,1788985732.875906,benchmark,14.675,1.226,11.963,4525490
2572288480620,1788985732.8857546,benchmark,14.662,1.225,11.962,4413980
2572298263430,1788985732.8955944,benchmark,14.662,1.225,11.962,4470550
2572308833540,1788985732.9061847,benchmark,14.675,1.225,11.962,4491690
2572318722420,1788985732.9161015,benchmark,14.675,1.226,11.962,4518890
2572328635430,1788985732.9260213,benchmark,14.687,1.227,11.962,4525810
2572338555750,1788985732.9358804,benchmark,14.662,1.225,11.963,4464480
2572348465140,1788985732.945926,benchmark,14.675,1.227,11.962,4600690
2572358464740,1788985732.955774,benchmark,14.65,1.225,11.962,4449470
2572368322750,1788985732.9656384,benchmark,14.662,1.225,11.962,4455050
2572378248850,1788985732.9756198,benchmark,14.662,1.226,11.962,4510880
2572388249440,1788985732.9854918,benchmark,14.65,1.225,11.963,4382420
2572398680970,1788985732.9960396,benchmark,14.687,1.227,11.962,4498510
2572408591170,1788985733.0058842,benchmark,14.662,1.225,11.962,4433540
2572418443520,1788985733.0157044,benchmark,14.675,1.227,11.963,4400480
2572428248200,1788985733.0255044,benchmark,14.662,1.225,11.962,4395570
2572438706070,1788985733.0359888,benchmark,14.675,1.226,11.962,4422530
2572448532400,1788985733.0458744,benchmark,14.662,1.226,11.962,4481770
2572458406170,1788985733.0557256,benchmark,14.662,1.226,11.962,4459210
2572468264070,1788985733.0655649,benchmark,14.675,1.225,11.962,4440840
2572478772410,1788985733.0760453,benchmark,14.687,1.227,11.962,4412570
2572488629490,1788985733.085906,benchmark,14.675,1.226,11.962,4416320
2572498440290,1788985733.0958211,benchmark,14.662,1.226,11.962,4520500
2572508367260,1788985733.1057603,benchmark,14.662,1.225,11.962,4533130
2572518248220,1788985733.11495,benchmark,14.662,1.225,11.963,3841200
2572528249190,1788985733.12555,benchmark,14.637,1.224,11.962,4440660
2572538744400,1788985733.1360216,benchmark,14.662,1.227,11.962,4417000
2572548595960,1788985733.1459801,benchmark,14.662,1.225,11.962,4523840
2572558550730,1788985733.155978,benchmark,14.675,1.227,11.962,4567330
2572568525670,1788985733.165858,benchmark,14.675,1.226,11.962,4472740
2572578389330,1788985733.1756575,benchmark,14.662,1.226,11.962,4407880
2572588249950,1788985733.1855145,benchmark,14.662,1.226,11.963,4404420
2572598732290,1788985733.196055,benchmark,14.65,1.225,11.962,4462450
2572608606790,1788985733.2058926,benchmark,14.662,1.225,11.962,4425590
2572618429680,1788985733.2157063,benchmark,14.687,1.228,11.963,4416320
2572628248630,1788985733.2255483,benchmark,14.675,1.226,11.962,4439380
2572638763830,1788985733.236059,benchmark,14.675,1.227,11.962,4434780
2572648623640,1788985733.2460208,benchmark,14.662,1.225,11.963,4537600
2572658569050,1788985733.2558806,benchmark,14.65,1.226,11.962,4452200
2572668435820,1788985733.2657514,benchmark,14.662,1.225,11.963,4455350
2572678317520,1788985733.2756557,benchmark,14.675,1.227,11.962,4477990
2572688248410,1788985733.285647,benchmark,14.675,1.227,11.962,4538410
2572698248770,1788985733.295479,benchmark,14.65,1.225,11.962,4370110
2572708703600,1788985733.3059738,benchmark,14.687,1.227,11.962,4410160
2572718516210,1788985733.3158457,benchmark,14.65,1.225,11.962,4469200
2572728413280,1788985733.3258255,benchmark,14.675,1.225,11.962,4552360
2572738372390,1788985733.335639,benchmark,14.65,1.225,11.962,4406230
2572748248940,1788985733.3454978,benchmark,14.687,1.227,11.962,4388180
2572758711240,1788985733.356073,benchmark,14.65,1.225,11.962,4502010
2572768472870,1788985733.3657813,benchmark,14.687,1.228,11.962,4448020
2572778327190,1788985733.3757246,benchmark,14.675,1.226,11.963,4537120
2572788276020,1788985733.3855894,benchmark,14.662,1.226,11.962,4452880
2572798252450,1788985733.3954945,benchmark,14.662,1.226,11.962,4381090
2572808766600,1788985733.406119,benchmark,14.662,1.225,11.962,4492430
2572818678000,1788985733.4159448,benchmark,14.687,1.227,11.963,4406450
2572828568210,1788985733.4258573,benchmark,14.687,1.227,11.962,4428970
2572838402670,1788985733.435825,benchmark,14.662,1.225,11.962,4562410
2572848368650,1788985733.4456685,benchmark,14.675,1.226,11.962,4439430
2572858247230,1788985733.4554935,benchmark,14.675,1.227,11.962,4386150
2572868718650,1788985733.4661386,benchmark,14.662,1.226,11.963,4560050
2572878687320,1788985733.4760962,benchmark,14.675,1.226,11.962,4548570
2572888643860,1788985733.4859498,benchmark,14.65,1.225,11.962,4445870
2572898481120,1788985733.4959211,benchmark,14.687,1.228,11.963,4579490
2572908478410,1788985733.5058692,benchmark,14.675,1.225,11.963,4530510
2572918394310,1788985733.5163672,benchmark,14.675,1.226,11.963,5112580
2572928247580,1788985733.525524,benchmark,14.675,1.226,11.962,4416230
2572938767490,1788985733.536168,benchmark,14.662,1.226,11.962,4540530
2572948722160,1788985733.5460489,benchmark,14.675,1.227,11.961,4466570
2572958590350,1788985733.5558782,benchmark,14.662,1.225,11.962,4427880
2572968432420,1788985733.566429,benchmark,14.687,1.228,11.962,5136210
2572978318450,1788985733.5756428,benchmark,14.675,1.226,11.962,4464770
2572988247280,1788985733.585599,benchmark,14.687,1.228,11.962,4491410
2572998820390,1788985733.596091,benchmark,14.65,1.225,11.963,4410410
2573008680430,1788985733.6059647,benchmark,14.662,1.226,11.962,4423950
2573018496780,1788985733.6152508,benchmark,14.65,1.225,11.962,3894510
2573028480280,1788985733.6257963,benchmark,14.675,1.227,11.962,4456110
2573038338280,1788985733.6356502,benchmark,14.675,1.226,11.963,4451840
2573048248260,1788985733.6455982,benchmark,14.675,1.226,11.961,4489630
2573058815570,1788985733.65609,benchmark,14.675,1.227,11.963,4414360
2573068669380,1788985733.6660135,benchmark,14.662,1.225,11.962,4483870
2573078568770,1788985733.67589,benchmark,14.675,1.227,11.962,4460960
2573088456990,1788985733.6857474,benchmark,14.662,1.225,11.962,4429930
2573098273490,1788985733.6956909,benchmark,14.675,1.227,11.962,4557400
2573108254130,1788985733.705536,benchmark,14.662,1.226,11.962,4422030
2573118748750,1788985733.7160351,benchmark,14.675,1.227,11.962,4425700
2573128582670,1788985733.7259755,benchmark,14.662,1.226,11.962,4533090
2573138522440,1788985733.7358298,benchmark,14.662,1.226,11.962,4447580
2573148392690,1788985733.7457988,benchmark,14.675,1.225,11.963,4546150
2573158333250,1788985733.7556858,benchmark,14.65,1.225,11.962,4492690
2573168247870,1788985733.7655375,benchmark,14.662,1.226,11.963,4429810
2573178758990,1788985733.7760847,benchmark,14.662,1.225,11.962,4465440
2573188669540,1788985733.7859902,benchmark,14.687,1.227,11.962,4460180
2573198529720,1788985733.795831,benchmark,14.675,1.226,11.962,4440710
2573208387450,1788985733.8056448,benchmark,14.662,1.226,11.962,4397310
2573218248440,1788985733.8155525,benchmark,14.65,1.226,11.963,4444080
2573228797290,1788985733.8260672,benchmark,14.65,1.224,11.962,4409530
2573238610210,1788985733.8359015,benchmark,14.675,1.227,11.962,4430900
2573248467820,1788985733.8458173,benchmark,14.675,1.226,11.962,4489130
2573258367430,1788985733.8556519,benchmark,14.662,1.225,11.962,4424770
2573268247690,1788985733.8655024,benchmark,14.675,1.227,11.962,4394450
2573278730340,1788985733.8761268,benchmark,14.662,1.226,11.962,4536270
2573288685110,1788985733.8859634,benchmark,14.662,1.226,11.962,4418060
2573298507080,1788985733.8958979,benchmark,14.65,1.225,11.962,4530420
2573308460710,1788985733.9057758,benchmark,14.675,1.226,11.962,4455160
2573318339610,1788985733.9156604,benchmark,14.65,1.225,11.962,4460530
2573328247930,1788985733.9255357,benchmark,14.687,1.227,11.963,4427780
2573338749130,1788985733.9361446,benchmark,14.675,1.226,11.962,4535590
2573348702080,1788985733.9460156,benchmark,14.675,1.227,11.962,4453330
2573358566640,1788985733.9558892,benchmark,14.662,1.225,11.963,4462660
2573368436590,1788985733.9657183,benchmark,14.675,1.226,11.962,4421960
2573378248130,1788985733.9757683,benchmark,14.662,1.225,11.963,4660090
2573388326200,1788985733.9856906,benchmark,14.662,1.226,11.963,4503810
2573398246600,1788985733.9956443,benchmark,14.675,1.227,11.962,4537720
2573408249960,1788985734.0055327,benchmark,14.675,1.226,11.962,4422500
2573418741640,1788985734.0161705,benchmark,14.662,1.226,11.963,4568210
2573428735260,1788985734.026028,benchmark,14.662,1.226,11.962,4432800
2573438574170,1788985734.035899,benchmark,14.662,1.225,11.962,4464290
2573448450770,1788985734.0457413,benchmark,14.662,1.226,11.963,4430480
2573458300440,1788985734.0557067,benchmark,14.662,1.226,11.963,4546450
2573468251500,1788985734.0636828,benchmark,14.662,1.226,11.962,2570270
2573469687950,1788985734.0643735,benchmark_boundary_after,14.662,1.226,11.962,1822850
2573478234950,1788985734.072452,post,14.575,1.219,11.963,1355020
2573488224860,1788985734.0824406,post,14.462,1.208,11.966,1353900
