passage,samples,accelerator_mean_ms,device_call_mean_ms,application_e2e_mean_ms,passage_duration_ms,passage_throughput_inf_s
0,30,0.183433,0.502694,0.7116253333333333,22.17566,1352.8345943254901
1,30,0.1818226666666667,0.5002343333333334,0.7090403333333334,22.08062,1358.6575014650857
2,30,0.18124899999999997,0.49134833333333333,0.6981763333333336,21.73959,1379.9708274167085
3,30,0.18474499999999996,0.5023836666666667,0.7121483333333333,22.1834,1352.3625774227576
4,30,0.18203033333333335,0.494692,0.7029946666666668,21.89359,1370.2640818614032
5,30,0.17859433333333335,0.48889933333333335,0.6959963333333333,21.67505,1384.0798521802717
6,30,0.17913266666666672,0.4899396666666667,0.6963246666666668,21.68625,1383.365035448729
7,30,0.17852099999999999,0.48918500000000004,0.695426,21.66894,1384.4701217503025
8,30,0.18651866666666664,0.5038376666666667,0.7139406666666667,22.22555,1349.7978677693015
9,30,0.17792766666666668,0.48873466666666665,0.6950329999999999,21.65296,1385.4918680863957
10,30,0.17878633333333335,0.487291,0.6942246666666667,21.62594,1387.2229368989279
11,30,0.17878333333333338,0.48740133333333335,0.6932833333333334,21.59719,1389.0695965539962
12,30,0.18287499999999998,0.4947846666666667,0.7044536666666665,21.94015,1367.3561940096126
13,30,0.18253966666666663,0.49350766666666673,0.7007103333333333,21.8291,1374.3122712342697
14,30,0.17859266666666668,0.48765,0.6960446666666666,21.69709,1382.673897743891
15,30,0.17828499999999997,0.48707100000000003,0.6925736666666669,21.57784,1390.3152493484056
16,30,0.17881466666666668,0.488404,0.6945933333333333,21.63681,1386.5260174674547
17,30,0.18391633333333332,0.5025206666666666,0.7117256666666666,22.16571,1353.4418703483893
18,30,0.179669,0.48905666666666664,0.6941546666666666,21.64447,1386.0353244962803
19,30,0.17831599999999997,0.4877023333333333,0.6931423333333335,21.59825,1389.0014237264593
20,30,0.17982533333333325,0.4879383333333333,0.6927880000000001,21.6146,1387.9507370018412
21,30,0.1841133333333333,0.4972676666666666,0.7057153333333336,21.98268,1364.7107632008472
22,30,0.18100899999999998,0.4922456666666667,0.7001183333333333,21.81715,1375.065029117002
23,30,0.17846800000000004,0.48718766666666663,0.6925033333333334,21.57878,1390.254685389999
24,30,0.17855866666666664,0.487747,0.6918543333333333,21.58596,1389.7922538538937
25,30,0.17829633333333333,0.487384,0.6927336666666667,21.58452,1389.8849731196246
26,30,0.1851023333333333,0.5032516666666668,0.712864,22.20348,1351.1395510973955
27,30,0.1780276666666666,0.4850056666666667,0.689911,21.52241,1393.8959438092668
28,30,0.17913433333333334,0.4844163333333333,0.689333,21.49795,1395.4818947853169
29,30,0.17807566666666666,0.48509633333333324,0.6900496666666666,21.5055,1394.9919787961219
30,30,0.1824543333333333,0.4928103333333334,0.700435,21.82881,1374.3305292409434
31,30,0.18022666666666665,0.4901033333333332,0.6967680000000003,21.73997,1379.9467064581966
32,30,0.17825533333333332,0.4842753333333333,0.6888036666666666,21.47248,1397.1371727904743
33,30,0.17748366666666668,0.4833246666666667,0.6884856666666666,21.45579,1398.2239759058045
34,30,0.17787566666666665,0.48331300000000005,0.6856756666666667,21.36957,1403.8654030006219
35,30,0.1882363333333333,0.5006649999999999,0.7071650000000002,22.02681,1361.9766094137099
36,30,0.17662533333333333,0.48280366666666663,0.6859723333333333,21.38333,1402.9620269621244
37,30,0.1777856666666667,0.483017,0.6849296666666667,21.37663,1403.4017522874278
38,30,0.17715566666666668,0.48310299999999995,0.6844946666666666,21.35158,1405.048244673228
39,30,0.179566,0.48668200000000006,0.6892743333333333,21.48637,1396.2339846144323
40,30,0.18351766666666663,0.493547,0.6979626666666667,21.75597,1378.9318518089517
41,30,0.17730733333333332,0.483374,0.6858470000000001,21.39039,1402.4989726695026
42,30,0.17803033333333337,0.4838856666666666,0.6850626666666666,21.37319,1403.6276288190952
43,30,0.17780966666666667,0.483895,0.68542,21.36341,1404.2701984374219
44,30,0.18668933333333335,0.49938200000000005,0.7061796666666668,21.99901,1363.6977300342153
45,30,0.177318,0.4841233333333333,0.6862476666666667,21.3931,1402.3213092071742
46,30,0.178124,0.4842536666666667,0.6856246666666664,21.3713,1403.7517605386663
47,30,0.17789700000000006,0.483892,0.6851566666666666,21.35505,1404.8199372045488
48,30,0.17799233333333334,0.4838173333333334,0.685039,21.37609,1403.4372048396128
49,30,0.188009,0.4999520000000001,0.7060653333333333,21.99882,1363.7095080554323
50,30,0.1775143333333333,0.48279633333333327,0.6860149999999999,21.38704,1402.7186557840637
51,30,0.17834433333333338,0.4832473333333334,0.6852746666666666,21.36149,1404.3964161675988
52,30,0.17737366666666665,0.48347366666666663,0.6846206666666667,21.35592,1404.7627074834518
53,30,0.18422933333333333,0.5005873333333334,0.7055646666666665,21.98167,1364.7734680759015
54,30,0.17796800000000002,0.48296,0.685107,21.36372,1404.2498216602728
55,30,0.17820466666666668,0.48295200000000005,0.6852153333333334,21.38285,1402.993520508258
56,30,0.17764133333333335,0.483475,0.685595,21.371,1403.7714660053343
57,30,0.1779426666666667,0.48353100000000004,0.6854983333333332,21.36844,1403.9396418269187
58,30,0.18485066666666664,0.49785766666666664,0.7041166666666666,21.97043,1365.4716817103717
59,30,0.17783566666666664,0.483557,0.6856456666666667,21.37719,1403.364988569592
60,30,0.17610566666666666,0.48277166666666665,0.6849053333333333,21.3511,1405.079831952452
61,30,0.17781800000000006,0.4832633333333333,0.6855446666666668,21.36752,1404.0000898560056
62,30,0.18396966666666667,0.4947923333333334,0.7014410000000001,21.85841,1372.4694522611662
63,30,0.17871366666666672,0.48375266666666666,0.6854363333333333,21.38585,1402.7967090389204
64,30,0.17678500000000005,0.4822313333333333,0.6846583333333333,21.3616,1404.3891843307617
65,30,0.17719933333333335,0.48303666666666667,0.6846886666666667,21.38215,1403.0394511309669
66,30,0.17761966666666665,0.48381066666666667,0.6854969999999998,21.36761,1403.994176232157
67,30,0.18854366666666664,0.49993466666666664,0.7067383333333334,22.04416,1360.9046568342817
68,30,0.1779893333333333,0.483666,0.6858360000000001,21.38222,1403.034857933367
69,30,0.17772200000000005,0.48319666666666666,0.6850476666666666,21.35502,1404.8219107263774
70,30,0.1777746666666667,0.4838303333333333,0.685368333333333,21.36544,1404.136774154897
71,30,0.18438,0.4964443333333334,0.7032579999999999,21.91495,1368.9285168343986
72,30,0.17842966666666665,0.48445999999999995,0.6864973333333334,21.4257,1400.187625141769
73,30,0.17813500000000002,0.48397599999999996,0.6907363333333334,21.52725,1393.5825523464446
74,30,0.17697899999999997,0.4838063333333333,0.6855783333333335,21.37426,1403.5573629215703
75,30,0.177769,0.4835966666666666,0.6848716666666665,21.36135,1404.4056204312928
76,30,0.18632733333333337,0.5007046666666667,0.706346,22.00818,1363.1295272939426
77,30,0.17814433333333335,0.48333166666666666,0.6853253333333333,21.36735,1404.0112601703065
78,30,0.17719033333333337,0.4828416666666666,0.6847759999999999,21.34675,1405.366156440676
79,30,0.17744766666666667,0.48298300000000005,0.6848503333333333,21.35076,1405.102207134547
80,30,0.181536,0.49041100000000004,0.6953623333333334,21.66923,1384.4515933422645
81,30,0.18123566666666668,0.48914500000000005,0.6929160000000001,21.60197,1388.7622286300739
82,30,0.1774383333333334,0.48293633333333347,0.6848773333333333,21.37365,1403.5974201879417
83,30,0.177022,0.4835946666666666,0.6855906666666666,21.36989,1403.8443810426727
84,30,0.17696733333333328,0.48284199999999994,0.6845079999999998,21.34042,1405.7830164542218
85,30,0.4189173333333332,0.7414609999999999,0.960041,29.69228,1010.363636608573
86,30,0.1749136666666666,0.4805063333333333,0.6817953333333335,21.25888,1411.1750007526266
87,30,0.17529733333333333,0.4803896666666667,0.6824609999999999,21.27846,1409.8764666239945
88,30,0.174704,0.48124933333333336,0.6828766666666666,21.28921,1409.1645486140633
89,30,0.18389233333333335,0.4947566666666666,0.7011533333333333,21.86252,1372.2114376567752
90,30,0.17511866666666664,0.48049800000000004,0.6823259999999999,21.2736,1410.1985559566788
91,30,0.17472366666666664,0.47984899999999997,0.6816246666666668,21.26223,1410.9526611272665
92,30,0.1764426666666666,0.4808516666666666,0.6826096666666667,21.29373,1408.8654265833181
93,30,0.1754716666666667,0.4820033333333333,0.6838076666666668,21.32719,1406.6550727029676
94,30,0.18242266666666668,0.494164,0.7002180000000001,21.82557,1374.5345482386028
95,30,0.17578766666666665,0.481577,0.6836536666666667,21.31548,1407.427841174583
96,30,0.174995,0.4809033333333333,0.6820586666666667,21.27439,1410.1461898555024
97,30,0.17666366666666664,0.48198233333333323,0.685407,21.36319,1404.2846597348055
98,30,0.18592100000000003,0.496401,0.7028646666666666,21.89714,1370.0419324167449
99,30,0.177085,0.48379,0.6858156666666666,21.41361,1400.978162953374
100,30,0.17771800000000001,0.48315233333333335,0.684401,21.3353,1406.1203732780884
101,30,0.1784263333333333,0.4836413333333333,0.6856600000000002,21.37373,1403.5921666456907
102,30,0.17592366666666667,0.48244333333333334,0.6840646666666669,21.33812,1405.9345434368165
103,30,0.18383366666666667,0.4965240000000001,0.7021413333333333,21.88084,1371.0625369044333
104,30,0.17754,0.4831526666666666,0.6845816666666666,21.36185,1404.3727486149373
105,30,0.17789,0.4833203333333333,0.684939,21.36515,1404.1558332143702
106,30,0.17793000000000003,0.4836603333333334,0.6852696666666668,21.39827,1401.9824967158559
107,30,0.18205799999999997,0.49173300000000003,0.6957830000000002,21.68485,1383.4543471594225
108,30,0.18015166666666668,0.48921899999999996,0.6923736666666668,21.58481,1389.8662994948763
109,30,0.1777506666666667,0.4836516666666667,0.6851503333333333,21.37389,1403.5816596791694
110,30,0.17743466666666663,0.483581,0.6849833333333333,21.36745,1404.0046893756626
111,30,0.176898,0.482672,0.6852656666666667,21.36345,1404.2675691426246
112,30,0.18344400000000005,0.49690833333333334,0.7019683333333333,21.87925,1371.1621742061543
113,30,0.17678166666666667,0.482328,0.6838066666666667,21.33838,1405.9174126620671
114,30,0.17777866666666667,0.4839793333333333,0.6854813333333333,21.3692,1403.889710424349
115,30,0.177434,0.4827483333333334,0.6844389999999999,21.33702,1406.0070244110939
116,30,0.1779893333333333,0.48543200000000003,0.6885433333333333,21.48991,1396.0039851260428
117,30,0.18449033333333334,0.49678199999999995,0.7016416666666665,21.86636,1371.970460561337
118,30,0.17818099999999998,0.48568333333333324,0.6873226666666666,21.42714,1400.0935262475532
119,30,0.1781406666666667,0.48364900000000005,0.6858813333333333,21.382,1403.049293798522
120,30,0.17851733333333336,0.484883,0.6864726666666667,21.40203,1401.7361904454858
121,30,0.18466233333333332,0.4987653333333333,0.704169,21.94231,1367.2215915279658
122,30,0.17877466666666664,0.483973,0.686221,21.39621,1402.1174778149964
123,30,0.17761000000000005,0.48355899999999996,0.6855380000000001,21.39282,1402.3396634945743
124,30,0.17819066666666664,0.4839880000000001,0.686252,21.39238,1402.368506916949
125,30,0.17758633333333335,0.48383833333333326,0.6855323333333333,21.37186,1403.7149784810495
126,30,0.18527233333333334,0.4989736666666667,0.7048729999999999,21.97927,1364.9224928762421
127,30,0.17836433333333332,0.48434766666666657,0.6859383333333332,21.38551,1402.8190115643724
128,30,0.17834200000000003,0.4845153333333333,0.6861866666666666,21.39027,1402.5068407271158
129,30,0.178379,0.48426,0.6855526666666666,21.36981,1403.8496364731366
130,30,0.18631699999999998,0.5014526666666667,0.7084076666666668,22.08352,1358.479083044732
131,30,0.17829833333333336,0.4834153333333333,0.6855309999999998,21.37592,1403.4483661989752
132,30,0.17862599999999998,0.4838786666666667,0.686105,21.4044,1401.5809833492178
133,30,0.17768500000000004,0.48379300000000014,0.6856540000000002,21.38871,1402.6091335101557
134,30,0.17756033333333335,0.483488,0.6857676666666666,21.37682,1403.3892786672666
135,30,0.18374866666666667,0.49661199999999994,0.7029323333333334,21.90864,1369.322787722104
136,30,0.17830633333333337,0.48426600000000003,0.6867483333333333,21.40992,1401.2196215586048
137,30,0.17809933333333333,0.48378266666666664,0.6859163333333332,21.38141,1403.088009630796
138,30,0.17819633333333335,0.4843799999999999,0.6865286666666666,21.39949,1401.9025687060766
139,30,0.18461033333333335,0.49602999999999997,0.7016856666666667,21.86562,1372.0168922719777
140,30,0.17792299999999994,0.48418533333333336,0.6871893333333333,21.44832,1398.7109479903322
141,30,0.178231,0.4840366666666667,0.6854993333333332,21.38471,1402.8714908923243
142,30,0.17821866666666666,0.48416500000000007,0.6861853333333332,21.39315,1402.3180317064107
143,30,0.178613,0.4840196666666666,0.685933,21.40013,1401.8606429026365
144,30,0.1856416666666667,0.502742,0.7078830000000002,22.0954,1357.748671669216
145,30,0.17839633333333332,0.4846443333333333,0.6868920000000001,21.41475,1400.9035828109131
146,30,0.17839333333333335,0.4843576666666667,0.6861630000000002,21.4042,1401.5940796666073
147,30,0.17841933333333335,0.48442100000000005,0.6858666666666667,21.39664,1402.0893000022431
148,30,0.18328266666666665,0.4991736666666667,0.7064123333333333,22.00723,1363.1883703673748
149,30,0.18029033333333333,0.48820066666666667,0.6901816666666668,21.53516,1393.0706806914832
150,30,0.17884266666666662,0.48478133333333334,0.6870756666666668,21.44323,1399.0429613449094
151,30,0.17888300000000001,0.4854203333333334,0.6873066666666664,21.42607,1400.1634457462335
152,30,0.17885,0.48490866666666665,0.6865453333333333,21.40196,1401.7407751439587
153,30,0.18443666666666667,0.49826866666666675,0.7040186666666666,21.94106,1367.2994832519487
154,30,0.17725766666666667,0.48301933333333325,0.6864756666666668,21.40129,1401.784658775242
155,30,0.17815899999999998,0.484314,0.6863606666666668,21.39841,1401.9733241862364
156,30,0.178591,0.4843523333333334,0.6867136666666666,21.40871,1401.2988171636684
157,30,0.18381433333333333,0.49358700000000005,0.6987036666666667,21.81399,1375.2642226387745
158,30,0.18090466666666663,0.4882966666666667,0.6918966666666668,21.57399,1390.5633589336046
159,30,0.17809400000000003,0.48610400000000004,0.6879796666666667,21.44628,1398.8439953222655
160,30,0.17840499999999998,0.484702,0.6863766666666665,21.42181,1400.4418860964597
161,30,0.17943,0.4848973333333334,0.6868483333333333,21.42641,1400.1412275784885
162,30,0.18549766666666667,0.4979463333333333,0.7030386666666667,21.91095,1369.178424486387
163,30,0.17763099999999998,0.4903800000000001,0.6922486666666667,21.60856,1388.3386954058947
164,30,0.1781643333333333,0.4842336666666667,0.685867333333333,21.38216,1403.0387949580397
165,30,0.1779146666666667,0.48477200000000004,0.6867373333333333,21.40599,1401.476876332279
166,30,0.18166800000000002,0.4941896666666667,0.6977826666666667,21.74552,1379.5945095817438
167,30,0.18260099999999999,0.49220833333333325,0.6969079999999999,21.74516,1379.6173493319893
168,30,0.17780866666666667,0.4834589999999999,0.6857286666666664,21.3806,1403.1411653555092
169,30,0.17779599999999998,0.48344133333333333,0.6862926666666667,21.3947,1402.216436781072
170,30,0.17766033333333334,0.4830670000000001,0.6845056666666667,21.35633,1404.735738771596
171,30,0.18466533333333335,0.4959750000000001,0.7034033333333334,21.91941,1368.6499773488429
172,30,0.178693,0.48405766666666666,0.6856083333333333,21.39208,1402.3881735670398
173,30,0.17895866666666665,0.484234,0.686927,21.41435,1400.9297503776675
174,30,0.17832800000000004,0.4847446666666667,0.6865583333333334,21.41398,1400.953956247274
175,30,0.17780366666666664,0.48392999999999997,0.6857266666666667,21.3947,1402.216436781072
176,30,0.18394766666666668,0.495602,0.7018153333333335,21.87168,1371.6367466970987
177,30,0.17757666666666663,0.483738,0.6868423333333333,21.43494,1399.5840436222354
178,30,0.17808000000000002,0.483547,0.6851416666666666,21.35932,1404.5390958139117
179,30,0.17792500000000003,0.48480033333333333,0.6865479999999998,21.41609,1400.8159285845363
180,30,0.18416333333333332,0.49613433333333334,0.7019746666666667,21.89299,1370.3016353636483
181,30,0.178674,0.484599,0.6866156666666667,21.40961,1401.2399104887945
182,30,0.178362,0.48416966666666666,0.6860313333333334,21.38406,1402.9141332375611
183,30,0.17851900000000004,0.48419533333333326,0.6859313333333332,21.40091,1401.8095492201032
184,30,0.17844433333333332,0.4836503333333333,0.6851903333333332,21.40339,1401.6471222549324
185,30,0.18543300000000004,0.49635433333333334,0.7025319999999998,21.8968,1370.0632055825508
186,30,0.17851033333333338,0.4841573333333333,0.6857399999999998,21.37929,1403.2271417806674
187,30,0.17761866666666667,0.4841716666666666,0.6863376666666667,21.39575,1402.147622775551
188,30,0.178378,0.4835946666666666,0.6858006666666667,21.37791,1403.3177237625193
189,30,0.184647,0.4962693333333334,0.7026850000000001,21.89601,1370.1126369598844
190,30,0.17871766666666664,0.4844343333333333,0.6859233333333332,21.38774,1402.6727461620537
191,30,0.17854099999999998,0.4840286666666666,0.6863160000000001,21.41827,1400.673350368634
192,30,0.17730366666666666,0.4824256666666666,0.6857286666666665,21.37696,1403.3800877206113
193,30,0.17858266666666664,0.484243,0.6862199999999999,21.3914,1402.4327533494768
194,30,0.18597633333333335,0.501325,0.707348,22.03819,1361.2733169103271
195,30,0.17810033333333333,0.48360966666666677,0.6858586666666666,21.40007,1401.8645733401806
196,30,0.17758833333333335,0.483665,0.6855430000000002,21.38607,1402.782278370921
197,30,0.17792366666666665,0.48403066666666666,0.6856203333333334,21.38856,1402.6189701410474
198,30,0.184733,0.5029043333333333,0.7080366666666668,22.0578,1360.0631069281615
199,30,0.178097,0.484904,0.687427,21.43693,1399.4541195964161
200,30,0.1777543333333334,0.4845693333333333,0.686751,21.41037,1401.190170931189
201,30,0.17713166666666666,0.4849346666666667,0.687457,21.46576,1397.5745559439777
202,30,0.17758499999999997,0.4834326666666667,0.685773,21.38037,1403.156259690548
203,30,0.184277,0.49532500000000007,0.702034,21.8799,1371.1214402259607
204,30,0.17807433333333333,0.48365533333333327,0.6851146666666668,21.37554,1403.4733157618475
205,30,0.17815966666666663,0.48355033333333336,0.6855943333333335,21.38897,1402.5920836767737
206,30,0.17799066666666669,0.48347099999999993,0.6851326666666666,21.37255,1403.6696603821256
207,30,0.182689,0.49353933333333333,0.6992023333333333,21.81284,1375.3367282756394
208,30,0.1808546666666667,0.4870336666666667,0.6889483333333332,21.55937,1391.5063380794522
209,30,0.17788033333333333,0.484222,0.6864709999999999,21.40018,1401.8573675548523
210,30,0.17817533333333335,0.484081,0.685843,21.37824,1403.2960617899323
211,30,0.17728600000000005,0.48473133333333335,0.6864056666666667,21.41695,1400.7596786657298
212,30,0.18470666666666669,0.49570566666666666,0.7019066666666668,21.89327,1370.2841101397828
213,30,0.17876866666666666,0.48431766666666665,0.6865346666666667,21.40654,1401.4408680711595
214,30,0.178434,0.48392966666666665,0.68531,21.36564,1404.1236302773987
215,30,0.17777366666666666,0.4842696666666667,0.6856279999999999,21.37667,1403.399126243704
216,30,0.18075433333333335,0.48905333333333334,0.6917096666666666,21.56331,1391.2520851390627
217,30,0.182818,0.492714,0.6978726666666668,21.77434,1377.7685110088296
218,30,0.17855266666666664,0.4839543333333333,0.6856386666666666,21.41598,1400.823123667467
219,30,0.17804899999999999,0.4834983333333333,0.68569,21.37655,1403.407004404359
220,30,0.17743066666666665,0.48343633333333336,0.6856126666666665,21.37388,1403.5823163599682
221,30,0.184514,0.4976786666666667,0.7037546666666668,21.92906,1368.04769561486
222,30,0.1779423333333333,0.48366799999999993,0.6853006666666664,21.36924,1403.887082554176
223,30,0.17827533333333337,0.48374133333333336,0.6860136666666665,21.38436,1402.8944518330218
224,30,0.17856633333333335,0.4839586666666667,0.6862773333333333,21.39382,1402.2741146742376
225,30,0.177645,0.48343366666666665,0.6850903333333334,21.4257,1400.187625141769
226,30,0.18437366666666669,0.495976,0.7021676666666667,21.88703,1370.674778624601
227,30,0.17839700000000003,0.48463266666666677,0.6870366666666669,21.41999,1400.5608779462548
228,30,0.17798933333333328,0.48407333333333324,0.6858363333333332,21.38162,1403.074229174403
229,30,0.17780699999999997,0.48556799999999994,0.6870729999999999,21.43317,1399.6996244605907
230,30,0.18473599999999998,0.49579166666666663,0.7013723333333333,21.87661,1371.3276417141412
231,30,0.178156,0.484393,0.6865633333333334,21.40499,1401.5423506387997
232,30,0.17835366666666672,0.48443633333333336,0.6858083333333335,21.3792,1403.2330489447686
233,30,0.17815333333333333,0.48492366666666664,0.6863093333333333,21.3944,1402.236099166137
234,30,0.17708033333333334,0.4845013333333333,0.6860696666666669,21.38484,1402.8629627343482
235,30,0.18487599999999996,0.49587299999999984,0.7024723333333334,21.9164,1368.8379478381487
236,30,0.17809466666666668,0.4843963333333333,0.6861849999999999,21.39507,1402.1921872655712
237,30,0.1778266666666667,0.4845933333333334,0.686159,21.39224,1402.3776846183475
238,30,0.1779506666666667,0.4845163333333333,0.6861949999999999,21.38961,1402.5501166220422
239,30,0.184768,0.4968293333333333,0.7041893333333333,21.93964,1367.387979018799
240,30,0.17832300000000004,0.4839163333333333,0.6860943333333333,21.39726,1402.0486735217498
241,30,0.17781733333333333,0.4843526666666666,0.6862996666666666,21.39141,1402.4320977439074
242,30,0.1783266666666667,0.48345733333333335,0.6850336666666667,21.39274,1402.3449076649367
243,30,0.178623,0.4841883333333333,0.6862973333333334,21.39542,1402.1692493066273
244,30,0.18480933333333333,0.49741699999999994,0.702544,21.89756,1370.0156547122144
245,30,0.17762466666666665,0.4840899999999999,0.6861499999999999,21.39368,1402.283291140187
246,30,0.177309,0.4837416666666666,0.685201,21.38297,1402.9856469891693
247,30,0.1786786666666667,0.48377599999999993,0.6853803333333333,21.39665,1402.088644717748
248,30,0.1869343333333333,0.5043836666666667,0.709339,22.09639,1357.6878395068154
249,30,0.17947766666666665,0.4856186666666667,0.6882746666666667,21.47712,1396.8353298766315
250,30,0.1778823333333333,0.48401866666666665,0.6863276666666667,21.39709,1402.059812806321
251,30,0.1781593333333333,0.48575999999999997,0.6875556666666667,21.43035,1399.8838096437996
252,30,0.17776399999999998,0.48401133333333324,0.6855743333333334,21.39999,1401.8698139578569
253,30,0.18542466666666668,0.503166,0.7090270000000001,22.09542,1357.7474426826916
254,30,0.17870366666666668,0.48448033333333324,0.6912026666666667,21.55208,1391.9770156755171
255,30,0.17871333333333334,0.48435466666666666,0.6866956666666668,21.40683,1401.4218826421286
256,30,0.17957599999999999,0.4901546666666666,0.692383,21.58568,1389.8102816311555
257,30,0.18534799999999998,0.49636500000000006,0.7021736666666667,21.89943,1369.898668595484
258,30,0.17970466666666665,0.488076,0.6897610000000002,21.5063,1394.9400873232496
259,30,0.17889133333333332,0.48420399999999997,0.6863279999999998,21.41588,1400.8296647160892
260,30,0.17841100000000007,0.48427666666666663,0.6863609999999999,21.39692,1402.0709522678965
261,30,0.179054,0.4857753333333333,0.6877390000000001,21.4374,1399.423437543732
262,30,0.18596466666666664,0.49766733333333335,0.7040410000000001,21.93847,1367.460903153228
263,30,0.17862800000000004,0.48452066666666666,0.6867943333333332,21.43841,1399.3575083226788
264,30,0.17852200000000001,0.4848706666666666,0.6863556666666668,21.39567,1402.1528655097036
265,30,0.17924033333333333,0.4858206666666666,0.6876056666666666,21.4342,1399.632363232591
266,30,0.18261000000000005,0.49159800000000003,0.6960399999999999,21.69521,1382.7937134510337
267,30,0.18125966666666665,0.4911183333333333,0.6954020000000001,21.67999,1383.7644759061236
268,30,0.17847700000000005,0.48440366666666657,0.686571,21.40449,1401.5750900862388
269,30,0.17863666666666667,0.484461,0.6864856666666665,21.42617,1400.1569109178167
270,30,0.17902833333333337,0.4847193333333334,0.6863393333333335,21.40848,1401.3138718862806
271,30,0.18533499999999997,0.4963823333333333,0.7024463333333333,21.8902,1370.4762861919946
272,30,0.1786406666666667,0.4843896666666668,0.6863163333333333,21.41436,1400.9290961765844
273,30,0.17848333333333333,0.4843886666666666,0.686289,21.3949,1402.2033288307025
274,30,0.17804000000000003,0.4836439999999999,0.6859620000000001,21.38771,1402.6747136556462
275,30,0.17908333333333334,0.48570966666666665,0.6886436666666668,21.46581,1397.5713005938283
276,30,0.18487566666666666,0.4954703333333333,0.7009926666666666,21.87188,1371.6242042293575
277,30,0.17770400000000003,0.48288500000000006,0.6844583333333334,21.38821,1402.6419228163552
278,30,0.17811866666666668,0.4835713333333334,0.6857046666666666,21.37975,1403.1969503852945
279,30,0.17879299999999992,0.48399133333333333,0.6856253333333335,21.39143,1402.4307865346075
280,30,0.18601866666666664,0.49746333333333337,0.7038096666666666,21.95285,1366.565161243301
281,30,0.17905466666666667,0.4843353333333333,0.686432,21.40439,1401.581638159275
282,30,0.17784666666666668,0.48353066666666666,0.6855720000000002,21.37287,1403.648644285957
283,30,0.17816933333333332,0.4839053333333333,0.6860173333333333,21.38441,1402.89117165262
284,30,0.17854899999999999,0.4840883333333333,0.6859053333333333,21.38157,1403.0775102108967
285,30,0.18488033333333329,0.4977616666666666,0.7034910000000001,21.92395,1368.366558033566
286,30,0.177366,0.4839846666666668,0.685776,21.38131,1403.0945718480298
287,30,0.17857,0.48488566666666666,0.6864826666666667,21.44151,1399.15519009622
288,30,0.178194,0.48343899999999995,0.6850553333333332,21.37355,1403.6039871710595
289,30,0.18578600000000003,0.4965739999999999,0.7029066666666666,21.90236,1369.7154096636161
290,30,0.17852666666666667,0.48403133333333326,0.6861386666666668,21.39886,1401.9438418682118
291,30,0.17708666666666667,0.4842936666666667,0.6863546666666664,21.39818,1401.9883934054205
292,30,0.17848533333333336,0.48456533333333335,0.6862156666666668,21.39518,1402.1849781118924
293,30,0.1786793333333333,0.4851223333333334,0.6869643333333334,21.43157,1399.8041207433705
294,30,0.185334,0.5006396666666667,0.7076096666666666,22.04895,1360.6090085922458
295,30,0.17823399999999995,0.4842593333333332,0.6858156666666666,21.38573,1402.804580437516
296,30,0.17797566666666667,0.48466333333333333,0.686404,21.41838,1400.6661568241855
297,30,0.17819233333333337,0.4847843333333334,0.6864796666666667,21.43634,1399.4926372692353
298,30,0.1865983333333333,0.5033616666666666,0.7084183333333333,22.06985,1359.3205209822452
299,30,0.1787056666666667,0.4851046666666666,0.688417,21.48107,1396.578475839425
300,30,0.17739733333333332,0.48563333333333336,0.6877689999999999,21.46659,1397.5205190950217
301,30,0.17917599999999997,0.48495600000000005,0.686836,21.4294,1399.9458687597412
302,30,0.17930566666666664,0.48737633333333336,0.6908453333333333,21.53349,1393.1787183591698
303,30,0.18486700000000003,0.49635266666666666,0.703142,21.91196,1369.1153141937098
304,30,0.17837866666666669,0.48431233333333334,0.6865216666666666,21.4297,1399.926270549751
305,30,0.17818233333333336,0.4837870000000001,0.6860086666666667,21.38627,1402.7691598394672
306,30,0.17851233333333336,0.4848763333333333,0.6870963333333334,21.41834,1400.6687726499813
307,30,0.18440299999999998,0.4961653333333334,0.7023976666666666,21.88688,1370.684172435724
308,30,0.17890333333333333,0.48630733333333337,0.6884346666666665,21.46514,1397.614923545805
309,30,0.17906666666666662,0.48443033333333335,0.6860306666666668,21.40637,1401.45199769975
310,30,0.17801266666666665,0.48468300000000003,0.6869983333333332,21.41775,1400.7073572153938
311,30,0.17906433333333333,0.48523866666666665,0.6869099999999998,21.43882,1399.3307467481884
312,30,0.18714333333333333,0.49939599999999995,0.7053213333333335,21.9779,1365.0075757920456
313,30,0.17888199999999996,0.48429800000000006,0.6865906666666668,21.40747,1401.3799855844711
314,30,0.1786603333333333,0.4862896666666666,0.6879553333333333,21.46976,1397.314175845468
315,30,0.17827666666666667,0.4847726666666667,0.6864833333333333,21.41498,1400.8885369026727
316,30,0.18308366666666667,0.4971093333333334,0.7011226666666667,21.84685,1373.195678095469
317,30,0.18249700000000002,0.4926046666666667,0.6960176666666666,21.69879,1382.5655716286485
318,30,0.178423,0.4843496666666667,0.6872786666666669,21.42545,1400.2039630439501
319,30,0.1784883333333333,0.48469600000000007,0.6863656666666667,21.39562,1402.1561422384582
320,30,0.17855866666666667,0.4855886666666667,0.6873363333333333,21.42749,1400.0706568991516
321,30,0.1850333333333333,0.49615400000000004,0.7023670000000001,21.93104,1367.9241841700166
322,30,0.17892000000000002,0.485499,0.6872886666666665,21.43172,1399.794323554059
323,30,0.17841566666666664,0.4844116666666666,0.686573,21.40345,1401.6431930366366
324,30,0.17718400000000004,0.4841243333333333,0.6867176666666667,21.40905,1401.2765629488465
325,30,0.1804383333333333,0.488279,0.6916530000000003,21.56018,1391.4540602165657
326,30,0.18305066666666667,0.49325699999999995,0.6984246666666666,21.77356,1377.8178671746834
327,30,0.17896099999999998,0.4840090000000001,0.685699,21.39678,1402.080126075045
328,30,0.17844133333333334,0.48421266666666674,0.6870903333333334,21.44595,1398.8655200632288
329,30,0.1770176666666667,0.48261466666666675,0.6858679999999999,21.38245,1403.0197662101396
330,30,0.18513300000000002,0.4991823333333334,0.7055123333333333,21.98391,1364.634407619027
331,30,0.17808533333333332,0.48404833333333336,0.6860313333333334,21.41473,1400.9048911660338
332,30,0.17833633333333332,0.48446733333333325,0.6861900000000001,21.39194,1402.397351525855
333,30,0.17823600000000003,0.48484666666666665,0.6862833333333334,21.39378,1402.2767365093966
334,30,0.177975,0.4839563333333333,0.6866893333333333,21.40807,1401.3407093680094
335,30,0.18502533333333335,0.5013033333333333,0.7068326666666668,22.02517,1362.0780225532878
336,30,0.17777399999999996,0.4837223333333334,0.6861330000000001,21.39246,1402.3632625700832
337,30,0.17754299999999998,0.48341000000000006,0.685488,21.36786,1403.977749760622
338,30,0.17799966666666664,0.483759,0.6865156666666666,21.42692,1400.1079016489539
339,30,0.18496200000000002,0.49742733333333333,0.7031036666666667,21.91112,1369.1678015546445
340,30,0.178138,0.4846306666666667,0.6868983333333333,21.41865,1400.6485002556183
341,30,0.17851799999999998,0.48503700000000005,0.6867490000000002,21.41012,1401.2065322380256
342,30,0.17875566666666665,0.48582699999999995,0.6874633333333334,21.42876,1399.987680108415
343,30,0.17844300000000005,0.48540333333333324,0.6870386666666667,21.42063,1400.5190323533902
344,30,0.18757599999999996,0.5043563333333333,0.7102246666666665,22.14605,1354.643378841825
345,30,0.17814066666666664,0.4838216666666666,0.6854953333333333,21.42626,1400.1510296243955
346,30,0.178211,0.48484466666666665,0.6862623333333334,21.39242,1402.3658847386132
347,30,0.17844200000000002,0.4848003333333333,0.6863229999999999,21.39466,1402.219058400554
348,30,0.18546666666666664,0.49901133333333336,0.7048253333333334,21.98568,1364.5245450675166
349,30,0.17876666666666666,0.486879,0.6890456666666667,21.48006,1396.6441434521134
350,30,0.17914299999999997,0.48580166666666663,0.6874643333333332,21.43085,1399.8511491611391
351,30,0.17889166666666664,0.48454,0.6861313333333335,21.40791,1401.3511828104658
352,30,0.178486,0.48374533333333336,0.6869523333333334,21.43329,1399.6917878683114
353,30,0.18589633333333333,0.49751033333333333,0.7037246666666666,21.92853,1368.0807605434563
354,30,0.17917366666666662,0.484189,0.685703,21.39737,1402.0414658436996
355,30,0.178321,0.48464999999999997,0.6865093333333334,21.41482,1400.8990035872353
356,30,0.17833266666666664,0.48543400000000003,0.6872366666666667,21.42285,1400.373899831255
357,30,0.18453133333333332,0.4965713333333333,0.7022796666666667,21.88598,1370.740538006523
358,30,0.17859999999999995,0.48413433333333333,0.6863480000000001,21.40343,1401.6445027736208
359,30,0.1784313333333333,0.48402600000000007,0.686203,21.39275,1402.3442521414966
360,30,0.17815666666666669,0.48438366666666677,0.6867606666666666,21.41011,1401.2071866982467
361,30,0.17832133333333336,0.4845059999999999,0.6867633333333333,21.40796,1401.3479098428809
362,30,0.18437566666666663,0.49753366666666665,0.7043193333333332,21.97574,1365.141742667141
363,30,0.1785056666666667,0.4843683333333333,0.6862919999999999,21.4211,1400.488303588518
364,30,0.1784956666666667,0.4849150000000001,0.6870179999999999,21.4172,1400.7433277926152
365,30,0.178957,0.48452599999999996,0.6867396666666666,21.43243,1399.7479520521006
366,30,0.18280533333333332,0.49795000000000006,0.7025846666666667,21.94625,1366.9761348749787
367,30,0.18121166666666663,0.48885266666666666,0.6919463333333333,21.59146,1389.4382315971222
368,30,0.17821133333333336,0.48411366666666666,0.6865473333333332,21.40719,1401.3983152389455
369,30,0.17893200000000004,0.48551599999999995,0.6873569999999999,21.429,1399.9720005599888
370,30,0.17903700000000003,0.48495200000000005,0.686832,21.42857,1400.0000933333395
371,30,0.1839113333333333,0.4963626666666667,0.7033880000000001,21.92136,1368.5282300003284
372,30,0.17843033333333336,0.4844963333333333,0.6867653333333332,21.44072,1399.2067430571362
373,30,0.17844033333333337,0.48499699999999996,0.686889,21.4152,1400.8741454667713
374,30,0.1783713333333333,0.48462,0.6862013333333332,21.39424,1402.2465859969786
375,30,0.18126166666666663,0.4902006666666667,0.695057,21.66477,1384.7366023271884
376,30,0.18061533333333332,0.49077366666666666,0.6944203333333334,21.65307,1385.484829633858
377,30,0.17828199999999997,0.484243,0.6866706666666665,21.40797,1401.3472552511987
378,30,0.178272,0.484012,0.6864150000000001,21.39824,1401.984462273533
379,30,0.17836066666666667,0.4835823333333334,0.6857833333333334,21.40148,1401.7722138842735
380,30,0.18549533333333335,0.49720233333333336,0.7032883333333334,21.91814,1368.729280860511
381,30,0.17900233333333335,0.48414566666666653,0.6861363333333332,21.3978,1402.0132910859993
382,30,0.17808300000000002,0.48408066666666655,0.68614,21.41562,1400.8466717283927
383,30,0.17803266666666662,0.48357166666666657,0.685569,21.37385,1403.5842864060523
384,30,0.17835133333333336,0.4852193333333333,0.6879036666666666,21.46314,1397.7451575119019
385,30,0.18284566666666668,0.4948330000000001,0.7015030000000001,21.8636,1372.14365429298
386,30,0.17783033333333328,0.4836263333333334,0.6856166666666667,21.38365,1402.941032050188
387,30,0.178344,0.48474500000000004,0.6862616666666665,21.39461,1402.2223354386922
388,30,0.17781533333333335,0.48468733333333336,0.686211,21.39288,1402.3357303925418
389,30,0.18470233333333336,0.49681000000000003,0.7025666666666666,21.91465,1368.9472567437763
390,30,0.17901433333333336,0.4857453333333332,0.6877613333333333,21.4457,1398.8818271261837
391,30,0.17826666666666668,0.484331,0.6857813333333332,21.37959,1403.207451592851
392,30,0.17914966666666668,0.4850466666666666,0.6867916666666666,21.41085,1401.1587582931086
393,30,0.1787423333333333,0.48434666666666665,0.6865033333333334,21.4016,1401.7643540669856
394,30,0.185839,0.4979683333333334,0.7040566666666666,21.94168,1367.2608478475668
395,30,0.17772966666666665,0.4847816666666667,0.686357,21.41684,1400.766873170832
396,30,0.1783443333333333,0.48414900000000005,0.6864826666666666,21.42673,1400.120317005908
397,30,0.17828433333333332,0.48493933333333333,0.6866153333333335,21.40602,1401.4749121975967
398,30,0.1855383333333333,0.4976746666666666,0.7032313333333332,21.91667,1368.8210845899491
399,30,0.1783506666666667,0.48480766666666675,0.6864223333333332,21.42693,1400.1072482152133
400,30,0.17837700000000004,0.48433800000000005,0.6866086666666666,21.40618,1401.4644369056039
401,30,0.1786893333333333,0.48453966666666665,0.6868993333333334,21.41199,1401.084158922174
402,30,0.17868799999999999,0.485496,0.6871676666666667,21.4201,1400.5536855570235
403,30,0.185484,0.4987953333333334,0.7055070000000001,22.00447,1363.3593538040225
404,30,0.17810533333333334,0.4838233333333334,0.686034,21.43679,1399.4632591913248
405,30,0.17830899999999997,0.48495933333333335,0.6875786666666664,21.45218,1398.4592708060438
406,30,0.17827866666666664,0.48552533333333336,0.6873739999999999,21.44112,1399.1806398173228
407,30,0.1844926666666667,0.49538099999999996,0.7017293333333333,21.88627,1370.722375260837
408,30,0.17929033333333333,0.4848996666666666,0.6874183333333334,21.43717,1399.438451997162
409,30,0.178121,0.48414866666666667,0.6865736666666665,21.40543,1401.5135411902495
410,30,0.17804533333333336,0.48405,0.6861983333333334,21.39065,1402.481925514185
411,30,0.177741,0.4843133333333333,0.686111,21.38839,1402.630118489517
412,30,0.18455066666666667,0.4970286666666667,0.7030303333333333,21.9096,1369.2627889144485
413,30,0.17789033333333337,0.48406966666666656,0.6864553333333334,21.42732,1400.081764775063
414,30,0.17654000000000003,0.483686,0.6857306666666667,21.37869,1403.2665238141346
415,30,0.17780633333333334,0.4844183333333333,0.6864686666666668,21.40172,1401.7564943378384
416,30,0.18400866666666665,0.49691799999999997,0.7027090000000001,21.91731,1368.7811141057
417,30,0.17867499999999997,0.48503633333333335,0.6874046666666668,21.43593,1399.5194050363107
418,30,0.17767566666666665,0.48373766666666673,0.6870833333333334,21.42,1400.5602240896358
419,30,0.17848966666666669,0.4845690000000001,0.6864260000000001,21.4003,1401.8495067826152
420,30,0.1787193333333333,0.4847573333333333,0.6864673333333333,21.40203,1401.7361904454858
421,30,0.18507933333333332,0.5004286666666666,0.7066793333333333,22.02047,1362.368741448298
422,30,0.17894266666666667,0.4841783333333334,0.6865283333333332,21.40883,1401.2909626541946
423,30,0.17730566666666667,0.484564,0.6868846666666667,21.45009,1398.5955303684038
424,30,0.17791166666666666,0.4840190000000001,0.686466,21.40292,1401.6779018937605
425,30,0.18181100000000003,0.4955593333333333,0.6998813333333334,21.80931,1375.5593368153327
426,30,0.18173399999999998,0.49013266666666677,0.6942109999999998,21.64589,1385.9443986826136
427,30,0.17863400000000001,0.4843113333333333,0.68618,21.41048,1401.1829720772257
428,30,0.17845666666666665,0.48346833333333333,0.6856593333333332,21.37499,1403.5094285424227
429,30,0.17925766666666665,0.4847593333333334,0.6865646666666666,21.42038,1400.5353779904933
430,30,0.18472133333333335,0.49997466666666657,0.7059993333333334,22.01757,1362.5481831101251
431,30,0.17878033333333337,0.4841896666666667,0.6867969999999999,21.42851,1400.004013344838
432,30,0.17857266666666666,0.4840063333333333,0.6855983333333333,21.39411,1402.2551066625347
433,30,0.1780403333333333,0.48456166666666667,0.6867606666666667,21.43376,1399.6610953934355
434,30,0.17985833333333334,0.4873553333333333,0.6906716666666667,21.53438,1393.1211393130427
435,30,0.18465066666666669,0.5030983333333333,0.7091820000000001,22.09593,1357.7161042780276
436,30,0.18230800000000003,0.48788466666666663,0.6902146666666666,21.51591,1394.31704259778
437,30,0.1774883333333333,0.4835326666666667,0.6862370000000001,21.39714,1402.0565365277791
438,30,0.17862199999999998,0.4845343333333334,0.6859436666666666,21.40303,1401.6706980273354
439,30,0.1847466666666667,0.5026849999999999,0.7086200000000001,22.08109,1358.6285821940855
440,30,0.17811533333333332,0.4838189999999999,0.6854143333333335,21.40519,1401.5292552880867
441,30,0.17747300000000002,0.4838476666666667,0.6854513333333333,21.38763,1402.6799603322106
442,30,0.17817599999999997,0.484109,0.6858186666666667,21.39702,1402.0643996220035
443,30,0.17867099999999997,0.484665,0.6862193333333334,21.39314,1402.3186872053377
444,30,0.18385099999999993,0.4984896666666666,0.7033929999999999,21.92218,1368.4770401483795
445,30,0.177705,0.48447533333333337,0.6860586666666666,21.39056,1402.4878264056667
446,30,0.1781013333333333,0.4842056666666667,0.6857863333333333,21.37966,1403.2028572952047
447,30,0.17775566666666667,0.48501700000000003,0.68643,21.42197,1400.4314262413775
448,30,0.18683300000000003,0.49920233333333325,0.7052390000000001,21.97117,1365.4256919408479
449,30,0.17809900000000006,0.48427866666666664,0.6863133333333332,21.40304,1401.6700431340594
450,30,0.17811066666666667,0.483815,0.685315,21.40587,1401.484732926062
451,30,0.17899433333333334,0.485209,0.6867220000000002,21.40734,1401.388495721561
452,30,0.17780899999999997,0.48401133333333335,0.6854633333333333,21.38463,1402.8767390410776
453,30,0.18697166666666667,0.5033296666666666,0.7103749999999999,22.14849,1354.4941438445692
454,30,0.17807666666666666,0.48407199999999995,0.6857513333333335,21.3981,1401.9936349488974
455,30,0.177887,0.48465299999999994,0.6870323333333332,21.43994,1399.2576471762513
456,30,0.17670566666666668,0.48266333333333333,0.6844416666666668,21.38327,1402.9659635780683
457,30,0.18514966666666668,0.49760266666666664,0.7043343333333332,21.96959,1365.523890068044
458,30,0.17770900000000003,0.48394400000000004,0.6855430000000001,21.37876,1403.2619291296596
459,30,0.17802333333333334,0.4849053333333334,0.6868246666666666,21.41363,1400.9768544613876
460,30,0.17772433333333332,0.483532,0.6858243333333333,21.38199,1403.0499499812693
461,30,0.17726066666666668,0.482902,0.6855090000000001,21.38595,1402.7901496075694
462,30,0.184024,0.4965066666666666,0.7017313333333332,21.87055,1371.7076159493017
463,30,0.1779903333333333,0.48456099999999996,0.6861470000000002,21.39683,1402.076849701568
464,30,0.17796099999999998,0.4836233333333333,0.6854479999999998,21.41846,1400.6609252019052
465,30,0.17881800000000003,0.4849579999999999,0.6863553333333334,21.39731,1402.0453972952675
466,30,0.185061,0.4961173333333333,0.7016616666666665,21.86771,1371.8857621579946
467,30,0.17803000000000002,0.48425466666666667,0.6863483333333332,21.43574,1399.5318099585086
468,30,0.17798200000000003,0.4835566666666667,0.6858219999999998,21.38099,1403.1155713556764
469,30,0.17740366666666665,0.48367333333333334,0.6856643333333334,21.37686,1403.3866526702236
470,30,0.17700866666666665,0.48405266666666674,0.685645,21.37537,1403.4844776955906
471,30,0.18398866666666663,0.4988446666666667,0.7051833333333332,21.97516,1365.1777734496586
472,30,0.17787266666666665,0.48416566666666666,0.6860509999999997,21.39168,1402.41439662523
473,30,0.1781703333333333,0.4841930000000001,0.6863449999999999,21.39766,1402.0224641386021
474,30,0.17775833333333335,0.4838670000000001,0.6855149999999999,21.38864,1402.6137239207355
475,30,0.18139899999999998,0.4921426666666667,0.6974526666666667,21.73672,1380.153031368118
476,30,0.17978166666666665,0.48738299999999996,0.6906793333333332,21.54054,1392.7227451122394
477,30,0.17805933333333332,0.4843673333333333,0.6864813333333333,21.40452,1401.573125676259
478,30,0.17769333333333331,0.48381766666666676,0.6855246666666667,21.3718,1403.7189193235947
479,30,0.17765200000000003,0.4834726666666667,0.6855093333333334,21.37083,1403.782632682025
480,30,0.1833596666666667,0.4943963333333334,0.7021640000000001,21.88699,1370.6772836283108
481,30,0.17818900000000001,0.48514666666666667,0.6872023333333335,21.46505,1397.6207835527987
482,30,0.17798699999999995,0.4845946666666666,0.6864459999999999,21.40039,1401.84361126129
483,30,0.17766066666666672,0.48406699999999997,0.6858099999999999,21.38396,1402.9206938284583
484,30,0.17947900000000003,0.4870626666666667,0.6894339999999999,21.49199,1395.8688795220917
485,30,0.18344066666666664,0.497561,0.7024453333333333,21.91252,1369.0803248553793
486,30,0.17814133333333337,0.48366966666666666,0.685148,21.37522,1403.4943266081004
487,30,0.17843833333333337,0.483809,0.686007,21.38591,1402.7927733727486
488,30,0.1786503333333333,0.48421333333333333,0.6866293333333334,21.40852,1401.311253650416
489,30,0.18449433333333334,0.503195,0.7114186666666666,22.18222,1352.4345173747263
490,30,0.17836966666666668,0.484529,0.6869759999999999,21.41871,1400.644576634167
491,30,0.1785103333333333,0.48490633333333333,0.6871500000000001,21.44334,1399.0357845372969
492,30,0.17833766666666667,0.48462066666666653,0.6862389999999999,21.39392,1402.267560129233
493,30,0.178223,0.484603,0.6866556666666668,21.40328,1401.654325879024
494,30,0.18343199999999996,0.49616633333333326,0.7019726666666666,21.88328,1370.9096625368775
495,30,0.17805500000000002,0.48385833333333333,0.6859716666666666,21.38797,1402.6576622278785
496,30,0.17758433333333334,0.483723,0.6861366666666667,21.38718,1402.709473619243
497,30,0.17800566666666667,0.484311,0.6869713333333333,21.41203,1401.0815415446364
498,30,0.18447233333333335,0.5001603333333333,0.7056410000000001,22.02635,1362.0050530387468
499,30,0.17777066666666663,0.4841706666666667,0.6871906666666666,21.44207,1399.1186485260052
500,30,0.17797499999999997,0.48375399999999996,0.6861510000000001,21.39216,1402.382929073081
501,30,0.17842866666666668,0.48447733333333337,0.6864546666666664,21.41465,1400.9101246109556
502,30,0.178229,0.48389833333333326,0.6857289999999999,21.4159,1400.8283565014779
503,30,0.188089,0.5002973333333334,0.7071279999999999,22.05319,1360.3474145917212
504,30,0.17800866666666668,0.484422,0.6868853333333333,21.41659,1400.7832245936445
505,30,0.17826066666666668,0.48461466666666664,0.6872116666666668,21.41976,1400.5759168169952
506,30,0.17798566666666668,0.48529433333333327,0.6875529999999999,21.43146,1399.8113054360272
507,30,0.18413966666666667,0.4978556666666668,0.7036856666666667,21.94515,1367.0446545136397
508,30,0.17728933333333338,0.48499166666666654,0.6872916666666666,21.45329,1398.3869140817096
509,30,0.17823099999999997,0.48543200000000003,0.6881656666666667,21.45048,1398.570101927789
510,30,0.17776499999999998,0.48449766666666666,0.6864486666666666,21.40032,1401.8481966624797
511,30,0.17816866666666664,0.4839906666666666,0.686198,21.39064,1402.482581166342
512,30,0.18383366666666667,0.49613333333333337,0.701949,21.87552,1371.3959713871945
513,30,0.17823666666666668,0.48494266666666663,0.6864283333333333,21.40766,1401.3675478777225
514,30,0.17788900000000002,0.48452633333333334,0.6863790000000001,21.39737,1402.0414658436996
515,30,0.17878333333333332,0.4846026666666666,0.6863090000000001,21.4219,1400.4360024087498
516,30,0.18510566666666667,0.49772466666666665,0.7033893333333333,21.91459,1368.9510047872216
517,30,0.17807966666666672,0.4851576666666667,0.6878163333333335,21.4489,1398.6731254283436
518,30,0.17645299999999997,0.48382700000000006,0.6856836666666667,21.37747,1403.3466074329658
519,30,0.17736966666666662,0.483485,0.6857733333333332,21.3998,1401.8822605818746
520,30,0.1779536666666667,0.4835156666666666,0.6854636666666667,21.40362,1401.632060371096
521,30,0.18467333333333338,0.4972676666666667,0.703084,21.90998,1369.2390408389238
522,30,0.1772996666666667,0.484106,0.6857810000000001,21.40224,1401.722436530008
523,30,0.17863533333333334,0.48494699999999996,0.6869986666666665,21.41555,1400.8512506099541
524,30,0.17804466666666668,0.48367499999999997,0.6860743333333335,21.38556,1402.815731736742
525,30,0.19099733333333335,0.5014343333333334,0.7074173333333335,22.03793,1361.2893769968414
526,30,0.1806006666666667,0.49259533333333333,0.6955826666666668,21.70624,1382.0910484726971
527,30,0.1771863333333334,0.48463066666666665,0.68707,21.42411,1400.2915406987736
528,30,0.17816333333333337,0.484579,0.6864503333333334,21.39728,1402.0473630293195
529,30,0.17790033333333327,0.48501433333333327,0.6869203333333331,21.41271,1401.03704762265
530,30,0.18695299999999995,0.498846,0.7057586666666666,21.99126,1364.178314475842
531,30,0.177994,0.48392199999999996,0.6867496666666667,21.41402,1400.9513393561788
532,30,0.17669900000000005,0.48422766666666656,0.6860696666666666,21.41086,1401.1581038781253
533,30,0.17781666666666665,0.4848343333333333,0.68683,21.40826,1401.3282723584261
534,30,0.1799016666666667,0.4884226666666666,0.6913440000000001,21.54795,1392.243809735961
535,30,0.1829606666666667,0.49363966666666664,0.6985576666666667,21.77504,1377.724220024395
536,30,0.1785196666666667,0.4842909999999999,0.686225,21.40937,1401.2556184511734
537,30,0.17825700000000003,0.48431366666666664,0.6874283333333332,21.42993,1399.9112456270273
538,30,0.17838833333333332,0.48373799999999995,0.686277,21.39638,1402.1063376141199
539,30,0.18417866666666666,0.49576499999999996,0.702652,21.89555,1370.141421430382
540,30,0.17866333333333334,0.48459833333333335,0.686231,21.39809,1401.9942901445875
541,30,0.17887366666666663,0.4850143333333334,0.687331,21.42719,1400.09025915204
542,30,0.17791933333333335,0.48384799999999994,0.6862753333333332,21.43033,1399.8851160948057
543,30,0.17802633333333334,0.4844776666666667,0.6870080000000001,21.4313,1399.8217560297321
544,30,0.18402200000000002,0.497064,0.7039869999999999,21.94191,1367.2465159140659
545,30,0.17816033333333334,0.4847133333333334,0.6872853333333333,21.4271,1400.0961399349421
546,30,0.1768916666666667,0.48407999999999995,0.6859173333333334,21.38148,1403.0834161152547
547,30,0.177562,0.48425766666666675,0.6859873333333333,21.4012,1401.7905538007215
548,30,0.18419066666666667,0.499288,0.7053176666666666,21.97481,1365.199517083424
549,30,0.177599,0.4841043333333333,0.6865046666666667,21.44124,1399.1728090352983
550,30,0.17747433333333335,0.4840176666666666,0.685825,21.38198,1403.0506061646304
551,30,0.17679333333333333,0.48456299999999997,0.6864066666666665,21.39593,1402.1358267670532
552,30,0.177867,0.4843836666666666,0.6862050000000001,21.39307,1402.3232757149863
553,30,0.18698000000000006,0.5019296666666667,0.7075683333333332,22.07757,1358.8451989960852
554,30,0.17844666666666667,0.48486599999999996,0.6867206666666666,21.40934,1401.257581971233
555,30,0.178119,0.48430133333333336,0.6878163333333335,21.44037,1399.2295841909445
556,30,0.1772996666666667,0.4838403333333333,0.6857373333333333,21.37822,1403.2973746177183
557,30,0.184364,0.4977939999999999,0.7044726666666666,21.95091,1366.6859369383774
558,30,0.188386,0.49460299999999996,0.6967693333333332,21.73212,1380.4451659571178
559,30,0.17777766666666664,0.484236,0.6865536666666664,21.40663,1401.4349759864117
560,30,0.17759033333333332,0.4854693333333333,0.6875796666666667,21.4584,1398.0539089587296
561,30,0.17900366666666667,0.48565933333333344,0.6873666666666669,21.42601,1400.167366672563
562,30,0.1850443333333333,0.49712000000000006,0.7032396666666666,21.92,1368.6131386861314
563,30,0.178772,0.4853546666666667,0.6878156666666667,21.4476,1398.7579029821518
564,30,0.1785803333333333,0.4846566666666667,0.6869613333333332,21.41444,1400.9238625899159
565,30,0.17768966666666666,0.483707,0.686905,21.41399,1400.9533020235835
566,30,0.18546533333333332,0.4991783333333332,0.7044656666666665,21.95509,1366.4257354444915
567,30,0.17933799999999997,0.485946,0.687852,21.47492,1396.9784287904215
568,30,0.17850933333333338,0.4842206666666667,0.686844,21.41326,1401.001061958805
569,30,0.1782543333333333,0.4849016666666667,0.6873053333333332,21.42315,1400.3542896352778
570,30,0.17762133333333327,0.48430033333333333,0.686494,21.42052,1400.5262243867096
571,30,0.18638866666666667,0.4987366666666666,0.7054100000000001,21.9834,1364.6660662135976
572,30,0.17889100000000002,0.48418733333333336,0.6862600000000001,21.40102,1401.8023440004263
573,30,0.1782853333333333,0.48493033333333335,0.6871416666666667,21.42153,1400.4601912188343
574,30,0.17851966666666666,0.48435800000000007,0.6868000000000001,21.41151,1401.115568215413
575,30,0.18908699999999998,0.5005679999999999,0.7071026666666665,22.03137,1361.694710769235
576,30,0.17877166666666663,0.4849743333333334,0.6874476666666666,21.43903,1399.317039996679
577,30,0.17870766666666668,0.4854,0.6874406666666667,21.45502,1398.2741568173788
578,30,0.17828800000000003,0.4841183333333332,0.6859803333333334,21.40064,1401.8272350733437
579,30,0.177855,0.4847943333333333,0.6867180000000003,21.45528,1398.2572122107006
580,30,0.18443266666666666,0.49670233333333325,0.7033103333333333,21.92292,1368.4308477155416
581,30,0.17864133333333335,0.4846033333333334,0.6871796666666666,21.42654,1400.132732583049
582,30,0.178886,0.4853000000000001,0.6870513333333333,21.41903,1400.6236510243461
583,30,0.17861333333333332,0.484297,0.6862083333333333,21.41078,1401.1633392151057
584,30,0.18252033333333328,0.4909569999999999,0.6959456666666667,21.72023,1381.2008436374754
585,30,0.18142333333333335,0.49004633333333325,0.6940839999999999,21.64499,1386.0020263349625
586,30,0.17828566666666668,0.48472366666666666,0.6864139999999997,21.40399,1401.6078310632736
587,30,0.17886233333333335,0.48515,0.6871443333333332,21.44655,1398.8263846632674
588,30,0.17788366666666666,0.483773,0.6858473333333333,21.40138,1401.7787637993438
589,30,0.18520933333333334,0.49861000000000005,0.7050146666666666,21.97189,1365.3809481114279
590,30,0.178663,0.48455400000000004,0.6871416666666668,21.42699,1400.1033276255787
591,30,0.17858499999999997,0.4850833333333332,0.6869160000000001,21.41713,1400.7479059986097
592,30,0.17903266666666665,0.48501733333333336,0.6866973333333333,21.40881,1401.292271732992
593,30,0.1780716666666667,0.48579799999999995,0.688572,21.47098,1397.2347792229325
594,30,0.1848796666666667,0.4962103333333333,0.7022193333333334,21.92418,1368.3522029102114
595,30,0.17894566666666664,0.4843449999999999,0.6864419999999999,21.40555,1401.5056842734712
596,30,0.1782546666666667,0.4842076666666666,0.6865303333333334,21.40538,1401.5168149315732
597,30,0.1782966666666667,0.48428033333333337,0.6866093333333334,21.40668,1401.431702627404
598,30,0.184038,0.4960253333333334,0.703263,21.92066,1368.5719316845386
599,30,0.17878766666666668,0.4843376666666666,0.68676,21.41789,1400.6982013634397
600,30,0.17847966666666665,0.48502933333333326,0.6868843333333334,21.41788,1400.6988553488954
601,30,0.17827300000000001,0.48468933333333325,0.6866193333333332,21.42131,1400.474574150694
602,30,0.17865866666666666,0.4845483333333333,0.6863896666666668,21.40089,1401.8108592680026
603,30,0.18406633333333336,0.5023260000000002,0.7079373333333333,22.06124,1359.851032852188
604,30,0.17845733333333333,0.4837296666666667,0.6858246666666666,21.40976,1401.2300931911427
605,30,0.17863333333333337,0.4840133333333334,0.6860596666666667,21.39068,1402.4799585613923
606,30,0.177925,0.48395066666666664,0.6858893333333334,21.38477,1402.8675548065282
607,30,0.18420333333333333,0.4968506666666667,0.7035363333333334,21.92668,1368.1961883878453
608,30,0.17814066666666667,0.4836576666666666,0.6859253333333334,21.39222,1402.3789957283536
609,30,0.178127,0.48358899999999994,0.6857399999999999,21.40449,1401.5750900862388
610,30,0.17735066666666668,0.48309433333333324,0.6855446666666668,21.37131,1403.7511036993053
611,30,0.1783173333333333,0.4850663333333333,0.6876493333333332,21.46702,1397.4925257441414
612,30,0.18399833333333332,0.49648600000000004,0.7041706666666666,21.96261,1365.9578711273386
613,30,0.17855166666666672,0.4853376666666667,0.687763,21.45949,1397.982897077237
614,30,0.1785276666666667,0.4851773333333334,0.687874,21.4446,1398.9535827201253
615,30,0.17836266666666667,0.48564366666666664,0.6877893333333333,21.44253,1399.0886336640312
616,30,0.19043700000000002,0.5052046666666666,0.7109703333333334,22.16346,1353.5792696627693
617,30,0.17785166666666663,0.48451133333333335,0.6877980000000002,21.45099,1398.5368507467488
618,30,0.17975200000000002,0.490007,0.6921489999999998,21.60204,1388.7577284367587
619,30,0.1785113333333333,0.4849996666666666,0.6876853333333331,21.4404,1399.2276263502547
620,30,0.17891699999999996,0.4857896666666666,0.6880653333333332,21.45009,1398.5955303684038
621,30,0.18704966666666664,0.5019803333333335,0.7082419999999999,22.09152,1357.9871371458369
622,30,0.17770200000000003,0.48438133333333333,0.6880900000000001,21.45464,1398.29892275051
623,30,0.17824866666666664,0.4851176666666666,0.6872193333333334,21.42711,1400.0954865121803
624,30,0.17843399999999995,0.48594633333333337,0.687759,21.44261,1399.083413819493
625,30,0.18437599999999996,0.49653866666666674,0.7027120000000002,21.91226,1369.0965696829082
626,30,0.17654899999999998,0.48378533333333334,0.6872553333333334,21.43331,1399.6904817781294
627,30,0.178562,0.48522166666666666,0.6873243333333333,21.42959,1399.933456496368
628,30,0.17837133333333333,0.485732,0.6879170000000001,21.46628,1397.5407010436834
629,30,0.17873066666666668,0.484325,0.6868390000000001,21.4141,1400.9461056033176
630,30,0.184516,0.4984706666666667,0.7046923333333334,21.96144,1366.0306427993794
631,30,0.17725200000000002,0.4833693333333334,0.6868916666666666,21.4197,1400.5798400537822
632,30,0.17838433333333328,0.48518199999999995,0.6879533333333332,21.44881,1398.678994312505
633,30,0.17903300000000003,0.48478733333333335,0.6872899999999998,21.42799,1400.0379876973996
634,30,0.18286033333333332,0.494661,0.7002683333333334,21.82526,1374.5540717498898
635,30,0.17968433333333333,0.4874896666666667,0.6909576666666666,21.57344,1390.598810389071
636,30,0.17843366666666666,0.48552,0.6875680000000001,21.45462,1398.3002262449766
637,30,0.178058,0.484286,0.6868983333333334,21.418,1400.6910075637315
638,30,0.17772066666666667,0.4838386666666666,0.6871839999999999,21.44441,1398.9659776137464
639,30,0.185823,0.49657300000000004,0.7033793333333335,21.92718,1368.1649897524442
640,30,0.17855633333333334,0.48500566666666667,0.6870676666666664,21.42838,1400.0125067783938
641,30,0.17827299999999996,0.4843539999999999,0.6864713333333334,21.41698,1400.7577165408009
642,30,0.17903333333333335,0.4846143333333333,0.6875839999999999,21.43769,1399.404506735567
643,30,0.17972233333333332,0.48835500000000004,0.6916946666666666,21.56249,1391.3049930689822
644,30,0.18260566666666664,0.49332799999999993,0.6987766666666668,21.785,1377.094330961671
645,30,0.17806466666666668,0.484076,0.6875349999999999,21.46121,1397.8708563030696
646,30,0.17838466666666666,0.485002,0.6869486666666667,21.42094,1400.498764293257
647,30,0.17845766666666663,0.48530599999999996,0.6873943333333333,21.43198,1399.7773420841193
648,30,0.18499499999999997,0.50144,0.7072569999999999,22.03896,1361.2257565692755
649,30,0.17826866666666666,0.4845993333333334,0.6869186666666668,21.421,1400.4948415106671
650,30,0.17776033333333335,0.4847996666666667,0.6868859999999999,21.41675,1400.7727596390678
651,30,0.178453,0.4852256666666666,0.6872030000000001,21.42487,1400.2418684454096
652,30,0.17946933333333331,0.48627499999999996,0.689027,21.50549,1394.992627463964
653,30,0.18372466666666665,0.4966883333333333,0.7021833333333335,21.88903,1370.5495401121018
654,30,0.178999,0.4859020000000001,0.6878619999999999,21.44983,1398.6124831758573
655,30,0.17728799999999995,0.4837666666666667,0.6875016666666667,21.46017,1397.9385997408222
656,30,0.17813966666666664,0.4857346666666667,0.6879653333333333,21.45055,1398.5655379465795
657,30,0.184696,0.49717533333333336,0.703788,21.95522,1366.4176446421397
658,30,0.17796766666666666,0.48461366666666683,0.6871493333333333,21.43055,1399.8707452678536
659,30,0.17730600000000005,0.4854036666666666,0.6883266666666666,21.46098,1397.8858374594263
660,30,0.1789796666666667,0.48547066666666666,0.687325,21.44514,1398.918356326888
661,30,0.17842199999999997,0.48628599999999994,0.688404,21.46267,1397.7757660160642
662,30,0.1845153333333333,0.5024573333333333,0.7087503333333334,22.108,1356.9748507327665
663,30,0.17826133333333333,0.48519966666666664,0.6890376666666665,21.48452,1396.3542122421165
664,30,0.17817666666666668,0.48527233333333336,0.687533,21.45047,1398.5707539275363
665,30,0.1782416666666667,0.485025,0.6879233333333333,21.44785,1398.741598808272
666,30,0.18441333333333335,0.49695000000000006,0.7026666666666667,21.91803,1368.736150101081
667,30,0.17778099999999997,0.48344366666666666,0.6864556666666667,21.41001,1401.2137313340816
668,30,0.17829400000000004,0.4846786666666667,0.686638,21.40782,1401.3570741906462
669,30,0.17702266666666666,0.48371400000000003,0.6864576666666669,21.4255,1400.200695433012
670,30,0.17798600000000006,0.48434766666666673,0.6859719999999997,21.38754,1402.6858628902623
671,30,0.183767,0.49435233333333334,0.7007666666666665,21.84677,1373.2007065575367
672,30,0.1786473333333333,0.485,0.6872403333333335,21.4538,1398.353671610624
673,30,0.17724366666666666,0.4835576666666666,0.685387,21.3725,1403.6729442040005
674,30,0.17757466666666663,0.48406533333333335,0.6860723333333334,21.39124,1402.443243121951
675,30,0.18548133333333341,0.4977493333333333,0.7039693333333332,21.93751,1367.5207441500881
676,30,0.17684133333333332,0.48315199999999997,0.6850063333333332,21.37783,1403.3229752505283
677,30,0.17807199999999998,0.48381166666666675,0.6855800000000001,21.3935,1402.2950896300279
678,30,0.17705933333333332,0.48293033333333335,0.6847849999999998,21.41238,1401.0586399083147
679,30,0.1775276666666667,0.4831296666666667,0.6852940000000001,21.39565,1402.1541761993676
680,30,0.18349866666666667,0.49624433333333334,0.7014480000000002,21.86528,1372.0382268143833
681,30,0.178031,0.48391966666666664,0.6853493333333334,21.37466,1403.5310971028312
682,30,0.17819133333333328,0.48465499999999995,0.6865366666666668,21.40607,1401.4716386520272
683,30,0.17775000000000002,0.48338566666666666,0.6862066666666667,21.39757,1402.0283611643752
684,30,0.18582,0.5037033333333334,0.708662,22.0822,1358.560288377064
685,30,0.17767266666666662,0.4831856666666666,0.6855753333333333,21.39891,1401.9405661316393
686,30,0.1781636666666667,0.48346599999999995,0.6856413333333333,21.40004,1401.8665385672177
687,30,0.17716900000000002,0.4829243333333334,0.6852433333333333,21.36722,1404.0198022952916
688,30,0.17668633333333333,0.48342100000000005,0.6855813333333333,21.37789,1403.3190366308368
689,30,0.1838523333333333,0.49534200000000006,0.7016053333333333,21.89207,1370.3592213984334
690,30,0.17753999999999995,0.48279766666666657,0.6845986666666666,21.36473,1404.183436907464
691,30,0.17787033333333332,0.4839516666666667,0.6857473333333335,21.38316,1402.9731807646767
692,30,0.17681100000000002,0.482316,0.6857833333333333,21.38758,1402.6832395249953
693,30,0.18131466666666665,0.4898736666666667,0.6947163333333333,21.65954,1385.070966419416
694,30,0.17975933333333333,0.4891253333333333,0.6928013333333333,21.60649,1388.4717045665448
695,30,0.17792166666666664,0.4842143333333333,0.6858709999999999,21.39052,1402.490449040042
696,30,0.1772216666666667,0.4830616666666667,0.6847863333333333,21.36793,1403.9731504174713
697,30,0.17694133333333334,0.4825823333333333,0.6857949999999999,21.38439,1402.89248372294
698,30,0.18480566666666667,0.4998306666666667,0.705835,22.00053,1363.6035131880913
699,30,0.17697133333333337,0.482983,0.6848376666666668,21.37192,1403.7110376606313
700,30,0.17795666666666674,0.483411,0.6847969999999998,21.36875,1403.9192746417082
701,30,0.177769,0.484072,0.6857296666666668,21.37806,1403.3078773284385
702,30,0.17798499999999995,0.484141,0.6866923333333333,21.41466,1400.909470428202
703,30,0.1822756666666666,0.49569133333333326,0.7010886666666666,21.89038,1370.465017053153
704,30,0.17790133333333336,0.48358066666666666,0.6856566666666667,21.38216,1403.0387949580397
705,30,0.177578,0.4826283333333334,0.6848499999999998,21.35202,1405.0192909148643
706,30,0.177634,0.48367166666666667,0.6858063333333333,21.40274,1401.6896901985447
707,30,0.18423533333333325,0.5020246666666668,0.7079746666666666,22.06077,1359.8800041884303
708,30,0.17794766666666667,0.48426233333333335,0.6902236666666667,21.52265,1393.8804004153762
709,30,0.17769966666666667,0.48348833333333324,0.6853920000000001,21.38655,1402.7507943076373
710,30,0.17847466666666667,0.48382933333333333,0.6856449999999998,21.39445,1402.2328220636662
711,30,0.17787966666666666,0.48321400000000003,0.685711,21.37897,1403.248145256764
712,30,0.18432733333333334,0.4981643333333333,0.7046686666666668,21.97924,1364.9243558921964
713,30,0.1781099999999999,0.48359233333333335,0.6855346666666666,21.3903,1402.504873704436
714,30,0.177923,0.4835413333333332,0.6853283333333332,21.36987,1403.8456948965998
715,30,0.1780433333333334,0.48304433333333324,0.6848823333333335,21.35346,1404.9245415028759
716,30,0.18408499999999997,0.4993516666666667,0.705236,21.98024,1364.8622581009124
717,30,0.17748466666666665,0.4831526666666666,0.6854096666666665,21.37864,1403.2698057500384
718,30,0.17818500000000004,0.48391933333333337,0.686295,21.39775,1402.0165671624352
719,30,0.17760666666666666,0.48339366666666667,0.6857683333333334,21.38095,1403.1181963383292
720,30,0.17828433333333335,0.48415266666666673,0.6864620000000001,21.4255,1400.200695433012
721,30,0.18364233333333332,0.5012513333333334,0.7067143333333334,22.0197,1362.4163816945736
722,30,0.17836400000000002,0.48429966666666663,0.6863899999999998,21.40319,1401.6602198083558
723,30,0.17783600000000002,0.483492,0.6856346666666667,21.43014,1399.8975275009868
724,30,0.1778356666666667,0.484389,0.6860689999999999,21.38883,1402.6012643047795
725,30,0.18321033333333336,0.49531100000000006,0.7013356666666667,21.87359,1371.516975494192
726,30,0.1766076666666666,0.48239633333333337,0.684686,21.35743,1404.663388806612
727,30,0.17815599999999998,0.4837663333333332,0.6862136666666668,21.39536,1402.1731814748618
728,30,0.17809866666666666,0.4843503333333333,0.6861276666666666,21.39373,1402.2800138171324
729,30,0.17761466666666662,0.483718,0.6852746666666667,21.36279,1404.3109537658704
730,30,0.18407166666666666,0.49640433333333334,0.7026703333333334,21.92811,1368.1069640748792
731,30,0.17780566666666664,0.48391166666666663,0.6854746666666665,21.37657,1403.4056913714408
732,30,0.178061,0.48485166666666674,0.6865603333333332,21.4073,1401.391114246075
733,30,0.17803366666666662,0.48363566666666663,0.685672,21.37774,1403.3288832215192
734,30,0.18186499999999997,0.5000626666666667,0.7043776666666667,21.94927,1366.7880526322742
735,30,0.17972,0.486954,0.6903183333333333,21.52804,1393.5314129851117
736,30,0.17883366666666667,0.48467066666666675,0.6862463333333333,21.4107,1401.1685745912089
737,30,0.17873466666666663,0.4840676666666667,0.686241666666667,21.41767,1400.7125891845378
738,30,0.18168933333333337,0.4872816666666668,0.689451,21.49262,1395.8279632729746
739,30,0.18561566666666662,0.4977670000000001,0.7045399999999999,21.95868,1366.2023400313678
740,30,0.17709766666666668,0.48392466666666667,0.6859693333333337,21.39282,1402.3396634945743
741,30,0.17867499999999997,0.4844876666666666,0.686422,21.43146,1399.8113054360272
742,30,0.17819933333333332,0.4843563333333333,0.686367,21.40137,1401.7794187942175
743,30,0.18132800000000002,0.48966333333333334,0.6925083333333334,21.60474,1388.5841718067425
744,30,0.18035166666666666,0.4900473333333333,0.6950246666666666,21.68822,1383.239380640735
745,30,0.17825666666666667,0.484045,0.6864376666666666,21.40467,1401.563303708957
746,30,0.17842566666666665,0.4846023333333333,0.6865346666666666,21.40518,1401.5299100498105
747,30,0.17819100000000002,0.48448066666666667,0.686056,21.40493,1401.5462792917333
748,30,0.18461466666666668,0.4980136666666665,0.7039393333333333,21.94297,1367.1804682775396
749,30,0.17785166666666669,0.4835139999999999,0.6851063333333333,21.369,1403.9028499227854
750,30,0.17853666666666665,0.48578233333333337,0.6873103333333332,21.43158,1399.8034675931501
751,30,0.17847666666666667,0.48413599999999996,0.685658,21.39524,1402.1810458774944
752,30,0.17853,0.48476699999999995,0.6867250000000001,21.42743,1400.0745773058177
753,30,0.18313533333333334,0.49642699999999995,0.7028403333333336,21.9091,1369.2940376373288
754,30,0.1779083333333333,0.48436599999999996,0.686047,21.43529,1399.5611909146087
755,30,0.17886266666666667,0.48377233333333336,0.6858639999999999,21.38493,1402.8570586857193
756,30,0.17845999999999998,0.48389166666666666,0.6860510000000001,21.38849,1402.6235606160135
757,30,0.18432766666666672,0.497037,0.7022713333333334,21.90359,1369.6384930506824
758,30,0.17796666666666666,0.48360266666666674,0.6852280000000001,21.40783,1401.3564195904023
759,30,0.177756,0.482631,0.684175,21.38163,1403.0735729689459
760,30,0.17910433333333328,0.48445666666666665,0.6864806666666666,21.40435,1401.584257405621
761,30,0.17810666666666672,0.483486,0.685069,21.37817,1403.3006566979307
762,30,0.18591266666666667,0.49700433333333327,0.7042053333333332,21.95419,1366.481751319452
763,30,0.17759833333333333,0.48265966666666665,0.6842433333333333,21.35496,1404.8258577866688
764,30,0.18010033333333333,0.48509466666666673,0.6870870000000001,21.4524,1398.4449292386867
765,30,0.17790966666666666,0.483394,0.6852569999999999,21.36527,1404.1479466442504
766,30,0.184002,0.4995563333333333,0.7050953333333332,21.98961,1364.2806761920745
767,30,0.17740899999999998,0.4823513333333333,0.6844476666666668,21.34784,1405.2943998081305
768,30,0.178384,0.4843873333333333,0.6861373333333332,21.39576,1402.146967436539
769,30,0.17834933333333333,0.48404366666666665,0.6854266666666667,21.38866,1402.6124123717896
770,30,0.17828466666666667,0.4844913333333333,0.6867683333333333,21.4116,1401.1096788656616
771,30,0.18378666666666665,0.49440900000000004,0.701144,21.87662,1371.3270148679276
772,30,0.178304,0.484933,0.6868273333333333,21.41786,1400.700163321639
773,30,0.17763266666666666,0.48486566666666664,0.6867059999999998,21.41111,1401.141743702218
774,30,0.17813233333333336,0.483695,0.6859756666666667,21.40602,1401.4749121975967
775,30,0.18425166666666667,0.4949106666666666,0.7011406666666666,21.889,1370.5514185207182
776,30,0.17722866666666667,0.483373,0.6852386666666666,21.37208,1403.7005289143592
777,30,0.1779053333333333,0.4836563333333333,0.6855766666666666,21.37805,1403.3085337530786
778,30,0.17782700000000004,0.4835596666666666,0.6872306666666664,21.42417,1400.2876190769584
779,30,0.17831833333333333,0.48361200000000004,0.6858793333333334,21.38513,1402.8439387555745
780,30,0.1872326666666667,0.5050776666666668,0.7111363333333334,22.15361,1354.181101861051
781,30,0.17802700000000002,0.4838963333333333,0.6860163333333333,21.39468,1402.2177475895878
782,30,0.17712066666666665,0.48307466666666665,0.6847586666666665,21.40879,1401.2935808142356
783,30,0.17809666666666668,0.4837013333333333,0.6852766666666666,21.36506,1404.1617482000986
784,30,0.182835,0.4942653333333333,0.6994380000000001,21.80174,1376.03695851799
785,30,0.18106766666666668,0.488244,0.6917493333333333,21.56887,1390.893449680025
786,30,0.17853766666666668,0.484773,0.6863963333333333,21.40495,1401.5449697383083
787,30,0.177081,0.4828696666666667,0.686281,21.39817,1401.9890485962117
788,30,0.17789700000000003,0.4835373333333333,0.6862363333333332,21.4172,1400.7433277926152
789,30,0.18442199999999997,0.4968643333333334,0.7029286666666666,21.91004,1369.23529121809
790,30,0.17825499999999994,0.48421533333333333,0.6862363333333333,21.40011,1401.8619530460358
791,30,0.17805,0.4832600000000001,0.6854573333333334,21.37591,1403.4490227550546
792,30,0.17760233333333328,0.483373,0.6861946666666668,21.40929,1401.2608545168941
793,30,0.1813393333333333,0.48879766666666663,0.6927363333333331,21.61214,1388.1087203766033
794,30,0.18012266666666665,0.48944533333333334,0.6941793333333336,21.64541,1385.9751328341667
795,30,0.17781866666666665,0.48375866666666667,0.6859529999999999,21.39164,1402.4170189849867
796,30,0.1774523333333333,0.48418533333333336,0.6863896666666667,21.40223,1401.7230914722436
797,30,0.17786633333333335,0.4833193333333334,0.6854393333333334,21.37233,1403.684109313304
798,30,0.1842076666666667,0.4960636666666666,0.7037476666666667,21.9374,1367.527601265419
799,30,0.177256,0.4824356666666666,0.683982,21.3608,1404.4417812066965
800,30,0.17852566666666667,0.48456066666666664,0.6904576666666667,21.54123,1392.6781339784218
801,30,0.17707666666666666,0.4841036666666667,0.6857500000000001,21.39989,1401.8763647850526
802,30,0.17811066666666664,0.48511466666666675,0.6880976666666666,21.45498,1398.276763716396
803,30,0.182454,0.49459333333333333,0.7008213333333333,21.84872,1373.078148285117
804,30,0.1778206666666667,0.48360433333333336,0.6864113333333334,21.40591,1401.4821140516801
805,30,0.17799266666666672,0.48372633333333337,0.6858753333333333,21.40896,1401.2824537016277
806,30,0.17700166666666664,0.4852429999999999,0.6870549999999999,21.42081,1400.5072637309233
807,30,0.18466166666666667,0.496417,0.7020949999999999,21.88667,1370.6973239876143
808,30,0.17755333333333337,0.48352366666666674,0.6864076666666666,21.40813,1401.3367818674494
809,30,0.17820999999999998,0.484123,0.6862753333333335,21.43258,1399.7381556490166
810,30,0.17834333333333335,0.48513500000000004,0.6868289999999999,21.41494,1400.8911535591508
811,30,0.1774136666666667,0.48466800000000004,0.686615,21.40899,1401.2804901118643
812,30,0.18513533333333335,0.4978639999999999,0.7040866666666667,21.94785,1366.8764822066853
813,30,0.17794700000000002,0.484307,0.6863389999999999,21.40304,1401.6700431340594
814,30,0.17888833333333337,0.4848783333333333,0.6871466666666667,21.42305,1400.360826306245
815,30,0.17910133333333336,0.48462466666666676,0.6869426666666667,21.44035,1399.2308894211149
816,30,0.18526266666666666,0.498984,0.7050973333333332,22.0021,1363.50621077079
817,30,0.17850866666666668,0.4843353333333333,0.6863463333333334,21.42387,1400.3072274056926
818,30,0.17830166666666666,0.484994,0.6880406666666666,21.45114,1398.527071288519
819,30,0.177817,0.4846636666666667,0.686601,21.40812,1401.3374364493473
820,30,0.176813,0.48373533333333335,0.6862746666666666,21.39838,1401.9752897181936
821,30,0.18299799999999997,0.4958406666666667,0.7020129999999999,21.88281,1370.9391069976846
822,30,0.177758,0.4833763333333333,0.6862586666666667,21.40122,1401.7892437907747
823,30,0.17759833333333333,0.483168,0.685577,21.40059,1401.830510280324
824,30,0.17820433333333333,0.48453299999999994,0.6867323333333335,21.41189,1401.090702408802
825,30,0.1829556666666666,0.4960506666666666,0.7035486666666666,21.92574,1368.254845674536
826,30,0.176839,0.4828256666666667,0.6860266666666666,21.41915,1400.6158040818611
827,30,0.1794256666666666,0.4868676666666667,0.6895426666666666,21.51905,1394.1135877280826
828,30,0.17790433333333336,0.4840679999999999,0.6864293333333332,21.40349,1401.6405735700112
829,30,0.17772266666666672,0.48350333333333334,0.6859856666666667,21.38885,1402.5999527791348
830,30,0.18664533333333333,0.4987010000000001,0.7051693333333333,21.97358,1365.2759359194088
831,30,0.17733700000000002,0.48349533333333333,0.6852496666666668,21.37038,1403.8121923896533
832,30,0.177953,0.4842376666666667,0.6865779999999998,21.40743,1401.3826040771824
833,30,0.17802466666666666,0.48401566666666673,0.6856093333333333,21.40252,1401.7040983958898
834,30,0.18306733333333333,0.49502333333333326,0.7009836666666668,21.84649,1373.2183064647913
835,30,0.17887599999999998,0.4852436666666667,0.6872293333333335,21.44728,1398.7787728793583
836,30,0.17715833333333333,0.4831683333333333,0.6854010000000001,21.3693,1403.8831407673624
837,30,0.17800200000000005,0.48366033333333325,0.6858729999999998,21.3824,1403.0230469919186
838,30,0.1783233333333333,0.48370933333333327,0.6857553333333333,21.37649,1403.4109435178552
839,30,0.18285533333333334,0.5004970000000001,0.7063106666666668,22.00836,1363.1183786524757
840,30,0.17710199999999995,0.4835353333333333,0.6857676666666667,21.40685,1401.4205733211566
841,30,0.1776833333333333,0.4838496666666667,0.6856136666666667,21.37447,1403.5435732441554
842,30,0.17801933333333333,0.48344300000000007,0.6856876666666666,21.37698,1403.3787747380593
843,30,0.18216800000000002,0.4898283333333333,0.6934713333333333,21.63673,1386.5311440314688
844,30,0.18008333333333332,0.49503766666666665,0.6993726666666665,21.80214,1376.0117126116977
845,30,0.17760066666666668,0.48495866666666665,0.6870193333333334,21.41944,1400.5968410005116
846,30,0.17694533333333332,0.48304900000000006,0.684514,21.35968,1404.5154234520369
847,30,0.17799833333333334,0.48374200000000006,0.6861023333333333,21.39157,1402.4216081381592
848,30,0.18273233333333333,0.4947223333333334,0.7025196666666667,21.89394,1370.2421766022926
849,30,0.17650366666666667,0.4821893333333333,0.6836396666666666,21.31841,1407.2344044419824
850,30,0.17793899999999999,0.48440133333333335,0.6859913333333333,21.41335,1400.995173571627
851,30,0.17769166666666666,0.4832446666666667,0.6852963333333333,21.36525,1404.1492610664513
852,30,0.177905,0.483968,0.6858373333333334,21.38132,1403.0939156235443
853,30,0.1831636666666667,0.5015666666666667,0.706891,22.02739,1361.9407474058432
854,30,0.17728799999999997,0.483661,0.6849213333333334,21.35988,1404.5022724846767
855,30,0.17768833333333334,0.48316600000000004,0.6850073333333334,21.35677,1404.7067978912542
856,30,0.18204399999999998,0.4876863333333334,0.6897359999999999,21.50173,1395.2365693365139
857,30,0.184243,0.49687099999999995,0.7029369999999999,21.92525,1368.2854243395172
858,30,0.17628366666666667,0.48367599999999994,0.6852163333333333,21.36894,1403.9067918202775
859,30,0.17656633333333335,0.483079,0.6848826666666668,21.36924,1403.887082554176
860,30,0.17794199999999996,0.4841110000000001,0.685656,21.39807,1401.9956005378053
861,30,0.17861099999999996,0.484048,0.6854963333333334,21.40159,1401.765009048393
862,30,0.18296633333333334,0.498807,0.7041536666666667,21.95981,1366.1320384830287
863,30,0.17707733333333328,0.48391900000000004,0.6859010000000001,21.38916,1402.5796244452797
864,30,0.17778499999999997,0.4834933333333334,0.6850293333333333,21.37576,1403.4588711699607
865,30,0.17857533333333334,0.4843723333333333,0.6860293333333334,21.38859,1402.6170028038314
866,30,0.18788533333333332,0.500607,0.7074053333333333,22.04088,1361.1071790237052
867,30,0.177701,0.4839273333333332,0.6859236666666665,21.42605,1400.1647527192367
868,30,0.178138,0.4840116666666667,0.6862969999999998,21.39858,1401.9621862759118
869,30,0.17769300000000002,0.4830543333333334,0.6846173333333333,21.36447,1404.2005254518367
870,30,0.17845333333333338,0.485627,0.6888123333333334,21.48663,1396.217089417931
871,30,0.18299233333333334,0.4935046666666667,0.7004356666666667,21.83097,1374.1945502192527
872,30,0.17735666666666666,0.4844356666666666,0.6861679999999999,21.39647,1402.1004399323813
873,30,0.17784999999999998,0.48403566666666664,0.6858159999999999,21.38368,1402.9390638094098
874,30,0.17749499999999999,0.483825,0.6862936666666667,21.42106,1400.4909187500525
875,30,0.18323833333333334,0.494544,0.7013079999999999,21.8575,1372.5265927027338
876,30,0.17742433333333335,0.4831073333333333,0.6852873333333332,21.36957,1403.8654030006219
877,30,0.17744333333333331,0.4844953333333334,0.6860029999999999,21.40277,1401.6877254673109
878,30,0.17759133333333332,0.4828053333333333,0.6849936666666666,21.35886,1404.5693449931316
879,30,0.178292,0.48347366666666663,0.6852083333333334,21.38411,1402.910852965122
880,30,0.184615,0.500822,0.7058280000000001,21.99293,1364.0747276511133
881,30,0.17790233333333333,0.48369133333333336,0.6853790000000001,21.3708,1403.7846032904713
882,30,0.17671599999999998,0.48198066666666667,0.6850700000000001,21.36288,1404.3050375230305
883,30,0.177818,0.48361666666666664,0.6850086666666664,21.37615,1403.433265578694
884,30,0.185475,0.49532633333333337,0.7005256666666668,21.85525,1372.6678944418388
885,30,0.17985266666666672,0.48819133333333325,0.6909876666666664,21.54876,1392.1914764469045
886,30,0.17686533333333335,0.483498,0.686019,21.39295,1402.3311418013877
887,30,0.17793966666666666,0.4839143333333333,0.6861343333333334,21.3915,1402.4261973213659
888,30,0.17782233333333333,0.4838159999999999,0.6861250000000001,21.39401,1402.2616610911184
889,30,0.18662033333333333,0.49942,0.7061456666666666,22.00762,1363.1642131225458
890,30,0.17753000000000002,0.48795866666666665,0.6897886666666666,21.52424,1393.7774341858296
891,30,0.17670899999999995,0.482608,0.6858893333333332,21.41208,1401.0782698364662
892,30,0.177808,0.4833039999999999,0.6855493333333332,21.39239,1402.3678513714456
893,30,0.17969,0.48624966666666664,0.6898240000000001,21.5073,1394.8752284108186
894,30,0.18149900000000002,0.49587533333333333,0.7006963333333334,21.8647,1372.0746225651392
895,30,0.1782033333333333,0.4840193333333332,0.6856420000000001,21.39635,1402.1083035190582
896,30,0.1777543333333333,0.4839379999999999,0.6863123333333334,21.39902,1401.9333595650642
897,30,0.178074,0.4841466666666667,0.68596,21.38548,1402.8209794683123
898,30,0.1857076666666667,0.4968283333333333,0.7030193333333333,21.91102,1369.1740503180592
899,30,0.17780366666666667,0.4836463333333334,0.6859063333333333,21.39125,1402.442587506574
900,30,0.17752466666666666,0.4832406666666666,0.6869710000000002,21.42212,1400.4216202691423
901,30,0.17752933333333334,0.48372566666666666,0.6854566666666666,21.40627,1401.4585446226736
902,30,0.17775866666666665,0.4841426666666668,0.6858116666666666,21.38355,1402.9475928926674
903,30,0.18325200000000003,0.4951863333333334,0.701629,21.87533,1371.407882761083
904,30,0.17786900000000003,0.4836476666666666,0.6862113333333333,21.39994,1401.873089363802
905,30,0.17689366666666662,0.482359,0.6854163333333333,21.37183,1403.716948899556
906,30,0.17707199999999998,0.482811,0.6848903333333335,21.35511,1404.8159901775266
907,30,0.18426900000000002,0.49582033333333325,0.7015020000000001,21.88185,1370.9992528054072
908,30,0.177268,0.4832596666666666,0.6850729999999998,21.38895,1402.593395187702
909,30,0.17826166666666668,0.48349766666666666,0.6858793333333335,21.38678,1402.7357086948105
910,30,0.17682533333333333,0.4832660000000001,0.6851516666666668,21.37762,1403.3367605935553
911,30,0.17762433333333333,0.4838503333333333,0.68571,21.39869,1401.954979487062
912,30,0.18431766666666666,0.49565299999999995,0.702373,21.89426,1370.2221495496995
913,30,0.177634,0.4842456666666666,0.685926,21.38641,1402.7599770134398
914,30,0.17773666666666663,0.48402533333333336,0.6855659999999998,21.37826,1403.2947489646024
915,30,0.177311,0.4825916666666667,0.6842646666666669,21.35293,1404.9594130641556
916,30,0.18487000000000006,0.4962410000000001,0.7030379999999999,21.91223,1369.0984441108915
917,30,0.1771096666666666,0.4839103333333333,0.686336,21.40477,1401.5567558072337
918,30,0.17784766666666668,0.4837813333333333,0.6862096666666667,21.4135,1400.9853597029912
919,30,0.177574,0.48454233333333335,0.6874166666666667,21.43283,1399.72182861526
920,30,0.17759366666666668,0.48399933333333334,0.6856829999999998,21.39325,1402.3114767508443
921,30,0.18566933333333335,0.49814966666666666,0.7052440000000001,21.97769,1365.0206186364444
922,30,0.17791566666666667,0.4838506666666667,0.6859056666666666,21.38963,1402.5488051920486
923,30,0.17855399999999996,0.4841263333333334,0.686246,21.39966,1401.8914319199464
924,30,0.17723466666666668,0.4839343333333332,0.6858803333333332,21.40229,1401.7191618280099
925,30,0.1845496666666667,0.495862,0.7027876666666665,21.92141,1368.5251085582543
926,30,0.17720733333333336,0.4835153333333333,0.6857560000000001,21.38817,1402.6445460270793
927,30,0.1788033333333333,0.4841196666666666,0.6865873333333334,21.40553,1401.5069937534834
928,30,0.17801133333333338,0.4837213333333333,0.6858579999999999,21.42893,1399.976573725333
929,30,0.17718966666666663,0.4854016666666666,0.6872646666666667,21.42658,1400.1301187590366
930,30,0.1843076666666667,0.496558,0.7027343333333333,21.92103,1368.5488318751445
931,30,0.177433,0.48334466666666664,0.6858236666666666,21.38641,1402.7599770134398
932,30,0.17791466666666667,0.4844063333333333,0.686276,21.39661,1402.0912658594048
933,30,0.1779956666666667,0.485203,0.6870390000000001,21.41828,1400.6726964069944
934,30,0.1806126666666667,0.49103266666666673,0.695537,21.68359,1383.5347375596016
935,30,0.180686,0.4935346666666666,0.6983706666666667,21.82074,1374.8388001506821
936,30,0.17769333333333334,0.4832316666666668,0.6851773333333332,21.366,1404.0999719180006
937,30,0.1777476666666667,0.48335133333333336,0.6849223333333333,21.36905,1403.8995650251181
938,30,0.176894,0.48398900000000006,0.6857483333333331,21.37832,1403.2908105033512
939,30,0.18349933333333335,0.4960156666666666,0.7017653333333332,21.87252,1371.584069873979
940,30,0.17736233333333334,0.482875,0.6844880000000001,21.34603,1405.4135593363264
941,30,0.17819500000000002,0.4838523333333333,0.6856336666666667,21.37917,1403.2350180105216
942,30,0.1779846666666667,0.4831223333333333,0.685332,21.39709,1402.059812806321
943,30,0.17768833333333334,0.4842363333333334,0.6860613333333332,21.40577,1401.4912801548367
944,30,0.18256766666666666,0.498142,0.7032646666666665,21.91971,1368.6312455776103
945,30,0.17825700000000003,0.4835776666666666,0.6853393333333333,21.40922,1401.2654361065
946,30,0.178201,0.48279033333333327,0.6852409999999999,21.36568,1404.121001531428
947,30,0.17825666666666667,0.483435,0.6856206666666665,21.3755,1403.4759420832263
948,30,0.18178766666666668,0.49543966666666667,0.7009450000000002,21.84775,1373.139110434713
949,30,0.1776856666666667,0.483956,0.6860759999999999,21.39458,1402.2243016689274
950,30,0.17739199999999997,0.48323533333333335,0.6848676666666668,21.35329,1404.9357265320707
951,30,0.17796166666666666,0.4835380000000001,0.685599,21.37803,1403.3098466042006
952,30,0.17707266666666666,0.48243733333333333,0.6840169999999998,21.34516,1405.47084210191
953,30,0.1834806666666666,0.49621066666666663,0.7026319999999999,21.89998,1369.8642647162235
954,30,0.17748666666666665,0.4830653333333333,0.6852273333333333,21.3674,1404.0079747652965
955,30,0.17707766666666672,0.48281333333333337,0.6846063333333332,21.36111,1404.4213994497477
956,30,0.17745333333333335,0.4827833333333334,0.6848026666666666,21.34993,1405.156831895936
957,30,0.18403200000000003,0.49565366666666666,0.7020086666666666,21.87837,1371.2173256051524
958,30,0.17702833333333337,0.48278,0.6841809999999999,21.33813,1405.933884553145
959,30,0.17743333333333336,0.48392499999999994,0.6854669999999997,21.39461,1402.2223354386922
960,30,0.17757933333333337,0.48374399999999995,0.6849773333333334,21.35886,1404.5693449931316
961,30,0.17767566666666668,0.48403266666666667,0.6856233333333334,21.3925,1402.3606404113593
962,30,0.18361166666666665,0.49700466666666665,0.7020366666666668,21.9026,1369.7004008656506
963,30,0.17718533333333336,0.48368533333333336,0.6852606666666665,21.37296,1403.6427336222966
964,30,0.17760166666666663,0.4831369999999999,0.6853680000000002,21.37042,1403.8095648096762
965,30,0.17694566666666667,0.482862,0.6851470000000001,21.3623,1404.3431652958716
966,30,0.18330766666666667,0.496578,0.7022103333333334,21.89702,1370.0494405174768
967,30,0.1759556666666667,0.4820503333333333,0.6834243333333334,21.36519,1404.15320434782
968,30,0.1774153333333333,0.48363766666666663,0.6851800000000001,21.36489,1404.172921086886
969,30,0.17767433333333335,0.48317833333333343,0.6859733333333333,21.40816,1401.334818125425
970,30,0.17752466666666666,0.483275,0.6852909999999999,21.36623,1404.0848572724342
971,30,0.18658799999999998,0.49872433333333344,0.7060890000000001,22.00593,1363.2689007008566
972,30,0.1770546666666667,0.483159,0.6851050000000001,21.37677,1403.3925611773902
973,30,0.178059,0.48539966666666673,0.6878046666666665,21.4468,1398.8100788928884
974,30,0.17750366666666667,0.484247,0.6861750000000001,21.39395,1402.2655937776804
975,30,0.18165066666666665,0.49279466666666666,0.6980073333333333,21.75525,1378.9774881925052
976,30,0.17849866666666664,0.48696966666666663,0.6900753333333334,21.54706,1392.3013162816644
977,30,0.17715933333333336,0.48316399999999987,0.6853023333333333,21.36907,1403.8982510703554
978,30,0.17748633333333333,0.48335966666666663,0.6854289999999998,21.37437,1403.5501397234164
979,30,0.17751066666666668,0.48341533333333325,0.6850043333333334,21.39137,1402.4347201698629
980,30,0.18410400000000002,0.4954816666666667,0.7024006666666666,21.89733,1370.0300447588816
981,30,0.1766006666666667,0.4840143333333334,0.6891963333333333,21.49198,1395.8695290057035
982,30,0.17878466666666665,0.48485666666666655,0.6867573333333332,21.41542,1400.8597543265553
983,30,0.1782853333333333,0.48358133333333336,0.6854156666666665,21.38774,1402.6727461620537
984,30,0.1801023333333333,0.4869813333333333,0.6906820000000001,21.53221,1393.2615370182625
985,30,0.18186600000000003,0.4919200000000001,0.6975313333333332,21.74745,1379.4720760365008
986,30,0.17839266666666667,0.48426933333333333,0.6860503333333337,21.39492,1402.2020180491443
987,30,0.1782693333333333,0.48377266666666663,0.6861266666666666,21.39203,1402.3914513956834
988,30,0.17839299999999994,0.48384433333333343,0.6863699999999999,21.40177,1401.7532194767068
989,30,0.18339433333333333,0.49578800000000006,0.7027123333333335,21.90113,1369.7923349160521
990,30,0.17775333333333332,0.4844876666666666,0.6859360000000001,21.39088,1402.466845683768
991,30,0.17831466666666665,0.483789,0.6855976666666667,21.39254,1402.358018262441
992,30,0.17812799999999998,0.4835329999999999,0.6853953333333335,21.38774,1402.6727461620537
993,30,0.17784033333333332,0.4836566666666666,0.6854906666666666,21.38712,1402.7134088180176
994,30,0.18524666666666662,0.49801533333333325,0.7043976666666666,21.954,1366.4935774801856
995,30,0.17718999999999996,0.48231300000000005,0.6854589999999999,21.37514,1403.4995794179592
996,30,0.17833433333333334,0.48345,0.685624,21.37787,1403.3203495016107
997,30,0.177895,0.48407466666666654,0.6856783333333334,21.37728,1403.3590802945932
998,30,0.18391900000000003,0.4967213333333333,0.7024583333333333,21.88928,1370.5338869071984
999,30,0.17709466666666668,0.48317733333333324,0.6846933333333334,21.35477,1404.8383569572513
