received_perf_counter_ns,seconds_since_first_sample,timestamp_local,system_cpu_percent,process_cpu_percent,process_rss_mib,process_vms_mib,process_threads,system_memory_percent,load1,load5,load15,frequency_mean_mhz,frequency_min_mhz,frequency_max_mhz,package_temperature_c,core_temperature_mean_c,core_temperature_max_c,fan_rpm
89738008666668,0.0,2026-09-01T15:00:36.174417-03:00,0.0,0.0,720.4375,9755.3671875,107,27.4,0.2646484375,0.16552734375,0.1650390625,1523.882125,799.025,5031.845,52.0,50.75,53.0,933.0
89738109608351,0.100941683,2026-09-01T15:00:36.275358-03:00,1.2,9.9,720.4453125,9755.3671875,107,27.4,0.2431640625,0.16259765625,0.1640625,1093.2938333333334,800.0,2000.262,52.0,50.75,53.0,933.0
89738209932151,0.201265483,2026-09-01T15:00:36.375682-03:00,0.8,0.0,720.44921875,9755.3671875,107,27.4,0.2431640625,0.16259765625,0.1640625,1120.5929583333334,800.0,1900.763,52.0,50.75,53.0,933.0
89738309781890,0.301115222,2026-09-01T15:00:36.475531-03:00,1.3,0.0,720.453125,9755.3671875,107,27.4,0.2431640625,0.16259765625,0.1640625,1156.8946666666668,800.0,2086.435,52.0,50.75,53.0,933.0
89738408717807,0.400051139,2026-09-01T15:00:36.574468-03:00,0.8,0.0,720.453125,9755.3671875,107,27.4,0.2431640625,0.16259765625,0.1640625,984.3410416666667,800.0,2000.026,52.0,50.75,53.0,933.0
89738509472010,0.500805342,2026-09-01T15:00:36.675221-03:00,0.8,0.0,720.4609375,9755.3671875,107,27.4,0.2431640625,0.16259765625,0.1640625,981.824375,800.0,1966.59,52.0,50.75,53.0,933.0
89738608955538,0.60028887,2026-09-01T15:00:36.774704-03:00,1.3,0.0,720.4609375,9755.3671875,107,27.4,0.2431640625,0.16259765625,0.1640625,947.9616666666667,800.0,1930.998,52.0,50.75,53.0,933.0
89738707939462,0.699272794,2026-09-01T15:00:36.873688-03:00,3.4,0.0,720.46875,9755.3671875,107,27.4,0.2431640625,0.16259765625,0.1640625,1692.0715416666665,799.45,5100.0,52.0,50.75,53.0,933.0
89738809645228,0.80097856,2026-09-01T15:00:36.975395-03:00,1.2,9.8,720.46875,9755.3671875,107,27.4,0.2431640625,0.16259765625,0.1640625,985.7826666666666,800.0,2100.0,51.0,48.3125,51.0,932.0
89738908829282,0.900162614,2026-09-01T15:00:37.074579-03:00,1.3,10.1,720.47265625,9755.3671875,107,27.4,0.2431640625,0.16259765625,0.1640625,955.4400833333333,786.632,1908.015,51.0,48.3125,51.0,932.0
89739009472565,1.000805897,2026-09-01T15:00:37.175221-03:00,1.2,0.0,720.47265625,9755.3671875,107,27.4,0.2431640625,0.16259765625,0.1640625,1057.8984166666667,800.0,1963.613,51.0,48.3125,51.0,932.0
89739108748018,1.10008135,2026-09-01T15:00:37.274497-03:00,0.4,0.0,720.4765625,9755.3671875,107,27.4,0.2431640625,0.16259765625,0.1640625,856.9499583333333,800.0,1925.894,51.0,48.3125,51.0,932.0
89739208597912,1.199931244,2026-09-01T15:00:37.374346-03:00,0.8,0.0,720.4765625,9755.3671875,107,27.4,0.2431640625,0.16259765625,0.1640625,1000.8180416666668,800.0,2026.674,51.0,48.3125,51.0,932.0
89739309255311,1.300588643,2026-09-01T15:00:37.475005-03:00,0.8,0.0,720.4765625,9755.3671875,107,27.4,0.2431640625,0.16259765625,0.1640625,981.38125,800.0,1881.168,51.0,48.3125,51.0,932.0
89739408746468,1.4000798,2026-09-01T15:00:37.574495-03:00,0.8,0.0,720.4765625,9755.3671875,107,27.4,0.2431640625,0.16259765625,0.1640625,843.7956666666668,798.848,1852.248,51.0,48.3125,51.0,932.0
89739508734378,1.50006771,2026-09-01T15:00:37.674483-03:00,0.4,0.0,720.4765625,9755.3671875,107,27.4,0.2431640625,0.16259765625,0.1640625,926.064625,800.0,1999.935,51.0,48.3125,51.0,932.0
89739608854924,1.600188256,2026-09-01T15:00:37.774604-03:00,0.4,0.0,720.4765625,9755.3671875,107,27.4,0.2431640625,0.16259765625,0.1640625,1065.8989166666668,800.0,1800.0,51.0,48.3125,51.0,932.0
89739709690828,1.70102416,2026-09-01T15:00:37.875440-03:00,0.8,0.0,720.4765625,9755.3671875,107,27.4,0.2431640625,0.16259765625,0.1640625,960.0609583333334,800.0,1752.679,51.0,48.3125,51.0,932.0
89739809779144,1.801112476,2026-09-01T15:00:37.975528-03:00,0.4,0.0,720.4765625,9755.3671875,107,27.4,0.2431640625,0.16259765625,0.1640625,911.9728749999999,800.0,1765.271,51.0,48.0,50.0,932.0
89739909645050,1.900978382,2026-09-01T15:00:38.075394-03:00,0.8,10.0,720.4765625,9755.3671875,107,27.4,0.2431640625,0.16259765625,0.1640625,910.7004999999999,800.0,1711.311,51.0,47.3125,49.0,932.0
89740008688154,2.000021486,2026-09-01T15:00:38.174437-03:00,0.4,0.0,720.4765625,9755.3671875,107,27.4,0.2431640625,0.16259765625,0.1640625,928.5104166666666,800.0,1846.605,51.0,47.3125,49.0,932.0
89740109048314,2.100381646,2026-09-01T15:00:38.274798-03:00,0.4,10.0,720.484375,9755.3671875,107,27.4,0.2431640625,0.16259765625,0.1640625,959.1433333333333,796.893,1800.0,51.0,47.3125,49.0,932.0
89740209429897,2.200763229,2026-09-01T15:00:38.375179-03:00,0.4,0.0,720.484375,9755.3671875,107,27.4,0.2431640625,0.16259765625,0.1640625,889.9173333333333,800.0,1850.685,51.0,47.3125,49.0,932.0
89740308928923,2.300262255,2026-09-01T15:00:38.474678-03:00,0.4,0.0,720.484375,9755.3671875,107,27.4,0.2431640625,0.16259765625,0.1640625,844.4489166666667,800.0,1866.774,51.0,47.3125,49.0,932.0
89740409514065,2.400847397,2026-09-01T15:00:38.575265-03:00,1.2,0.0,720.484375,9755.3671875,107,27.4,0.2431640625,0.16259765625,0.1640625,827.5585416666667,800.0,1460.895,51.0,47.3125,49.0,932.0
89740508820296,2.500153628,2026-09-01T15:00:38.674569-03:00,0.4,0.0,720.484375,9755.3671875,107,27.4,0.2431640625,0.16259765625,0.1640625,873.7700416666667,800.0,1676.378,51.0,47.3125,49.0,932.0
89740609942685,2.601276017,2026-09-01T15:00:38.775692-03:00,0.8,0.0,720.484375,9755.3671875,107,27.4,0.2431640625,0.16259765625,0.1640625,931.7175833333334,799.452,1905.315,51.0,47.3125,49.0,932.0
89740709765456,2.701098788,2026-09-01T15:00:38.875514-03:00,0.0,0.0,720.484375,9755.3671875,107,27.4,0.2431640625,0.16259765625,0.1640625,895.4784583333334,800.0,1917.322,51.0,47.3125,49.0,932.0
89740809381534,2.800714866,2026-09-01T15:00:38.975130-03:00,1.3,0.0,720.484375,9755.3671875,107,27.4,0.2431640625,0.16259765625,0.1640625,907.2299166666667,800.0,1900.077,51.0,47.3125,49.0,932.0
89740908752211,2.900085543,2026-09-01T15:00:39.074501-03:00,0.4,10.1,720.48828125,9755.3671875,107,27.4,0.2431640625,0.16259765625,0.1640625,947.8012916666667,799.814,1548.464,51.0,46.9375,49.0,932.0
89741008842486,3.000175818,2026-09-01T15:00:39.174592-03:00,0.4,0.0,720.48828125,9755.3671875,107,27.4,0.2431640625,0.16259765625,0.1640625,1020.2480833333334,800.0,1714.006,51.0,47.0625,49.0,932.0
89741109884937,3.101218269,2026-09-01T15:00:39.275634-03:00,0.8,9.9,720.4921875,9755.3671875,107,27.4,0.2431640625,0.16259765625,0.1640625,915.6560416666666,800.0,1713.166,51.0,47.0625,49.0,932.0
89741209174149,3.200507481,2026-09-01T15:00:39.374924-03:00,1.3,0.0,720.4921875,9755.3671875,107,27.4,0.2431640625,0.16259765625,0.1640625,969.2978333333334,800.0,1723.132,51.0,47.0625,49.0,932.0
89741309116572,3.300449904,2026-09-01T15:00:39.474865-03:00,0.0,0.0,720.4921875,9755.3671875,107,27.4,0.2431640625,0.16259765625,0.1640625,906.0585833333333,800.0,1770.438,51.0,47.0625,49.0,932.0
89741409624852,3.400958184,2026-09-01T15:00:39.575374-03:00,0.8,0.0,720.4921875,9755.3671875,107,27.4,0.2431640625,0.16259765625,0.1640625,932.63225,800.0,1730.392,51.0,47.0625,49.0,932.0
89741508655248,3.49998858,2026-09-01T15:00:39.674404-03:00,0.0,0.0,720.4921875,9755.3671875,107,27.4,0.2431640625,0.16259765625,0.1640625,955.2647499999999,799.506,1913.41,51.0,47.0625,49.0,932.0
89741609730942,3.601064274,2026-09-01T15:00:39.775480-03:00,0.4,0.0,720.4921875,9755.3671875,107,27.4,0.2431640625,0.16259765625,0.1640625,960.3010833333333,800.0,1795.254,51.0,47.0625,49.0,932.0
89741709487364,3.700820696,2026-09-01T15:00:39.875236-03:00,0.8,0.0,720.49609375,9755.3671875,107,27.4,0.2431640625,0.16259765625,0.1640625,980.0960833333334,800.0,1976.924,51.0,47.0625,49.0,932.0
89741810853185,3.802186517,2026-09-01T15:00:39.976603-03:00,0.4,0.0,720.49609375,9755.3671875,107,27.4,0.2431640625,0.16259765625,0.1640625,875.836375,800.0,1799.36,51.0,47.0625,49.0,932.0
89741909127123,3.900460455,2026-09-01T15:00:40.074877-03:00,0.4,0.0,720.49609375,9755.3671875,107,27.3,0.2431640625,0.16259765625,0.1640625,935.0000416666667,800.0,1734.285,51.0,47.0625,49.0,932.0
89742008966902,4.000300234,2026-09-01T15:00:40.174716-03:00,0.8,10.0,720.49609375,9755.3671875,107,27.3,0.2431640625,0.16259765625,0.1640625,871.84775,800.0,1643.002,51.0,47.0,49.0,932.0
89742109304753,4.100638085,2026-09-01T15:00:40.275054-03:00,0.0,10.0,720.5,9755.3671875,107,27.3,0.2431640625,0.16259765625,0.1640625,890.6690416666667,800.0,1998.593,50.0,46.75,49.0,932.0
89742209484580,4.200817912,2026-09-01T15:00:40.375233-03:00,0.8,0.0,720.5,9755.3671875,107,27.3,0.2431640625,0.16259765625,0.1640625,1021.6035833333334,800.0,1879.818,50.0,46.75,49.0,932.0
89742308664481,4.299997813,2026-09-01T15:00:40.474413-03:00,0.4,0.0,720.5,9755.3671875,107,27.3,0.2431640625,0.16259765625,0.1640625,968.6153333333333,800.0,1727.11,50.0,46.75,49.0,932.0
89742408836603,4.400169935,2026-09-01T15:00:40.574586-03:00,0.8,0.0,720.5,9755.3671875,107,27.3,0.2431640625,0.16259765625,0.1640625,947.4840833333333,800.0,1778.697,50.0,46.75,49.0,932.0
89742509405725,4.500739057,2026-09-01T15:00:40.675155-03:00,0.8,0.0,720.50390625,9755.3671875,107,27.3,0.2431640625,0.16259765625,0.1640625,902.1284166666666,800.0,1715.021,50.0,46.75,49.0,932.0
89742609334041,4.600667373,2026-09-01T15:00:40.775083-03:00,0.4,0.0,720.50390625,9755.3671875,107,27.3,0.2431640625,0.16259765625,0.1640625,877.9338333333334,800.0,1582.694,50.0,46.75,49.0,932.0
89742709718980,4.701052312,2026-09-01T15:00:40.875468-03:00,0.8,10.0,720.50390625,9755.3671875,107,27.3,0.2431640625,0.16259765625,0.1640625,920.4808333333334,800.0,1637.888,50.0,46.75,49.0,932.0
89742808806315,4.800139647,2026-09-01T15:00:40.974555-03:00,0.4,0.0,720.50390625,9755.3671875,107,27.3,0.2431640625,0.16259765625,0.1640625,947.6877083333334,800.0,2083.296,50.0,46.75,49.0,932.0
89742908578898,4.89991223,2026-09-01T15:00:41.074327-03:00,0.8,0.0,720.50390625,9755.3671875,107,27.3,0.2431640625,0.16259765625,0.1640625,988.6061666666666,800.0,2100.059,50.0,46.75,49.0,932.0
89743009275199,5.000608531,2026-09-01T15:00:41.175024-03:00,0.4,0.0,720.50390625,9755.3671875,107,27.3,0.2431640625,0.16259765625,0.1640625,1013.1495416666667,800.0,1880.673,50.0,46.9375,52.0,932.0
89743110955709,5.102289041,2026-09-01T15:00:41.276703-03:00,4.5,108.0,720.7734375,9756.23828125,107,27.3,0.30419921875,0.1767578125,0.1689453125,1846.9075416666667,800.0,5103.884,65.0,50.0,65.0,932.0
89743209999849,5.201333181,2026-09-01T15:00:41.375750-03:00,5.0,111.2,720.8984375,9756.23828125,107,27.3,0.30419921875,0.1767578125,0.1689453125,1778.7973333333332,797.306,5100.0,65.0,50.0,65.0,933.0
89743310154626,5.301487958,2026-09-01T15:00:41.475902-03:00,5.0,119.8,720.97265625,9756.23828125,107,27.3,0.30419921875,0.1767578125,0.1689453125,1794.8727083333333,800.0,5100.339,65.0,50.0,65.0,933.0
89743410394970,5.401728302,2026-09-01T15:00:41.576143-03:00,4.6,99.8,720.9921875,9756.23828125,107,27.3,0.30419921875,0.1767578125,0.1689453125,1973.3022083333335,800.0,5100.0,65.0,50.0,65.0,933.0
89743510489069,5.501822401,2026-09-01T15:00:41.676237-03:00,4.6,109.9,721.015625,9756.23828125,107,27.3,0.30419921875,0.1767578125,0.1689453125,1560.4382916666666,799.043,5100.055,65.0,50.0,65.0,933.0
89743610739329,5.602072661,2026-09-01T15:00:41.776487-03:00,4.6,119.8,721.0390625,9756.23828125,107,27.3,0.30419921875,0.1767578125,0.1689453125,2024.36125,800.0,4961.892,65.0,50.0,65.0,933.0
89743710037338,5.70137067,2026-09-01T15:00:41.875785-03:00,4.6,100.5,721.0625,9756.23828125,107,27.3,0.30419921875,0.1767578125,0.1689453125,1928.7150416666666,800.0,5100.0,65.0,50.0,65.0,933.0
89743810495687,5.801829019,2026-09-01T15:00:41.976243-03:00,4.6,109.6,721.08203125,9756.23828125,107,27.3,0.30419921875,0.1767578125,0.1689453125,2099.255333333333,799.875,5100.0,65.0,50.0,65.0,933.0
89743911967376,5.903300708,2026-09-01T15:00:42.077715-03:00,4.9,108.2,721.09765625,9756.23828125,107,27.3,0.30419921875,0.1767578125,0.1689453125,1899.5097083333333,800.0,5101.742,65.0,50.0,65.0,933.0
89744010362021,6.001695353,2026-09-01T15:00:42.176110-03:00,4.7,122.1,721.12109375,9756.23828125,107,27.3,0.30419921875,0.1767578125,0.1689453125,1964.4491666666665,800.0,5100.0,65.0,50.125,65.0,933.0
89744109433734,6.100767066,2026-09-01T15:00:42.275182-03:00,5.5,111.0,721.1484375,9756.23828125,107,27.3,0.30419921875,0.1767578125,0.1689453125,2088.0157083333334,800.0,5101.816,65.0,50.4375,65.0,933.0
89744209140031,6.200473363,2026-09-01T15:00:42.374889-03:00,4.6,110.5,721.16796875,9756.23828125,107,27.3,0.30419921875,0.1767578125,0.1689453125,1625.1434583333332,800.0,5100.0,68.0,53.9375,70.0,933.0
89744309270930,6.300604262,2026-09-01T15:00:42.475019-03:00,5.0,99.9,721.1875,9756.23828125,107,27.3,0.30419921875,0.1767578125,0.1689453125,1695.8300416666668,800.0,5100.0,68.0,53.9375,70.0,934.0
89744411573589,6.402906921,2026-09-01T15:00:42.577321-03:00,4.9,117.1,721.21484375,9756.23828125,107,27.3,0.30419921875,0.1767578125,0.1689453125,1706.7662916666668,800.0,5101.886,68.0,53.9375,70.0,934.0
89744510370509,6.501703841,2026-09-01T15:00:42.676118-03:00,5.0,111.3,721.234375,9756.23828125,107,27.3,0.30419921875,0.1767578125,0.1689453125,1468.0827083333334,799.631,5100.0,68.0,53.9375,70.0,934.0
89744611773149,6.603106481,2026-09-01T15:00:42.777521-03:00,4.5,108.5,721.2578125,9756.23828125,107,27.3,0.30419921875,0.1767578125,0.1689453125,1802.1479583333332,800.0,5100.054,68.0,53.9375,70.0,934.0
89744711547414,6.702880746,2026-09-01T15:00:42.877295-03:00,4.2,110.2,721.27734375,9756.23828125,107,27.3,0.30419921875,0.1767578125,0.1689453125,1937.7468333333334,800.0,5100.18,68.0,53.9375,70.0,934.0
89744811917419,6.803250751,2026-09-01T15:00:42.977665-03:00,5.0,119.5,721.30078125,9756.23828125,107,27.3,0.30419921875,0.1767578125,0.1689453125,1673.5786666666665,800.0,5100.0,68.0,53.9375,70.0,934.0
89744911938709,6.903272041,2026-09-01T15:00:43.077686-03:00,5.4,109.9,721.32421875,9756.23828125,107,27.3,0.30419921875,0.1767578125,0.1689453125,1752.4422083333332,800.0,5100.0,68.0,53.9375,70.0,934.0
89745011790848,7.00312418,2026-09-01T15:00:43.177538-03:00,4.6,100.3,721.34375,9756.23828125,107,27.3,0.30419921875,0.1767578125,0.1689453125,1604.8958333333333,800.0,5100.0,68.0,53.875,70.0,934.0
89745111625707,7.102959039,2026-09-01T15:00:43.277373-03:00,4.6,119.9,721.3671875,9756.23828125,107,27.3,0.30419921875,0.1767578125,0.1689453125,1467.7001666666667,800.0,5100.0,68.0,53.8125,70.0,934.0
89745209804793,7.201138125,2026-09-01T15:00:43.375552-03:00,5.1,112.2,721.3828125,9756.23828125,107,27.3,0.30419921875,0.1767578125,0.1689453125,1334.5212083333333,800.0,5100.267,72.0,53.0625,58.0,934.0
89745310037776,7.301371108,2026-09-01T15:00:43.475785-03:00,4.2,109.8,721.41015625,9756.23828125,107,27.3,0.30419921875,0.1767578125,0.1689453125,1516.7039166666666,800.0,5100.63,72.0,53.1875,71.0,934.0
89745409679298,7.40101263,2026-09-01T15:00:43.575427-03:00,5.4,110.4,721.43359375,9756.23828125,107,27.3,0.30419921875,0.1767578125,0.1689453125,1328.144125,800.0,5100.0,72.0,53.1875,71.0,934.0
89745509719429,7.501052761,2026-09-01T15:00:43.675467-03:00,4.2,119.9,721.44921875,9756.23828125,107,27.3,0.30419921875,0.1767578125,0.1689453125,1325.927625,800.0,5100.0,72.0,53.1875,71.0,934.0
89745611651030,7.602984362,2026-09-01T15:00:43.777399-03:00,4.9,107.8,721.47265625,9756.23828125,107,27.3,0.30419921875,0.1767578125,0.1689453125,1647.2747083333334,800.0,5100.171,72.0,53.1875,71.0,934.0
89745711786293,7.703119625,2026-09-01T15:00:43.877534-03:00,4.6,110.0,721.5,9757.23828125,107,27.3,0.30419921875,0.1767578125,0.1689453125,1516.6446666666668,800.0,5100.0,72.0,53.1875,71.0,934.0
89745810692427,7.802025759,2026-09-01T15:00:43.976440-03:00,5.1,111.3,721.51171875,9757.23828125,107,27.3,0.30419921875,0.1767578125,0.1689453125,1676.491,800.0,5100.272,72.0,53.1875,71.0,934.0
89745909887246,7.901220578,2026-09-01T15:00:44.075635-03:00,4.2,100.9,721.53515625,9757.23828125,107,27.3,0.30419921875,0.1767578125,0.1689453125,1464.916375,800.0,5100.0,72.0,53.1875,71.0,934.0
89746009867390,8.001200722,2026-09-01T15:00:44.175615-03:00,5.0,119.9,721.55078125,9757.23828125,107,27.3,0.30419921875,0.1767578125,0.1689453125,1404.2059583333332,799.607,5100.0,72.0,53.1875,71.0,934.0
89746110395829,8.101729161,2026-09-01T15:00:44.276144-03:00,5.0,109.4,721.58203125,9757.23828125,107,27.3,0.30419921875,0.1767578125,0.1689453125,1492.5634166666666,800.0,5100.275,72.0,53.25,71.0,934.0
89746209642517,8.200975849,2026-09-01T15:00:44.375390-03:00,4.6,111.0,721.6015625,9757.23828125,107,27.3,0.30419921875,0.1767578125,0.1689453125,1356.706375,800.0,5100.0,72.0,53.3125,71.0,934.0
89746309215579,8.300548911,2026-09-01T15:00:44.474964-03:00,5.0,110.3,721.625,9757.23828125,107,27.3,0.30419921875,0.1767578125,0.1689453125,1611.1800416666665,800.0,5100.367,73.0,53.1875,71.0,934.0
89746410244009,8.401577341,2026-09-01T15:00:44.575992-03:00,4.5,109.0,721.640625,9757.23828125,107,27.3,0.30419921875,0.1767578125,0.1689453125,1496.5734166666668,800.0,5100.0,73.0,54.1875,72.0,934.0
89746510010407,8.501343739,2026-09-01T15:00:44.675759-03:00,5.0,109.9,721.66015625,9757.23828125,107,27.3,0.30419921875,0.1767578125,0.1689453125,1690.5290000000002,798.613,5100.0,73.0,54.1875,72.0,932.0
89746610327048,8.60166038,2026-09-01T15:00:44.776075-03:00,5.4,120.0,721.69140625,9757.23828125,107,27.3,0.30419921875,0.1767578125,0.1689453125,1556.1905,800.0,5100.0,73.0,54.1875,72.0,932.0
89746709701621,8.701034953,2026-09-01T15:00:44.875449-03:00,4.6,100.7,721.703125,9757.23828125,107,27.3,0.30419921875,0.1767578125,0.1689453125,1522.71975,800.0,5100.0,73.0,54.1875,72.0,932.0
89746809905695,8.801239027,2026-09-01T15:00:44.975653-03:00,5.0,129.6,721.72265625,9757.23828125,107,27.3,0.30419921875,0.1767578125,0.1689453125,1804.4726666666666,800.0,5100.0,73.0,54.1875,72.0,932.0
89746911882550,8.903215882,2026-09-01T15:00:45.077630-03:00,5.3,107.7,721.74609375,9757.23828125,107,27.3,0.30419921875,0.1767578125,0.1689453125,1790.2517500000001,800.0,5100.0,73.0,54.1875,72.0,932.0
89747011789949,9.003123281,2026-09-01T15:00:45.177538-03:00,4.6,110.1,721.765625,9757.23828125,107,27.3,0.30419921875,0.1767578125,0.1689453125,2026.3707083333331,798.668,5100.0,73.0,54.1875,72.0,932.0
89747112021302,9.103354634,2026-09-01T15:00:45.277769-03:00,5.0,109.7,721.79296875,9757.23828125,107,27.3,0.30419921875,0.1767578125,0.1689453125,1627.505375,800.0,5100.053,73.0,54.125,72.0,932.0
89747211977671,9.203311003,2026-09-01T15:00:45.377725-03:00,4.2,110.0,721.8125,9757.23828125,107,27.3,0.30419921875,0.1767578125,0.1689453125,1637.57925,800.0,5100.0,73.0,54.125,72.0,932.0
89747312150796,9.303484128,2026-09-01T15:00:45.477898-03:00,5.4,119.8,721.8359375,9757.23828125,107,27.3,0.30419921875,0.1767578125,0.1689453125,1634.6948333333332,800.0,5100.163,75.0,54.6875,72.0,932.0
89747412118672,9.403452004,2026-09-01T15:00:45.577866-03:00,4.6,110.0,721.8515625,9757.23828125,107,27.3,0.30419921875,0.1767578125,0.1689453125,1458.180625,800.0,5100.0,75.0,55.375,75.0,932.0
89747511336881,9.502670213,2026-09-01T15:00:45.677085-03:00,4.6,100.8,721.8828125,9757.23828125,107,27.3,0.30419921875,0.1767578125,0.1689453125,1718.295625,800.0,5100.0,75.0,55.375,75.0,932.0
89747610110264,9.601443596,2026-09-01T15:00:45.775858-03:00,5.5,111.5,721.89453125,9757.23828125,107,27.3,0.30419921875,0.1767578125,0.1689453125,2077.1150000000002,800.0,5100.054,75.0,55.375,75.0,932.0
89747710456954,9.701790286,2026-09-01T15:00:45.876205-03:00,4.6,119.6,721.91796875,9757.23828125,107,27.3,0.30419921875,0.1767578125,0.1689453125,1871.6649583333335,800.0,5100.0,75.0,55.375,75.0,932.0
89747810307206,9.801640538,2026-09-01T15:00:45.976055-03:00,4.6,109.9,721.9375,9757.23828125,107,27.3,0.30419921875,0.1767578125,0.1689453125,1686.9175833333331,800.0,5101.439,75.0,55.375,75.0,932.0
89747910240584,9.901573916,2026-09-01T15:00:46.075988-03:00,5.0,110.3,721.95703125,9757.23828125,107,27.3,0.30419921875,0.1767578125,0.1689453125,1864.0677083333333,799.283,5100.0,75.0,55.375,75.0,932.0
89748010021625,10.001354957,2026-09-01T15:00:46.175769-03:00,4.6,110.2,721.98046875,9757.23828125,107,27.3,0.30419921875,0.1767578125,0.1689453125,1775.688375,800.0,5100.0,75.0,55.375,75.0,932.0
89748110524910,10.101858242,2026-09-01T15:00:46.276273-03:00,4.6,109.4,722.00390625,9757.23828125,107,27.3,0.3603515625,0.1904296875,0.173828125,1879.4423749999999,799.664,5100.0,75.0,55.375,75.0,932.0
89748209927641,10.201260973,2026-09-01T15:00:46.375675-03:00,5.0,110.8,722.02734375,9757.23828125,107,27.3,0.3603515625,0.1904296875,0.173828125,1845.7543333333333,800.0,5100.713,75.0,55.75,75.0,932.0
89748310133809,10.301467141,2026-09-01T15:00:46.475881-03:00,4.6,119.6,722.046875,9757.23828125,107,27.3,0.3603515625,0.1904296875,0.173828125,1566.1313333333335,800.0,5100.0,75.0,55.8125,75.0,932.0
89748410197970,10.401531302,2026-09-01T15:00:46.575946-03:00,5.0,110.1,722.06640625,9757.23828125,107,27.3,0.3603515625,0.1904296875,0.173828125,1604.4703749999999,800.0,5100.425,72.0,56.0,75.0,932.0
89748510802891,10.502136223,2026-09-01T15:00:46.676551-03:00,4.6,99.3,722.08984375,9757.23828125,107,27.3,0.3603515625,0.1904296875,0.173828125,1740.0362916666666,800.0,5100.0,72.0,56.0,75.0,932.0
89748610174074,10.601507406,2026-09-01T15:00:46.775922-03:00,5.0,110.8,722.109375,9757.23828125,107,27.3,0.3603515625,0.1904296875,0.173828125,1477.87025,800.0,5101.199,72.0,56.0,75.0,932.0
89748711194372,10.702527704,2026-09-01T15:00:46.876942-03:00,5.0,108.9,722.12890625,9757.23828125,107,27.3,0.3603515625,0.1904296875,0.173828125,1893.4088333333332,800.0,5100.0,72.0,56.0,75.0,932.0
89748809111991,10.800445323,2026-09-01T15:00:46.974860-03:00,5.5,122.3,722.1484375,9757.23828125,107,27.3,0.3603515625,0.1904296875,0.173828125,1759.2709583333333,800.0,5101.348,72.0,56.0,75.0,932.0
89748910288664,10.901621996,2026-09-01T15:00:47.076036-03:00,4.9,108.9,722.17578125,9757.23828125,107,27.3,0.3603515625,0.1904296875,0.173828125,1683.3932083333332,800.0,5100.054,72.0,56.0,75.0,932.0
89749009169431,11.000502763,2026-09-01T15:00:47.174917-03:00,4.7,121.5,722.19140625,9757.23828125,107,27.3,0.3603515625,0.1904296875,0.173828125,1620.6870416666668,799.827,5100.0,72.0,56.0,75.0,932.0
89749110639908,11.10197324,2026-09-01T15:00:47.276388-03:00,4.9,98.4,722.2109375,9757.23828125,107,27.3,0.3603515625,0.1904296875,0.173828125,1613.4565833333334,800.0,5101.382,72.0,56.0,75.0,932.0
89749210024546,11.201357878,2026-09-01T15:00:47.375772-03:00,4.6,120.9,722.23828125,9757.23828125,107,27.3,0.3603515625,0.1904296875,0.173828125,1647.9532499999998,800.0,5100.976,72.0,56.0,75.0,932.0
89749310282299,11.301615631,2026-09-01T15:00:47.476030-03:00,5.0,99.7,722.2578125,9757.23828125,107,27.3,0.3603515625,0.1904296875,0.173828125,1493.7532916666667,800.0,5100.0,72.0,55.75,75.0,932.0
89749409824407,11.401157739,2026-09-01T15:00:47.575572-03:00,4.2,120.6,722.28125,9757.23828125,107,27.3,0.3603515625,0.1904296875,0.173828125,1447.7539583333335,800.0,5100.0,72.0,55.875,75.0,932.0
89749510172194,11.501505526,2026-09-01T15:00:47.675920-03:00,4.6,99.6,722.30078125,9757.23828125,107,27.3,0.3603515625,0.1904296875,0.173828125,1521.0974583333334,800.0,5100.0,73.0,55.875,75.0,932.0
89749610251174,11.601584506,2026-09-01T15:00:47.775999-03:00,5.0,119.9,722.3203125,9757.23828125,107,27.3,0.3603515625,0.1904296875,0.173828125,1826.4956666666667,800.0,5100.0,73.0,55.375,75.0,932.0
89749710382033,11.701715365,2026-09-01T15:00:47.876130-03:00,5.4,99.9,722.34375,9757.23828125,107,27.3,0.3603515625,0.1904296875,0.173828125,1904.8166250000002,800.0,5100.368,73.0,55.375,75.0,932.0
89749810327721,11.801661053,2026-09-01T15:00:47.976075-03:00,4.2,120.1,722.359375,9757.23828125,107,27.3,0.3603515625,0.1904296875,0.173828125,1549.12375,799.499,5100.0,73.0,55.375,75.0,932.0
89749910230481,11.901563813,2026-09-01T15:00:48.075978-03:00,5.0,110.1,722.38671875,9757.23828125,107,27.3,0.3603515625,0.1904296875,0.173828125,1710.8388333333332,798.933,5100.0,73.0,55.375,75.0,932.0
89750010143105,12.001476437,2026-09-01T15:00:48.175891-03:00,5.0,110.1,722.3984375,9757.23828125,107,27.3,0.3603515625,0.1904296875,0.173828125,1465.3635000000002,799.312,5100.0,73.0,55.375,75.0,932.0
89750110138892,12.101472224,2026-09-01T15:00:48.275887-03:00,5.0,119.9,722.43359375,9757.23828125,107,27.3,0.3603515625,0.1904296875,0.173828125,1645.022291666667,798.704,5100.0,73.0,55.375,75.0,932.0
89750210128342,12.201461674,2026-09-01T15:00:48.375876-03:00,4.6,110.0,722.45703125,9757.23828125,107,27.3,0.3603515625,0.1904296875,0.173828125,1652.6348333333333,799.663,5100.0,73.0,55.375,75.0,932.0
89750309978952,12.301312284,2026-09-01T15:00:48.475727-03:00,5.0,100.3,722.4765625,9757.23828125,107,27.3,0.3603515625,0.1904296875,0.173828125,1494.3189166666668,800.0,5100.686,73.0,55.375,75.0,932.0
89750410276423,12.401609755,2026-09-01T15:00:48.576024-03:00,5.0,109.7,722.49609375,9757.23828125,107,27.3,0.3603515625,0.1904296875,0.173828125,1441.925,800.0,5100.0,73.0,55.4375,75.0,932.0
89750509871903,12.501205235,2026-09-01T15:00:48.675620-03:00,4.6,120.5,722.51171875,9757.23828125,107,27.3,0.3603515625,0.1904296875,0.173828125,1393.9896666666666,800.0,4497.286,73.0,55.4375,75.0,932.0
89750610110882,12.601444214,2026-09-01T15:00:48.775858-03:00,5.0,99.5,722.5390625,9757.23828125,107,27.3,0.3603515625,0.1904296875,0.173828125,1856.9607916666666,800.0,5100.0,72.0,55.625,75.0,932.0
89750709698682,12.701032014,2026-09-01T15:00:48.875446-03:00,4.6,120.7,722.55859375,9757.23828125,107,27.3,0.3603515625,0.1904296875,0.173828125,1643.804375,800.0,5100.0,72.0,56.6875,75.0,932.0
89750810634931,12.801968263,2026-09-01T15:00:48.976383-03:00,5.0,109.1,722.58203125,9757.23828125,107,27.3,0.3603515625,0.1904296875,0.173828125,1662.881,800.0,5100.0,72.0,56.6875,75.0,932.0
89750910667879,12.902001211,2026-09-01T15:00:49.076416-03:00,5.0,109.9,722.59765625,9757.23828125,107,27.3,0.3603515625,0.1904296875,0.173828125,1640.007625,799.958,5100.0,72.0,56.6875,75.0,932.0
89751010515424,13.001848756,2026-09-01T15:00:49.176263-03:00,4.6,110.3,722.62109375,9757.23828125,107,27.3,0.3603515625,0.1904296875,0.173828125,1674.0545,800.0,5100.0,72.0,56.6875,75.0,932.0
89751110249205,13.101582537,2026-09-01T15:00:49.275997-03:00,4.6,110.3,722.64453125,9757.23828125,107,27.3,0.3603515625,0.1904296875,0.173828125,1495.5057916666667,800.0,5100.0,72.0,56.6875,75.0,932.0
89751210451798,13.20178513,2026-09-01T15:00:49.376199-03:00,4.6,109.8,722.6640625,9757.23828125,107,27.3,0.3603515625,0.1904296875,0.173828125,1727.1181666666669,800.0,5100.0,72.0,56.6875,75.0,932.0
89751310216819,13.301550151,2026-09-01T15:00:49.475964-03:00,4.6,110.1,722.6875,9757.23828125,107,27.3,0.3603515625,0.1904296875,0.173828125,1687.9446666666665,800.0,5100.037,72.0,56.6875,75.0,932.0
89751410256567,13.401589899,2026-09-01T15:00:49.576004-03:00,5.4,110.1,722.69921875,9757.23828125,107,27.3,0.3603515625,0.1904296875,0.173828125,1496.6640833333333,799.736,5100.0,72.0,56.6875,75.0,932.0
89751510619020,13.501952352,2026-09-01T15:00:49.676367-03:00,5.0,109.6,722.72265625,9757.23828125,107,27.3,0.3603515625,0.1904296875,0.173828125,1679.6412083333335,800.0,5101.658,72.0,56.9375,75.0,932.0
89751610483682,13.601817014,2026-09-01T15:00:49.776231-03:00,4.6,110.2,722.7421875,9757.23828125,107,27.3,0.3603515625,0.1904296875,0.173828125,1487.7029166666669,798.515,5100.0,72.0,57.1875,75.0,932.0
89751709940478,13.70127381,2026-09-01T15:00:49.875688-03:00,5.0,110.6,722.76171875,9757.23828125,107,27.3,0.3603515625,0.1904296875,0.173828125,1548.4042916666667,800.0,5100.646,75.0,57.3125,75.0,932.0
89751810562975,13.801896307,2026-09-01T15:00:49.976311-03:00,4.6,109.3,722.77734375,9757.23828125,107,27.3,0.3603515625,0.1904296875,0.173828125,1962.787,800.0,5100.301,75.0,56.625,63.0,932.0
89751910468257,13.901801589,2026-09-01T15:00:50.076216-03:00,5.0,110.1,722.8046875,9757.23828125,107,27.3,0.3603515625,0.1904296875,0.173828125,1664.8849166666666,800.0,5100.467,75.0,56.625,63.0,932.0
89752010120847,14.001454179,2026-09-01T15:00:50.175868-03:00,4.2,110.4,722.82421875,9757.23828125,107,27.3,0.3603515625,0.1904296875,0.173828125,1826.9356666666665,800.0,5100.0,75.0,56.625,63.0,932.0
89752110119378,14.10145271,2026-09-01T15:00:50.275867-03:00,5.0,120.0,722.8515625,9758.23828125,107,27.3,0.3603515625,0.1904296875,0.173828125,2175.1638333333335,800.0,5100.533,75.0,56.625,63.0,932.0
89752210275907,14.201609239,2026-09-01T15:00:50.376024-03:00,5.0,99.8,722.8671875,9758.23828125,107,27.3,0.3603515625,0.1904296875,0.173828125,1750.5178750000002,800.0,5100.0,75.0,56.625,63.0,932.0
89752310156981,14.301490313,2026-09-01T15:00:50.475905-03:00,5.0,110.1,722.89453125,9758.23828125,107,27.3,0.3603515625,0.1904296875,0.173828125,1917.4329166666666,800.0,5104.136,75.0,56.625,63.0,932.0
89752410720499,14.402053831,2026-09-01T15:00:50.576468-03:00,5.0,119.2,722.9140625,9758.23828125,107,27.3,0.3603515625,0.1904296875,0.173828125,2217.2069166666665,799.165,5100.0,75.0,56.625,63.0,932.0
89752511561632,14.502894964,2026-09-01T15:00:50.677310-03:00,6.2,109.1,722.9296875,9758.23828125,107,27.3,0.3603515625,0.1904296875,0.173828125,2242.1593749999997,800.0,5100.0,75.0,57.625,76.0,932.0
89752611118428,14.60245176,2026-09-01T15:00:50.776867-03:00,5.9,110.5,722.94921875,9758.23828125,107,27.3,0.3603515625,0.1904296875,0.173828125,2049.1447083333333,800.0,5100.0,75.0,57.6875,76.0,932.0
89752713778950,14.705112282,2026-09-01T15:00:50.879531-03:00,5.7,107.1,722.96875,9758.23828125,107,27.3,0.3603515625,0.1904296875,0.173828125,2347.38275,800.0,5088.487,74.0,57.4375,76.0,932.0
89752814312312,14.805645644,2026-09-01T15:00:50.980061-03:00,5.4,119.4,723.0,9758.23828125,107,27.3,0.3603515625,0.1904296875,0.173828125,2522.6234583333335,800.0,5100.0,74.0,58.3125,76.0,932.0
89752913619123,14.904952455,2026-09-01T15:00:51.079368-03:00,5.5,110.7,723.015625,9758.23828125,107,27.3,0.3603515625,0.1904296875,0.173828125,2213.0850833333334,800.0,5100.0,74.0,58.3125,76.0,932.0
89753010388566,15.001721898,2026-09-01T15:00:51.176137-03:00,6.0,113.8,723.0390625,9758.23828125,107,27.3,0.3603515625,0.1904296875,0.173828125,1846.8386666666668,798.534,5100.216,74.0,58.3125,76.0,932.0
89753109738466,15.101071798,2026-09-01T15:00:51.275486-03:00,4.6,100.5,723.05859375,9758.23828125,107,27.3,0.41162109375,0.2041015625,0.1787109375,2106.70375,800.0,5100.0,74.0,58.3125,76.0,932.0
89753209895845,15.201229177,2026-09-01T15:00:51.375644-03:00,5.0,120.1,723.08203125,9758.23828125,107,27.3,0.41162109375,0.2041015625,0.1787109375,1724.3709166666667,798.835,5100.175,74.0,58.3125,76.0,932.0
89753310178801,15.301512133,2026-09-01T15:00:51.475927-03:00,5.9,109.7,723.09765625,9758.23828125,107,27.3,0.41162109375,0.2041015625,0.1787109375,2550.4482916666666,800.0,5100.936,74.0,58.3125,76.0,932.0
89753408867476,15.400200808,2026-09-01T15:00:51.574616-03:00,5.5,101.3,723.12109375,9758.23828125,107,27.3,0.41162109375,0.2041015625,0.1787109375,1964.012125,798.786,5104.054,74.0,58.3125,76.0,932.0
89753510557034,15.501890366,2026-09-01T15:00:51.676310-03:00,7.8,117.5,723.140625,9758.23828125,107,27.3,0.41162109375,0.2041015625,0.1787109375,3155.46075,800.0,4890.476,74.0,58.3125,76.0,932.0
89753610570147,15.601903479,2026-09-01T15:00:51.776318-03:00,9.2,110.3,723.15234375,9758.23828125,107,27.3,0.41162109375,0.2041015625,0.1787109375,2310.0025833333334,800.0,4950.109,74.0,57.4375,75.0,932.0
89753710150965,15.701484297,2026-09-01T15:00:51.875899-03:00,9.3,110.5,723.18359375,9758.23828125,107,27.3,0.41162109375,0.2041015625,0.1787109375,2132.1452916666667,800.0,5100.0,74.0,57.4375,75.0,932.0
89753810612390,15.801945722,2026-09-01T15:00:51.976360-03:00,10.4,119.5,723.19921875,9758.23828125,107,27.3,0.41162109375,0.2041015625,0.1787109375,2299.5064583333333,800.0,5042.307,68.0,58.8125,75.0,932.0
89753911041171,15.902374503,2026-09-01T15:00:52.076790-03:00,6.2,109.4,723.22265625,9758.23828125,107,27.3,0.41162109375,0.2041015625,0.1787109375,2286.4288333333334,800.0,5097.517,68.0,59.5,72.0,932.0
89754011032174,16.002365506,2026-09-01T15:00:52.176780-03:00,8.4,100.0,723.23828125,9758.23828125,107,27.4,0.41162109375,0.2041015625,0.1787109375,2572.4566250000003,800.0,4884.569,68.0,59.5,72.0,932.0
89754110034119,16.101367451,2026-09-01T15:00:52.275782-03:00,13.1,111.0,723.26171875,9758.23828125,107,27.5,0.41162109375,0.2041015625,0.1787109375,2698.748375,799.562,5100.0,68.0,59.5,72.0,932.0
89754210535384,16.201868716,2026-09-01T15:00:52.376284-03:00,6.7,109.6,723.27734375,9758.23828125,107,27.5,0.41162109375,0.2041015625,0.1787109375,2221.975875,800.0,5100.055,68.0,59.5,72.0,932.0
89754310010004,16.301343336,2026-09-01T15:00:52.475758-03:00,5.0,110.7,723.296875,9758.23828125,107,27.5,0.41162109375,0.2041015625,0.1787109375,2352.023833333333,800.0,5100.596,68.0,59.5,72.0,932.0
89754409135842,16.400469174,2026-09-01T15:00:52.574884-03:00,5.0,110.9,723.3125,9758.23828125,107,27.5,0.41162109375,0.2041015625,0.1787109375,1655.4571666666668,800.0,5100.0,68.0,59.5,72.0,932.0
89754510551470,16.501884802,2026-09-01T15:00:52.676299-03:00,4.5,108.6,723.3359375,9758.23828125,107,27.5,0.41162109375,0.2041015625,0.1787109375,1539.1528333333333,800.0,5100.414,68.0,59.5,72.0,932.0
89754610568110,16.601901442,2026-09-01T15:00:52.776316-03:00,4.6,109.9,723.35546875,9758.23828125,107,27.5,0.41162109375,0.2041015625,0.1787109375,1563.2531666666666,800.0,5100.0,68.0,59.5,72.0,932.0
89754710345913,16.701679245,2026-09-01T15:00:52.876093-03:00,5.0,110.3,723.3828125,9758.23828125,107,27.5,0.41162109375,0.2041015625,0.1787109375,1353.0842916666668,798.795,5100.0,68.0,59.5,72.0,932.0
89754810660657,16.801993989,2026-09-01T15:00:52.976408-03:00,4.6,109.8,723.3984375,9758.23828125,107,27.5,0.41162109375,0.2041015625,0.1787109375,1430.4945833333334,800.0,5100.053,68.0,59.375,72.0,932.0
89754910070443,16.901403775,2026-09-01T15:00:53.075818-03:00,4.6,110.6,723.41796875,9758.23828125,107,27.5,0.41162109375,0.2041015625,0.1787109375,1710.7673333333332,799.683,5100.0,76.0,58.375,67.0,932.0
89755010546959,17.001880291,2026-09-01T15:00:53.176295-03:00,5.0,109.5,723.4453125,9758.23828125,107,27.5,0.41162109375,0.2041015625,0.1787109375,1832.8273749999998,798.403,5100.0,76.0,58.25,75.0,932.0
89755110603321,17.101936653,2026-09-01T15:00:53.276351-03:00,4.6,109.8,723.46484375,9758.23828125,107,27.5,0.41162109375,0.2041015625,0.1787109375,1958.4616666666668,800.0,5100.0,76.0,58.25,75.0,932.0
89755210454500,17.201787832,2026-09-01T15:00:53.376202-03:00,5.0,110.3,723.48828125,9758.23828125,107,27.5,0.41162109375,0.2041015625,0.1787109375,1615.3042500000001,800.0,5100.0,76.0,58.25,75.0,932.0
89755310750070,17.302083402,2026-09-01T15:00:53.476498-03:00,5.4,119.6,723.51171875,9758.23828125,107,27.5,0.41162109375,0.2041015625,0.1787109375,1853.6685,800.0,5100.0,76.0,58.25,75.0,932.0
89755410358762,17.401692094,2026-09-01T15:00:53.576106-03:00,4.6,110.4,723.53125,9758.23828125,107,27.5,0.41162109375,0.2041015625,0.1787109375,1687.273375,800.0,5100.0,76.0,58.25,75.0,932.0
89755510194287,17.501527619,2026-09-01T15:00:53.675942-03:00,5.0,100.2,723.55078125,9758.23828125,107,27.5,0.41162109375,0.2041015625,0.1787109375,1696.510875,800.0,5100.0,76.0,58.25,75.0,932.0
89755610592034,17.601925366,2026-09-01T15:00:53.776340-03:00,4.6,119.5,723.5703125,9758.23828125,107,27.5,0.41162109375,0.2041015625,0.1787109375,1718.8677083333332,800.0,5100.0,76.0,58.25,75.0,932.0
89755711540661,17.702873993,2026-09-01T15:00:53.877289-03:00,4.5,108.8,723.59375,9758.23828125,107,27.5,0.41162109375,0.2041015625,0.1787109375,1509.0863333333334,800.0,5100.0,76.0,58.3125,75.0,932.0
89755810537976,17.801871308,2026-09-01T15:00:53.976286-03:00,5.0,111.2,723.6171875,9758.23828125,107,27.5,0.41162109375,0.2041015625,0.1787109375,1894.4050833333333,799.497,5100.0,76.0,58.3125,75.0,932.0
89755909965077,17.901298409,2026-09-01T15:00:54.075713-03:00,5.0,110.7,723.6328125,9758.23828125,107,27.5,0.41162109375,0.2041015625,0.1787109375,1455.5516666666665,800.0,5100.0,76.0,58.4375,75.0,932.0
89756010254347,18.001587679,2026-09-01T15:00:54.176002-03:00,5.0,109.7,723.65625,9758.23828125,107,27.5,0.41162109375,0.2041015625,0.1787109375,1740.2670416666667,800.0,5101.626,72.0,59.375,75.0,932.0
89756110570335,18.101903667,2026-09-01T15:00:54.276318-03:00,4.2,109.7,723.6796875,9758.23828125,107,27.5,0.41162109375,0.2041015625,0.1787109375,1929.7974583333335,800.0,5100.602,72.0,59.625,75.0,932.0
89756210535844,18.201869176,2026-09-01T15:00:54.376283-03:00,5.0,110.0,723.70703125,9758.23828125,107,27.5,0.41162109375,0.2041015625,0.1787109375,1569.71125,800.0,5100.0,72.0,59.625,75.0,932.0
89756309969653,18.301302985,2026-09-01T15:00:54.475717-03:00,4.6,100.6,723.7265625,9758.23828125,107,27.5,0.41162109375,0.2041015625,0.1787109375,1683.3486666666668,800.0,5100.0,72.0,59.625,75.0,932.0
89756410061066,18.401394398,2026-09-01T15:00:54.575809-03:00,4.6,119.7,723.7421875,9758.23828125,107,27.5,0.41162109375,0.2041015625,0.1787109375,1623.1165833333334,800.0,5100.478,72.0,59.625,75.0,932.0
89756509744963,18.501078295,2026-09-01T15:00:54.675493-03:00,4.6,110.6,723.76953125,9758.23828125,107,27.5,0.41162109375,0.2041015625,0.1787109375,1659.5373333333334,800.0,5100.0,72.0,59.625,75.0,932.0
89756610485238,18.60181857,2026-09-01T15:00:54.776233-03:00,5.0,109.1,723.78515625,9758.23828125,107,27.5,0.41162109375,0.2041015625,0.1787109375,1588.3315833333334,800.0,5100.0,72.0,59.625,75.0,932.0
89756710080841,18.701414173,2026-09-01T15:00:54.875828-03:00,4.6,110.4,723.8125,9758.23828125,107,27.5,0.41162109375,0.2041015625,0.1787109375,1318.9643333333333,800.0,5100.055,72.0,59.625,75.0,932.0
89756810011535,18.801344867,2026-09-01T15:00:54.975759-03:00,5.0,110.1,723.828125,9758.23828125,107,27.5,0.41162109375,0.2041015625,0.1787109375,1753.425375,800.0,5100.0,72.0,59.625,75.0,932.0
89756908424921,18.899758253,2026-09-01T15:00:55.074173-03:00,3.4,91.5,723.8359375,9758.23828125,107,27.5,0.41162109375,0.2041015625,0.1787109375,1294.3170833333334,800.0,4634.851,72.0,59.625,75.0,932.0
89757008907723,19.000241055,2026-09-01T15:00:55.174657-03:00,0.4,0.0,723.84375,9758.23828125,107,27.5,0.41162109375,0.2041015625,0.1787109375,1072.3572083333333,800.0,2810.116,72.0,59.5,75.0,932.0
89757108947335,19.100280667,2026-09-01T15:00:55.274696-03:00,0.8,0.0,723.84765625,9758.23828125,107,27.5,0.41162109375,0.2041015625,0.1787109375,1145.2345833333334,800.0,2805.9,57.0,57.75,75.0,932.0
89757209435853,19.200769185,2026-09-01T15:00:55.375187-03:00,0.0,0.0,723.84765625,9758.23828125,107,27.5,0.41162109375,0.2041015625,0.1787109375,886.6496666666667,799.289,1589.957,57.0,54.1875,63.0,932.0
89757309750184,19.301083516,2026-09-01T15:00:55.475501-03:00,0.4,0.0,723.84765625,9758.23828125,107,27.5,0.41162109375,0.2041015625,0.1787109375,884.8995,800.0,1396.978,57.0,54.1875,63.0,932.0
