sample_size,repetition,batch_size,correct,accuracy_percent,start_epoch_s,end_epoch_s,wall_time_s,process_cpu_time_s,cpu_time_per_inference_ms,throughput_fps,latency_mean_ms,latency_median_ms,latency_std_ms,latency_p95_ms,latency_min_ms,latency_max_ms,telemetry_samples,cpu_system_utilization_mean_percent,cpu_process_utilization_mean_percent,cpu_process_utilization_normalized_percent,cpu_frequency_psutil_mean_mhz,cpu_package_temperature_psutil_mean_c,process_rss_mean_mib,rapl_samples,cpu_busy_percent_turbostat,cpu_busy_frequency_mean_mhz,cpu_package_temperature_mean_c,power_package_mean_w,power_cores_mean_w,power_dram_mean_w,power_dynamic_mean_w,energy_package_j,energy_per_inference_mj,dynamic_energy_per_inference_mj,started_utc,ended_utc,rapl_coverage_s
1000,1,1,741,74.1,1787686888.1710227,1787686889.1785743,1.0075505439890549,6.913019329999997,6.913019329999997,992.5060394894324,0.9586919775605202,0.8898884952068329,0.2364844291063781,1.5701213419437408,0.7404090166091919,2.077749013900757,7,27.985714285714288,673.2142857142857,28.050595238095237,nan,55.0,871.2578125,11,33.77243414529107,3434.2618405357807,54.69927936889033,54.38409086313936,45.50473050719496,nan,41.5853162491006,54.25371594667435,54.25371594667435,41.35830362190629,2026-08-25T19:41:28.171045+00:00,2026-08-25T19:41:29.178557+00:00,0.9976027011871338
1000,2,1,741,74.1,1787686889.1807349,1787686890.1684475,0.9877118600124959,6.842181679999996,6.842181679999996,1012.441016945315,0.9403590806126595,0.8732289969921112,0.22513343018096166,1.485679966211319,0.7312710285186768,2.3004350662231445,6,27.633333333333336,694.4000000000001,28.933333333333337,nan,53.0,871.2578125,10,34.254764419002505,3473.4078473905056,55.210652218583995,55.89167338124773,47.011784370634174,nan,43.092898767208965,54.79752059459686,54.79752059459686,42.15601911468392,2026-08-25T19:41:29.180741+00:00,2026-08-25T19:41:30.168422+00:00,0.9804236888885498
1000,3,1,741,74.1,1787686890.1727288,1787686891.1347618,0.9620322710106848,6.678207696000001,6.678207696000001,1039.4661698296538,0.9171527598500252,0.8559505045413971,0.2516300029933055,1.4176105082035062,0.7276489734649658,4.628100872039795,5,30.2,684.48,28.52,nan,54.6,871.2578125,11,33.554987087548206,3500.2292965583624,55.73513033400058,56.60657611916079,47.68884899703369,nan,43.80780150512203,53.72836599349976,53.72836599349976,41.415531785402145,2026-08-25T19:41:30.172735+00:00,2026-08-25T19:41:31.134742+00:00,0.9491541385650635
1000,4,1,741,74.1,1787686891.1386142,1787686892.1473002,1.0086857979913475,6.9176124869999995,6.9176124869999995,991.3889954546361,0.9593839724063873,0.8774895071983337,0.24013941813920098,1.5170173346996305,0.7413319945335388,2.2805540561676025,7,27.599999999999994,681.0714285714286,28.37797619047619,nan,55.857142857142854,871.2578125,11,34.2267036618788,3413.380313778789,55.598799916054084,54.438810678167826,45.52879067676873,nan,41.64003606412906,54.54786211729049,54.54786211729049,41.637919932417404,2026-08-25T19:41:31.138623+00:00,2026-08-25T19:41:32.147282+00:00,1.0020031929016113
1000,5,1,741,74.1,1787686892.1514342,1787686893.1556664,1.0042315120081184,6.899912477000001,6.899912477000001,995.7863182368607,0.9555752579569816,0.8854919970035553,0.23526711778800413,1.5392065942287443,0.74310302734375,2.3029720783233643,7,30.271428571428572,686.342857142857,28.597619047619045,nan,56.0,871.2578125,11,34.223317142260434,3452.4560922972773,56.76224568916885,55.53185666171348,46.610348534569475,nan,42.73308204767472,55.15274747371674,55.15274747371674,42.29981469120947,2026-08-25T19:41:32.151448+00:00,2026-08-25T19:41:33.155647+00:00,0.9931731224060059
1000,6,1,741,74.1,1787686893.159629,1787686894.1659997,1.0063699620077386,6.926240617999994,6.926240617999994,993.6703575740373,0.9588394904732704,0.8911040127277374,0.2589194195302591,1.5523615837097169,0.7328240275382996,4.670292854309082,7,29.842857142857138,683.8571428571429,28.49404761904762,nan,57.142857142857146,871.2578125,11,34.072942914000336,3431.698353521704,56.944349277589076,54.86173961343678,45.92907652826528,nan,42.06296499939802,54.67957364559174,54.67957364559174,41.79927132351594,2026-08-25T19:41:33.159637+00:00,2026-08-25T19:41:34.165980+00:00,0.9966795444488525
1000,7,1,741,74.1,1787686894.1698895,1787686895.1686835,0.9987934490054613,6.9421018210000085,6.9421018210000085,1001.208008518418,0.9496441410779953,0.86616051197052,0.24874456416696397,1.5432690918445577,0.722055971622467,2.466952085494995,7,28.485714285714288,694.8857142857142,28.953571428571426,nan,57.57142857142857,871.2578125,11,34.45727687411658,3431.7276612139353,56.90847669376088,55.31847128837756,46.39457659553143,nan,42.519696674338796,54.87483453273773,54.87483453273773,42.091502292938415,2026-08-25T19:41:34.169898+00:00,2026-08-25T19:41:35.168665+00:00,0.9919803142547607
1000,8,1,741,74.1,1787686895.1726077,1787686896.1614366,0.9888285720080603,6.926810474000007,6.926810474000007,1011.297638749711,0.9433999794721604,0.8695184886455536,0.24749112334964746,1.5136001229286191,0.7348759770393372,3.6427080631256104,7,29.428571428571427,695.7285714285715,28.98869047619048,nan,57.57142857142857,871.2578125,11,34.587422708700416,3444.998990961828,57.0,55.627760725512346,46.672549317746785,nan,42.82898611147358,54.3762931394577,54.3762931394577,41.72049911440474,2026-08-25T19:41:35.172615+00:00,2026-08-25T19:41:36.161417+00:00,0.9775028228759766
1000,9,1,741,74.1,1787686896.165339,1787686897.1534853,0.988145686002099,6.8739169600000025,6.8739169600000025,1011.9965245670019,0.9399441776871681,0.8685654997825623,0.24268414294682475,1.5700999200344086,0.7300270199775696,2.2869210243225098,6,29.200000000000003,697.0499999999998,29.043749999999992,nan,59.0,871.2578125,11,34.348724081240455,3412.744213015975,57.489431743652666,54.83270704066408,45.86435080432573,nan,42.03393242662532,53.65941922187805,53.65941922187805,41.012365300902474,2026-08-25T19:41:36.165346+00:00,2026-08-25T19:41:37.153465+00:00,0.978602409362793
1000,10,1,741,74.1,1787686897.1574304,1787686898.122574,0.9651431109959958,6.696092778000008,6.696092778000008,1036.115772476512,0.9193714718222619,0.8624200224876404,0.21391841639096637,1.481547403335571,0.7314079999923706,2.2469139099121094,4,28.3,689.15,28.714583333333334,nan,57.0,871.2578125,10,33.16874987220471,3471.7222525006214,56.83014406851967,55.25884109628091,46.26159395000275,nan,42.46006648224215,52.963762843608855,52.963762843608855,40.61111369567891,2026-08-25T19:41:37.157437+00:00,2026-08-25T19:41:38.122550+00:00,0.9584667682647705
1000,11,1,741,74.1,1787686898.1645184,1787686899.1609528,0.9964336049888516,6.934320488999987,6.934320488999987,1003.5791597084768,0.9505220105648041,0.8659949898719788,0.2818758735090304,1.6400842428207396,0.738756000995636,3.3130059242248535,6,29.0,689.7166666666667,28.738194444444446,nan,57.0,871.2604166666666,10,34.15947719110087,3403.345560541482,57.24579961578641,54.38315425800415,45.388435659960074,nan,41.584379643965384,53.55606899499893,53.55606899499893,40.80293986689249,2026-08-25T19:41:38.164539+00:00,2026-08-25T19:41:39.160932+00:00,0.9847915172576904
1000,12,1,741,74.1,1787686899.164995,1787686900.1667883,1.0017927790031536,6.910739485000022,6.910739485000022,998.2104293016191,0.9507576503753662,0.8802089989185333,0.23242517096740012,1.553981339931488,0.74276202917099,2.2759571075439453,7,28.471428571428568,688.9142857142857,28.704761904761906,nan,57.857142857142854,871.26171875,10,34.29609080138793,3420.8616398493955,58.304295357252165,54.40611484597395,45.396148667061816,nan,41.60734023193519,54.12002998828888,54.12002998828888,41.29830999985598,2026-08-25T19:41:39.165007+00:00,2026-08-25T19:41:40.166769+00:00,0.994741678237915
1000,13,1,741,74.1,1787686900.17095,1787686901.1675837,0.9966332570038503,6.994332569000022,6.994332569000022,1003.3781162453589,0.948623626947403,0.8652575016021729,0.25505055380366526,1.5640189468860626,0.7362350225448608,2.405932903289795,7,29.685714285714287,699.0571428571429,29.127380952380957,nan,58.0,871.26171875,10,34.60725549876071,3384.5809132440168,58.58233892694226,54.103091465737826,45.09556247069087,nan,41.30431685169906,53.390605137348174,53.390605137348174,40.63492070810052,2026-08-25T19:41:40.170962+00:00,2026-08-25T19:41:41.167564+00:00,0.9868309497833252
1000,14,1,741,74.1,1787686901.171741,1787686902.173822,1.0020805859967368,6.902795537999992,6.902795537999992,997.9237338535331,0.9546505869626999,0.8828884959220886,0.23935334416724843,1.5682934403419493,0.7424039840698242,2.5352048873901367,7,28.942857142857143,688.6571428571427,28.694047619047613,nan,58.0,871.26171875,11,34.26459971269157,3412.401766179618,58.60457235513785,54.27514755882836,45.23820190524017,nan,41.476372944789595,53.80408532857895,53.80408532857895,40.97868176330283,2026-08-25T19:41:41.171751+00:00,2026-08-25T19:41:42.173802+00:00,0.9913208484649658
1000,15,1,741,74.1,1787686902.1779037,1787686903.1741726,0.9962682840123307,6.93321930099998,6.93321930099998,1003.7456938533066,0.9482726982831955,0.8870609998703003,0.22044287163321802,1.4841242253780362,0.7481139898300171,2.272991895675659,7,29.185714285714287,690.357142857143,28.76488095238096,nan,58.42857142857143,871.26171875,11,34.56914570111396,3412.7087473128636,58.898508270234224,53.89951753498722,44.83505564949577,nan,41.100742920948456,53.107249484062194,53.107249484062194,40.35623626187322,2026-08-25T19:41:42.177913+00:00,2026-08-25T19:41:43.174151+00:00,0.9853010177612305
1000,16,1,741,74.1,1787686903.1784852,1787686904.1682777,0.989792223990662,6.942613887999983,6.942613887999983,1010.3130493066334,0.9444291371107102,0.8710255026817322,0.22994526326735656,1.5124191999435423,0.7349740266799927,2.5316059589385986,7,30.342857142857145,698.1,29.087500000000002,nan,59.0,871.26171875,11,34.68462720705351,3419.623274176625,59.43353740007398,53.94742211620481,44.899882315641676,nan,41.14864750216605,52.82017763853073,52.82017763853073,40.15205004894608,2026-08-25T19:41:43.178492+00:00,2026-08-25T19:41:44.168257+00:00,0.97910475730896
1000,17,1,741,74.1,1787686904.1725476,1787686905.1512308,0.9786825149931246,6.770361561000016,6.7703615610000165,1021.7818185982663,0.9306286905407906,0.8813149929046631,0.19719814373299524,1.392019355297087,0.7450659871101379,2.27961802482605,4,31.125,701.1249999999999,29.21354166666666,nan,59.0,871.265625,11,33.454453989735995,3475.6981400305103,60.12271455485708,54.886975067781634,45.80270219511066,nan,42.08820045374287,53.1500342130661,53.1500342130661,40.624097284968485,2026-08-25T19:41:44.172559+00:00,2026-08-25T19:41:45.151198+00:00,0.9683542251586914
1000,18,1,741,74.1,1787686905.15528,1787686906.1498241,0.9945436970010633,6.917810946999992,6.917810946999992,1005.4862375734617,0.9455123610496521,0.8797150254249573,0.22927516709478432,1.5069639384746552,0.7355780005455017,2.2341299057006836,7,28.12857142857143,689.6,28.733333333333334,nan,58.0,871.265625,11,34.64332332214688,3403.2348004479104,59.39017383552107,54.165526603835445,45.09926370041851,nan,41.36675198979668,53.29270349740982,53.29270349740982,40.563762875680354,2026-08-25T19:41:45.155288+00:00,2026-08-25T19:41:46.149806+00:00,0.9838860034942627
1000,19,1,741,74.1,1787686906.154095,1787686907.170515,1.0164197260019137,7.000762530000003,7.000762530000003,983.845526034308,0.969622407913208,0.888423502445221,0.2638650995698845,1.539602160453796,0.7121769785881042,4.120737075805664,7,28.5,686.157142857143,28.589880952380955,nan,60.0,871.2689732142857,11,34.00397519919082,3386.225162576379,58.936778994315596,53.65855931716147,44.57833093535393,nan,40.859784703122706,54.07012927293778,54.07012927293778,41.06120228657625,2026-08-25T19:41:46.154102+00:00,2026-08-25T19:41:47.170496+00:00,1.0076701641082764
1000,20,1,741,74.1,1787686907.174671,1787686908.1867058,1.0120346969924867,7.032321803000002,7.032321803000003,988.1084146341516,0.9654174103140831,0.8958404958248138,0.2362317416930925,1.5725903689861296,0.7501019835472107,2.146713972091675,7,29.028571428571432,692.7857142857143,28.86607142857143,nan,58.285714285714285,871.2762276785714,11,34.26719088888957,3375.900244049296,59.56919259151493,53.23303964905128,44.15688477469881,nan,40.434265035012515,53.47658155679703,53.47658155679703,40.52377756840318,2026-08-25T19:41:47.174678+00:00,2026-08-25T19:41:48.186687+00:00,1.0045750141143799
1000,21,1,741,74.1,1787686908.1909466,1787686909.1934354,1.0024884900049074,6.944731945000001,6.944731945000002,997.5176872056704,0.9548771248459816,0.8801290094852448,0.23600642658132467,1.4997130036354063,0.7453070282936096,2.3122000694274902,7,28.942857142857143,691.3285714285714,28.805357142857144,nan,58.0,871.27734375,11,34.34140159782747,3400.3583162466075,59.59808283702174,54.09597275275119,45.007443423353365,nan,41.297198138712425,53.837881181240085,53.83788118124009,41.007256944499225,2026-08-25T19:41:48.190955+00:00,2026-08-25T19:41:49.193415+00:00,0.9952290058135986
1000,22,1,741,74.1,1787686909.1984568,1787686910.2024279,1.0039706670067972,6.960113084,6.960113084,996.0450368349553,0.9555016524791717,0.8890939950942993,0.23910287765610796,1.4782642066478728,0.7550550103187561,4.183337211608887,7,29.071428571428573,690.2285714285715,28.759523809523813,nan,60.285714285714285,871.27734375,11,34.19888110849494,3406.206408600121,60.87838622209904,53.6198844926509,44.525799032831365,nan,40.821109878612134,53.36610977172852,53.36610977172852,40.51651548560237,2026-08-25T19:41:49.198466+00:00,2026-08-25T19:41:50.202409+00:00,0.9952671527862549
1000,23,1,741,74.1,1787686910.206622,1787686911.1653063,0.9586840039992239,6.624744692999997,6.624744692999997,1043.0965738746272,0.9116734382510185,0.8732355237007141,0.15815388055535173,1.2047270774841299,0.7416250109672546,2.0611510276794434,4,27.674999999999997,684.75,28.53125,nan,61.0,871.27734375,10,33.24508475348138,3490.4076749674027,61.14810634276773,54.97147611156137,45.85703421742121,nan,42.17270149752261,52.37865926027298,52.37865926027298,40.10867876700268,2026-08-25T19:41:50.206630+00:00,2026-08-25T19:41:51.165289+00:00,0.9528334140777588
1000,24,1,741,74.1,1787686911.1694663,1787686912.1808684,1.0114017599989893,7.076806891000018,7.076806891000018,988.7267746113071,0.9611122064590454,0.877131998538971,0.24850264875025826,1.5811736822128295,0.7371460199356079,2.6664249897003174,6,29.549999999999997,696.2666666666665,29.011111111111106,nan,58.0,871.27734375,11,34.48194957345122,3349.468821147605,59.906765233263386,53.03063522656462,43.91551563241137,nan,40.23186061252586,53.018029668331145,53.018029668331145,40.073326497861956,2026-08-25T19:41:51.169474+00:00,2026-08-25T19:41:52.180850+00:00,0.9997622966766357
1000,25,1,741,74.1,1787686912.1850176,1787686913.1975608,1.0125424990110332,7.115144680000014,7.1151446800000135,987.6128665974182,0.9648538258075714,0.8806705176830292,0.2618411750459049,1.5908358812332146,0.7539560198783875,2.389842987060547,7,30.87142857142857,696.2428571428571,29.010119047619046,nan,59.0,871.27734375,11,34.78507767867114,3345.884812262615,60.411759196712225,52.99896937262645,43.871662325696306,nan,40.200194758587685,53.29291922092438,53.29291922092438,40.333615988946605,2026-08-25T19:41:52.185025+00:00,2026-08-25T19:41:53.197542+00:00,1.0055463314056396
1000,26,1,741,74.1,1787686913.1995907,1787686914.2203872,1.0207963830034714,7.0875530669999875,7.087553066999988,979.6272955608614,0.9715779709815979,0.8969795107841492,0.24221319488813692,1.5246890366077408,0.7543209791183472,2.4216771125793457,7,28.728571428571428,696.9,29.037499999999998,nan,59.0,871.27734375,11,34.28617255447361,3327.8769888971574,60.497043552740095,52.50572607334194,43.36802410951469,nan,39.70695145930318,53.14197073459625,53.14197073459625,40.07702790170883,2026-08-25T19:41:53.199600+00:00,2026-08-25T19:41:54.220368+00:00,1.012117624282837
1000,27,1,741,74.1,1787686914.2246187,1787686915.2463453,1.021725951010012,7.095611512999994,7.095611512999994,978.7360289825905,0.9699923360347747,0.8948689997196198,0.23328479941308558,1.5287472963333129,0.7513329982757568,2.1723530292510986,7,27.928571428571423,688.5571428571429,28.689880952380957,nan,59.857142857142854,871.27734375,11,34.19969373008108,3344.05978628951,61.49413596956475,52.631785994551066,43.499592239022064,nan,39.8330113805123,53.00835079908371,53.00835079908371,39.931510634792154,2026-08-25T19:41:54.224626+00:00,2026-08-25T19:41:55.246327+00:00,1.0071547031402588
1000,28,1,741,74.1,1787686915.250655,1787686916.2697122,1.0190565859957132,7.069141116000026,7.069141116000027,981.2997764230205,0.9694561816453934,0.8925414979457855,0.24218342944513807,1.5407589614391317,0.747393012046814,2.196355104446411,7,29.2,693.0142857142857,28.87559523809524,nan,61.42857142857143,871.27734375,11,34.29129907545055,3346.5603137612516,61.17796287896382,52.86859540804429,43.70484210954494,nan,40.06982079400553,53.29884954214096,53.29884954214096,40.25617397903002,2026-08-25T19:41:55.250663+00:00,2026-08-25T19:41:56.269693+00:00,1.0081381797790527
1000,29,1,741,74.1,1787686916.2741215,1787686917.2815857,1.007463681002264,6.97605288699998,6.976052886999979,992.5916128362675,0.9574410551786423,0.8813714981079102,0.230648024783417,1.532439941167831,0.7594919800758362,2.2245259284973145,7,29.957142857142856,691.2571428571428,28.802380952380947,nan,60.857142857142854,871.27734375,11,33.53443399571745,3367.438356567817,60.473097793619935,52.464749244519126,43.31486652033926,nan,39.66597463048036,52.24178396701813,52.24178396701813,39.34748338204031,2026-08-25T19:41:56.274133+00:00,2026-08-25T19:41:57.281567+00:00,0.9957501888275146
1000,30,1,741,74.1,1787686917.5884137,1787686918.6371803,1.048765455998364,7.2602177840000195,7.2602177840000195,953.5020383066088,0.9971212739944458,0.8980929851531982,0.34550852052382924,1.68748704791069,0.7488200068473816,5.102435111999512,7,26.228571428571428,617.6,25.733333333333334,nan,60.0,871.2779017857143,11,33.408208934286534,3286.8612635476775,59.92286289401783,51.22502839984648,42.11437846316805,nan,38.42625378580772,53.107478921413424,53.107478921413424,39.68456622710078,2026-08-25T19:41:57.588446+00:00,2026-08-25T19:41:58.637163+00:00,1.0367486476898193
1000,31,1,741,74.1,1787686918.6416347,1787686919.6547313,1.0130961859977106,7.036543839999979,7.036543839999978,987.0731069974237,0.9643338323235512,0.8897739946842194,0.23028340474857745,1.5607212483882902,0.7470359802246094,2.1602439880371094,6,30.599999999999998,691.1833333333334,28.79930555555556,nan,62.0,871.2890625,11,34.21176845865779,3386.9544888510886,62.26222632499276,53.44006931401719,44.276995101279276,nan,40.641294699978424,53.51101178884506,53.51101178884506,40.544622041918075,2026-08-25T19:41:58.641642+00:00,2026-08-25T19:41:59.654714+00:00,1.0013275146484375
1000,32,1,741,74.1,1787686919.6592152,1787686920.6628644,1.0036486530007096,6.989194055999974,6.989194055999974,996.3646112712842,0.9540384822487831,0.8952120244503021,0.21794219095178474,1.4862523019313811,0.7512459754943848,2.2957029342651367,6,29.583333333333332,693.4499999999999,28.893749999999997,nan,63.0,871.29296875,11,33.94290201180679,3404.687837424619,62.11867897309956,54.33164061362685,45.07379518111298,nan,41.53286599958809,54.012086465358735,54.012086465358735,41.16661356391906,2026-08-25T19:41:59.659223+00:00,2026-08-25T19:42:00.662832+00:00,0.9941184520721436
1000,33,1,741,74.1,1787686920.667861,1787686921.671846,1.0039842260011937,7.00816456199999,7.008164561999991,996.0315850607906,0.9571078515052795,0.8800840079784393,0.2523891155892671,1.5915497720241545,0.7516099810600281,2.4553370475769043,6,30.266666666666666,696.0333333333333,29.001388888888886,nan,62.666666666666664,871.29296875,11,34.44776371968908,3359.0929388954005,61.78416340171847,53.538998709715855,44.31382326734731,nan,40.74022409567709,53.134932384490966,53.134932384490966,40.28516455985154,2026-08-25T19:42:00.667872+00:00,2026-08-25T19:42:01.671818+00:00,0.99245285987854
1000,34,1,741,74.1,1787686921.6764467,1787686922.7134666,1.0370196550065884,7.138071165000042,7.138071165000042,964.3018771844269,0.9869558713436126,0.9081540107727051,0.24505838371808147,1.610729146003723,0.7410470247268677,2.2152700424194336,7,28.828571428571426,685.6,28.566666666666666,nan,62.0,871.2963169642857,12,33.94648444725697,3357.336423251577,62.40688173239407,53.55844187453495,44.29006147384233,nan,40.75966726049619,55.08726239204407,55.08726239204407,41.814681557286505,2026-08-25T19:42:01.676453+00:00,2026-08-25T19:42:02.713448+00:00,1.0285449028015137
1000,35,1,741,74.1,1787686922.7178016,1787686923.6902966,0.9724946969945449,6.782414184999993,6.782414184999993,1028.2832421507892,0.926356825530529,0.8772680163383484,0.1877586263070414,1.3948336482048027,0.7474560141563416,2.051492929458618,4,28.65,687.2249999999999,28.634374999999995,nan,62.0,871.296875,10,33.25952563256185,3432.87291944052,62.586256796890936,54.86035152093266,45.58403433408657,nan,42.0615769068939,53.038018548488616,53.038018548488616,40.59127810830752,2026-08-25T19:42:02.717809+00:00,2026-08-25T19:42:03.690280+00:00,0.9667823314666748
1000,36,1,741,74.1,1787686923.694599,1787686924.7135746,1.0189751849975437,7.04070062400001,7.04070062400001,981.3781677150563,0.9712815922498703,0.8910954892635345,0.27016581101006815,1.555500936508178,0.7350890040397644,4.836795806884766,6,28.366666666666664,685.5,28.5625,nan,63.0,871.296875,12,34.59575954633206,3368.967265489201,62.403953322964135,53.83912052692025,44.59467549588252,nan,41.040345912881484,54.19616072654724,54.19616072654724,41.15452699646523,2026-08-25T19:42:03.694604+00:00,2026-08-25T19:42:04.713550+00:00,1.00663161277771
1000,37,1,741,74.1,1787686924.7182376,1787686925.7205138,1.0022756620019209,6.996741509000003,6.996741509000003,997.7295048775549,0.9543654814362525,0.8881394863128662,0.22872078197823742,1.483465254306793,0.7497029900550842,2.3243470191955566,6,29.45,694.4166666666666,28.934027777777775,nan,63.0,871.296875,11,34.165202909159895,3364.267731435925,63.100470072408015,54.093934947286925,44.78211874167001,nan,41.29516033324816,53.84079264879227,53.84079264879227,41.01289234969319,2026-08-25T19:42:04.718245+00:00,2026-08-25T19:42:05.720485+00:00,0.9953203201293945
1000,38,1,741,74.1,1787686925.725591,1787686926.7299697,1.004378359997645,6.966199227000004,6.966199227000005,995.6407264711924,0.9577962943315506,0.8874855041503906,0.23517261659073535,1.537858784198761,0.734978973865509,2.24760103225708,6,29.366666666666664,691.1,28.795833333333334,nan,62.166666666666664,871.296875,11,34.11608157100852,3384.3187478678665,63.797969301099776,54.202598923828006,44.90821101934377,nan,41.40382430978924,54.094615116119385,54.094615116119385,41.23980285929164,2026-08-25T19:42:05.725598+00:00,2026-08-25T19:42:06.729953+00:00,0.9980077743530273
1000,39,1,741,74.1,1787686926.732032,1787686927.7373512,1.005318752999301,7.001326897000013,7.001326897000013,994.7093864672942,0.9569331237077713,0.8862529993057251,0.2361360858043733,1.5488442838191985,0.7523199915885925,2.16758394241333,6,29.116666666666664,698.2333333333335,29.093055555555562,nan,61.333333333333336,871.310546875,11,34.38472619210598,3377.686528469556,63.406537758832876,54.308959106394475,44.981765113173644,nan,41.51018449235571,54.19458708286285,54.19458708286285,41.327738947958295,2026-08-25T19:42:06.732039+00:00,2026-08-25T19:42:07.737331+00:00,0.9978940486907959
1000,40,1,741,74.1,1787686927.7416673,1787686928.7477655,1.0060976649983786,7.019143987999996,7.019143987999996,993.9392911736969,0.9585973515510559,0.8911469876766205,0.2220732480359799,1.5047979950904842,0.747331976890564,2.3119850158691406,7,28.928571428571434,692.9857142857144,28.874404761904767,nan,62.714285714285715,871.3359375,11,34.247060862263105,3399.1968032520945,63.614947420653856,54.65107007080559,45.33375785350306,nan,41.852295456766825,54.617922182083134,54.617922182083134,41.74110492805821,2026-08-25T19:42:07.741674+00:00,2026-08-25T19:42:08.747749+00:00,0.9993934631347656
1000,41,1,741,74.1,1787686928.7508566,1787686929.7541616,1.0033046470052795,6.935976197999992,6.935976197999991,996.7062377163871,0.9558722130060195,0.8936254978179932,0.21845375754210844,1.5102721750736234,0.7486590147018433,2.4752440452575684,6,28.816666666666666,689.8833333333333,28.74513888888889,nan,64.33333333333333,871.359375,11,34.061881378667664,3419.203804653922,64.67624006715367,54.79453508935208,45.439653418868595,nan,41.99576047531332,54.39322099208832,54.39322099208832,41.55215094585002,2026-08-25T19:42:08.750865+00:00,2026-08-25T19:42:09.754136+00:00,0.9926760196685791
1000,42,1,741,74.1,1787686930.0592716,1787686931.1010582,1.0417858680011705,7.228273201000036,7.228273201000037,959.8901566198597,0.991627003133297,0.8868170082569122,0.29561501208698115,1.5912525177001953,0.7364169955253601,3.7711009979248047,6,27.349999999999998,649.3666666666667,27.056944444444444,nan,63.0,871.361328125,11,34.31667938387832,3283.6788754821746,63.050888308619314,51.967952922008614,42.66134082734954,nan,39.16917830796985,53.68932544708252,53.68932544708252,40.355742926444805,2026-08-25T19:42:10.059293+00:00,2026-08-25T19:42:11.101040+00:00,1.0331237316131592
1000,43,1,741,74.1,1787686931.1055772,1787686932.0957475,0.9901698249886977,6.8964585989999705,6.8964585989999705,1009.9277666953894,0.9417735278606415,0.8822095096111298,0.21386420133392703,1.457569271326065,0.7494879961013794,2.308532953262329,6,29.299999999999997,691.2166666666667,28.800694444444446,nan,63.0,871.3671875,11,34.26070265141147,3416.9999720199753,64.4294276868427,54.911810587398044,45.5547123106026,nan,42.11303597335928,53.80908486843109,53.80908486843109,41.136124448778546,2026-08-25T19:42:11.105584+00:00,2026-08-25T19:42:12.095733+00:00,0.9799182415008545
1000,44,1,741,74.1,1787686932.100801,1787686933.0971022,0.9963006239995593,7.0358664070000145,7.035866407000014,1003.7131121985951,0.9509119666814804,0.8762265145778656,0.2374104483181123,1.5429676234722134,0.7497460246086121,2.705949068069458,6,30.066666666666663,704.6333333333332,29.359722222222217,nan,63.333333333333336,871.390625,11,34.483056822997156,3385.0500859565113,64.46587898134054,54.635094267410174,45.286978331816265,nan,41.83631965337141,53.97926013469696,53.97926013469696,41.22783300030042,2026-08-25T19:42:12.100807+00:00,2026-08-25T19:42:13.097083+00:00,0.9879961013793945
1000,45,1,741,74.1,1787686933.1017997,1787686934.1365237,1.034723007993307,7.219583079000017,7.219583079000017,966.4422191010838,0.9851167291998864,0.8999499976634979,0.2724479235912205,1.639247345924377,0.748852014541626,3.292879104614258,7,27.74285714285714,697.5714285714287,29.065476190476193,nan,65.0,871.390625,11,34.39525013768801,3282.018472218953,63.58654743261678,52.596005574645545,43.23576642752576,nan,39.79723096060678,53.80225280046463,53.80225280046463,40.55906623319807,2026-08-25T19:42:13.101811+00:00,2026-08-25T19:42:14.136505+00:00,1.0229341983795166
1000,46,1,741,74.1,1787686934.140756,1787686935.162064,1.0213077100052033,7.1429111620000185,7.1429111620000185,979.1368362380279,0.9719030809998512,0.8895500004291534,0.250616484323966,1.610026103258133,0.7498850226402283,2.2688450813293457,7,28.414285714285715,695.6857142857143,28.986904761904764,nan,62.0,871.390625,11,34.3320419439092,3334.135052113223,64.20006396952107,53.80531327728452,44.42907977296481,nan,41.006538663245756,54.38533972263336,54.38533972263336,41.31385253069671,2026-08-25T19:42:14.140764+00:00,2026-08-25T19:42:15.162046+00:00,1.0107800960540771
1000,47,1,741,74.1,1787686935.1665967,1787686936.1308303,0.9642332070070552,6.774927469000033,6.7749274690000325,1037.093508845193,0.9177707860469818,0.8747334778308868,0.16613454654234333,1.3124034106731406,0.7373409867286682,2.0900580883026123,4,30.325000000000003,699.375,29.140625,nan,64.0,871.390625,11,33.567219900652645,3426.7058481815925,64.65362148613268,55.517970447647755,46.112894183150225,nan,42.71919583360899,52.976784467697144,52.976784467697144,40.63578097584207,2026-08-25T19:42:15.166604+00:00,2026-08-25T19:42:16.130807+00:00,0.9542276859283447
1000,48,1,741,74.1,1787686936.1683857,1787686937.18624,1.0178533639991656,7.074755347000007,7.074755347000008,982.4597877939713,0.9682443357110023,0.890373021364212,0.2706171395601058,1.5513458132743831,0.749580979347229,3.8733749389648438,6,27.916666666666668,688.7000000000002,28.69583333333334,nan,65.0,871.390625,11,33.64649291596066,3373.781897276596,65.14013891253406,54.19383850804845,44.798911298480384,nan,41.39506389400969,54.796439616680146,54.796439616680146,41.76916382071367,2026-08-25T19:42:16.168409+00:00,2026-08-25T19:42:17.186213+00:00,1.0111193656921387
1000,49,1,741,74.1,1787686937.1909552,1787686938.2253015,1.0343456140108174,7.140859150999972,7.140859150999972,966.7948376774785,0.9840058707594872,0.909399002790451,0.239178684689191,1.551686125993728,0.7571799755096436,2.2313780784606934,7,28.4,686.2142857142857,28.5922619047619,nan,63.285714285714285,871.390625,11,33.93138966992672,3363.5852478304023,64.676276945417,54.070413160537306,44.64916580811386,nan,41.271638546498544,55.34373453140259,55.34373453140259,42.1053781446586,2026-08-25T19:42:17.190961+00:00,2026-08-25T19:42:18.225283+00:00,1.0235493183135986
1000,50,1,741,74.1,1787686938.2298515,1787686939.2496686,1.0198168339993572,7.097923300000048,7.097923300000048,980.568241924736,0.9717051810026169,0.8918664753437042,0.267903223429691,1.5827213406562803,0.7434200048446655,4.151594161987305,7,28.928571428571423,694.6857142857143,28.945238095238096,nan,64.42857142857143,871.390625,12,34.3407114376311,3342.942571668933,65.0,54.308472689164574,44.86223351687272,nan,41.50969807512581,54.74680637359619,54.74680637359619,41.69440056763584,2026-08-25T19:42:18.229859+00:00,2026-08-25T19:42:19.249651+00:00,1.0080711841583252
1000,51,1,741,74.1,1787686939.2542477,1787686940.2806318,1.0263837670063367,7.081105595999986,7.081105595999987,974.2944424352204,0.9762263157963753,0.9062979817390442,0.2386767754842337,1.5434205293655394,0.7465779781341553,2.3820269107818604,7,28.614285714285717,686.5857142857142,28.60773809523809,nan,64.42857142857143,871.390625,11,33.8635263896937,3361.1044455041047,64.5064068376004,54.183109805208225,44.77211982276165,nan,41.38433519116946,54.88635404586792,54.88635404586792,41.74989954444574,2026-08-25T19:42:19.254256+00:00,2026-08-25T19:42:20.280615+00:00,1.0129790306091309
1000,52,1,741,74.1,1787686940.2852845,1787686941.300288,1.0150028850039234,7.0140367749999655,7.014036774999966,985.2188745218538,0.9672790919542312,0.8892000019550323,0.24623968370524033,1.518148428201675,0.7549610137939453,2.394296884536743,7,29.199999999999996,691.0571428571428,28.794047619047618,nan,64.85714285714286,871.4453125,11,34.1320784020355,3347.8234539079062,65.19884244427868,54.311288678524775,44.84258382110011,nan,41.51251406448601,54.62740822792053,54.62740822792053,41.63661507015621,2026-08-25T19:42:20.285293+00:00,2026-08-25T19:42:21.300269+00:00,1.0058205127716064
1000,53,1,741,74.1,1787686941.305133,1787686942.2956538,0.9905203430098481,6.886806358000001,6.886806358000002,1009.5703809185245,0.9441810275912285,0.8877855241298676,0.20628372743654808,1.488015365600586,0.7476869821548462,2.064100980758667,5,28.759999999999998,681.44,28.393333333333334,nan,65.6,871.45703125,11,33.89835822098765,3393.814803508134,66.54599239002098,55.10442433101593,45.63154379151456,nan,42.305649716977165,54.267867367267606,54.267867367267606,41.5904207464642,2026-08-25T19:42:21.305151+00:00,2026-08-25T19:42:22.295634+00:00,0.984818696975708
1000,54,1,741,74.1,1787686942.300073,1787686943.310917,1.0108433779969346,6.999106184000027,6.999106184000028,989.2729395740598,0.9646424497961998,0.8854570090770721,0.24863188416659143,1.580354899168014,0.753400981426239,2.394587993621826,7,28.285714285714285,697.5285714285714,29.063690476190473,nan,65.14285714285714,871.45703125,11,34.3269959980924,3371.193744893554,65.57170169673746,54.88044179870583,45.38272295025622,nan,42.08166718466707,55.010514981746674,55.010514981746674,42.07295841667032,2026-08-25T19:42:22.300080+00:00,2026-08-25T19:42:23.310897+00:00,1.0023701190948486
1000,55,1,741,74.1,1787686943.3154893,1787686944.33166,1.0161702760087792,7.090158887999962,7.090158887999961,984.0870409314753,0.9687547439932823,0.8898054957389832,0.2500755960603108,1.5902370691299434,0.7557950019836426,2.3234620094299316,7,29.071428571428566,693.0857142857143,28.87857142857143,nan,66.0,871.4575892857143,11,34.34945958396058,3339.1399335059896,65.50795074306343,54.60274512056201,45.10873864952472,nan,41.80397050652325,54.740556938648226,54.740556938648226,41.7348226065263,2026-08-25T19:42:23.315497+00:00,2026-08-25T19:42:24.331640+00:00,1.0025238990783691
1000,56,1,741,74.1,1787686944.3362124,1787686945.3503711,1.0141583969962085,7.09552026700004,7.0955202670000395,986.039264637414,0.9636465548872948,0.8833670020103455,0.24571669916728442,1.5495653986930846,0.7482079863548279,2.557497024536133,7,29.071428571428573,695.9142857142857,28.99642857142857,nan,64.0,871.4754464285714,11,34.30564554659656,3345.002027921127,65.48051657474736,54.6676687273752,45.14865284507427,nan,41.86889411333644,54.990841498374934,54.990841498374934,42.01085675228562,2026-08-25T19:42:24.336228+00:00,2026-08-25T19:42:25.350354+00:00,1.0059115886688232
1000,57,1,741,74.1,1787686945.3550406,1787686946.4043899,1.0493489939981373,7.249449592000019,7.249449592000019,952.9718003444096,0.9981839735507965,0.8899080157279968,0.2896836921779718,1.6604877769947053,0.7521870136260986,2.5958549976348877,7,29.87142857142857,688.9,28.704166666666666,nan,64.0,871.4782366071429,11,34.28972112118104,3258.3461172337697,65.38059877723789,52.583280744219934,43.096071060976556,nan,39.78450613018117,54.78728072166443,54.78728072166443,41.35689945601396,2026-08-25T19:42:25.355054+00:00,2026-08-25T19:42:26.404371+00:00,1.041914463043213
1000,58,1,741,74.1,1787686946.4092276,1787686947.4220262,1.0127981810073834,7.006845279000004,7.006845279000004,987.3635426609341,0.9624590590596199,0.8865699768066406,0.24335362763823737,1.5610747456550598,0.7566710114479065,2.4763660430908203,7,29.64285714285714,690.2857142857143,28.761904761904763,nan,64.85714285714286,871.484375,12,34.313557357442996,3377.933845445381,65.50245114844425,55.48891404266182,45.9451466738854,nan,42.690139428623056,55.76222410202026,55.76222410202026,42.799648453798326,2026-08-25T19:42:26.409235+00:00,2026-08-25T19:42:27.422007+00:00,1.0049254894256592
1000,59,1,741,74.1,1787686947.4269075,1787686948.4329479,1.0060398019995773,7.077805823999995,7.077805823999996,993.9964582041657,0.9583349493741989,0.8858529925346375,0.2342583905575378,1.536421465873718,0.7220739722251892,2.247520923614502,7,29.414285714285715,700.8285714285713,29.201190476190472,nan,65.0,871.484375,11,34.2485612518502,3369.368528499844,66.67979913315337,55.100152126463705,45.578064879981895,nan,42.30137751242494,54.902862162590026,54.902862162590026,42.026785484045256,2026-08-25T19:42:27.426916+00:00,2026-08-25T19:42:28.432927+00:00,0.9964194297790527
1000,60,1,741,74.1,1787686948.6693852,1787686949.715775,1.04638898500707,7.22407051700003,7.224070517000029,955.6675522470675,0.996844873726368,0.898497998714447,0.2852794577574137,1.6426304697990417,0.7485550045967102,3.933695077896118,7,25.95714285714286,617.7857142857141,25.74107142857142,nan,65.85714285714286,871.48828125,11,33.24578925835691,3281.5214921072325,66.49477582831675,52.80148797925952,43.27718813358185,nan,40.00271336522076,54.80213411092758,54.80213411092758,41.40963733320931,2026-08-25T19:42:28.669408+00:00,2026-08-25T19:42:29.715756+00:00,1.0378899574279785
1000,61,1,741,74.1,1787686949.720444,1787686950.720791,1.0003469299990684,6.938910561,6.938910561000001,999.6531903196137,0.9521101951003075,0.8844490051269531,0.2218573449957582,1.5027999997138977,0.7453799843788147,2.3526840209960938,7,28.271428571428572,691.5571428571428,28.81488095238095,nan,65.28571428571429,871.48828125,11,34.32541841590305,3402.3452361832233,67.32968973606067,55.9848941863533,46.44542925762756,nan,43.18611957231454,55.598941423892974,55.598941423892974,42.795726530989285,2026-08-25T19:42:29.720451+00:00,2026-08-25T19:42:30.720772+00:00,0.9931061267852783
1000,62,1,741,74.1,1787686950.7254355,1787686951.7349157,1.0094801710074535,6.992098591000001,6.992098591000002,990.6088586187956,0.9609843923449516,0.8930090069770813,0.22489302881234977,1.5184874117374418,0.7567059993743896,2.2710120677948,7,28.21428571428571,688.0,28.666666666666668,nan,67.85714285714286,871.4921875,11,34.065955839628124,3400.659441199933,67.57727572656812,56.14965983513724,46.54951466924039,nan,43.35088522109848,55.731914689540865,55.731914689540865,42.81180550347516,2026-08-25T19:42:30.725443+00:00,2026-08-25T19:42:31.734897+00:00,0.9925601482391357
1000,63,1,741,74.1,1787686951.740638,1787686952.741127,1.0004885030066362,6.917097353000031,6.917097353000031,999.5117355120342,0.9529262926578522,0.8904894888401031,0.22000720415367558,1.4627854943275451,0.7547299861907959,2.3846919536590576,7,28.142857142857142,689.8714285714286,28.74464285714286,nan,67.85714285714286,871.4921875,11,34.09749777850369,3422.8411962910545,68.72769671664643,56.31382721183685,46.741227669015394,nan,43.51505259779809,55.9806276512146,55.9806276512146,43.175600797295616,2026-08-25T19:42:31.740645+00:00,2026-08-25T19:42:32.741108+00:00,0.9940831661224365
1000,64,1,741,74.1,1787686952.7461252,1787686953.7602172,1.014091221994022,7.069761728000003,7.069761728000003,986.1045814336958,0.9647685635089874,0.8928710222244263,0.23314390710619365,1.5553458511829374,0.7496910095214844,2.200192928314209,7,28.97142857142857,689.6714285714285,28.73630952380952,nan,65.28571428571429,871.4921875,11,34.29768793273986,3361.0461546551155,67.84340643723638,55.642623128346806,46.03371026467479,nan,42.84384851430804,56.009195737838745,56.009195737838745,43.03007074946211,2026-08-25T19:42:32.746142+00:00,2026-08-25T19:42:33.760196+00:00,1.0065879821777344
1000,65,1,741,74.1,1787686953.764748,1787686954.7875383,1.022789800001192,7.055375153999989,7.055375153999989,977.7180022706862,0.9750821519494056,0.8946084976196289,0.2582726349905303,1.5818311035633081,0.7522289752960205,2.2946150302886963,7,28.25714285714286,694.7857142857143,28.949404761904763,nan,66.28571428571429,871.4944196428571,11,34.07233861218009,3356.8616903105544,66.70941241937751,55.293328058675314,45.68667689194767,nan,42.49455344463655,55.60111054897308,55.60111054897308,42.510654421220046,2026-08-25T19:42:33.764755+00:00,2026-08-25T19:42:34.787518+00:00,1.0055663585662842
1000,66,1,741,74.1,1787686954.7926965,1787686955.7973077,1.0046106060035527,6.937147653000011,6.937147653000011,995.4105541231601,0.9550581326484681,0.8833329975605011,0.23760287701727856,1.5178894639015197,0.7526540160179138,2.8416550159454346,5,28.880000000000003,680.26,28.344166666666666,nan,67.6,871.49609375,11,33.92695292181078,3343.9218448420866,67.70164910636024,55.414801004250265,45.78957486802783,nan,42.6160263902115,55.07628523826599,55.07628523826599,42.21850051715362,2026-08-25T19:42:34.792706+00:00,2026-08-25T19:42:35.797286+00:00,0.9938912391662598
1000,67,1,741,74.1,1787686955.802172,1787686956.8225486,1.0203765470068902,7.084479789999932,7.084479789999932,980.0303651954158,0.9718014544248581,0.8969019949436188,0.23594771758687855,1.5154048085212706,0.7584490180015564,2.3257479667663574,7,28.62857142857143,697.3857142857142,29.057738095238093,nan,66.28571428571429,871.49609375,12,34.34041447642956,3344.7269561379176,67.09403649022055,55.14674930140041,45.56319030216647,nan,42.34797468736165,55.6428762960434,55.6428762960434,42.583306849451084,2026-08-25T19:42:35.802184+00:00,2026-08-25T19:42:36.822529+00:00,1.0089964866638184
1000,68,1,741,74.1,1787686956.8275428,1787686957.8327413,1.0051980489952257,7.002568254999915,7.002568254999915,994.8288309946269,0.9564022781252861,0.8814740180969238,0.23427990885568906,1.5546582281589507,0.752955973148346,2.305140972137451,7,28.671428571428574,689.6142857142858,28.733928571428574,nan,67.71428571428571,871.4966517857143,10,34.38575484315693,3370.576541424879,68.02042973692215,56.21418669429746,46.582370561929764,nan,43.4154120802587,55.64571938037872,55.64571938037872,42.780416108817334,2026-08-25T19:42:36.827551+00:00,2026-08-25T19:42:37.832721+00:00,0.9898874759674072
1000,69,1,741,74.1,1787686957.8373053,1787686958.8500516,1.0127459310024278,6.941681621000043,6.941681621000043,987.414483127262,0.9648141986131669,0.8969774842262268,0.23211658062274246,1.5088632881641382,0.7507079839706421,2.571255922317505,7,29.142857142857142,687.9714285714286,28.665476190476195,nan,66.0,871.5,11,34.060253016429805,3390.059954490992,68.79681209350447,56.308798150621634,46.6795503863619,nan,43.51002353658287,56.6278045129776,56.6278045129776,43.665897600792675,2026-08-25T19:42:37.837313+00:00,2026-08-25T19:42:38.850029+00:00,1.0056653022766113
1000,70,1,741,74.1,1787686958.8545003,1787686959.8709853,1.016484429987031,6.95516395300001,6.95516395300001,983.7828996679847,0.9664228129386901,0.8870330154895782,0.24716525743124812,1.5481536984443665,0.7503889799118042,2.9113409519195557,7,27.45714285714286,674.2857142857144,28.095238095238102,nan,66.14285714285714,871.5,11,33.9882441004737,3388.8262762162017,67.66677042167409,56.404214260723066,46.7351286029104,nan,43.6054396466843,56.76971235990524,56.76971235990524,43.75995724182157,2026-08-25T19:42:38.854512+00:00,2026-08-25T19:42:39.870969+00:00,1.0064799785614014
1000,71,1,741,74.1,1787686959.8738081,1787686960.8880856,1.014277032998507,7.120312198000079,7.120312198000079,985.9239314960138,0.9663811645507813,0.8913165032863617,0.2391338392264546,1.5582927525043486,0.7367810010910034,2.505523920059204,6,30.583333333333332,699.9000000000001,29.162500000000005,nan,67.5,871.5,11,34.381943357026216,3346.9248586054114,68.5195322597238,55.72043721347124,46.08415777543122,nan,42.92166259943248,56.173594598770144,56.173594598770144,43.1920914572263,2026-08-25T19:42:39.873815+00:00,2026-08-25T19:42:40.888069+00:00,1.0081326961517334
1000,72,1,741,74.1,1787686960.8903303,1787686961.897567,1.007236074001412,7.106130674999918,7.106130674999918,992.8159106011112,0.9603001407384872,0.8806155025959015,0.24125104407103642,1.5806834459304797,0.7527589797973633,2.270045042037964,6,30.066666666666666,706.2999999999998,29.42916666666666,nan,69.66666666666667,871.5123697916666,11,34.52291117912375,3362.7921288419557,68.56805586521575,56.11949005464194,46.44910045270664,nan,43.32071544060318,56.11094027996063,56.11094027996063,43.21955278568729,2026-08-25T19:42:40.890338+00:00,2026-08-25T19:42:41.897547+00:00,0.9998476505279541
1000,73,1,741,74.1,1787686961.9023747,1787686962.884561,0.9821859439980472,6.822062062999976,6.822062062999976,1018.1371522478113,0.9352518280148506,0.8809904754161835,0.2002873151451865,1.383150482177734,0.7360450029373169,2.129992961883545,5,28.5,689.8199999999999,28.742499999999996,nan,68.0,871.515625,11,33.54301564138677,3411.9017577622935,68.94536510415699,57.0674720291579,47.41429992014614,nan,44.268697415119135,55.682005801200866,55.682005801200866,43.11122927489296,2026-08-25T19:42:41.902382+00:00,2026-08-25T19:42:42.884543+00:00,0.9757223129272461
1000,74,1,741,74.1,1787686962.8899188,1787686963.9188733,1.0289535829942906,7.104670386000066,7.104670386000066,971.8611378853119,0.9807008621692658,0.9043405055999756,0.24722169348978768,1.564968591928482,0.7486410140991211,2.410114049911499,7,29.21428571428571,692.1714285714286,28.840476190476192,nan,68.0,871.515625,11,33.951212697090966,3314.937395081831,68.56341765838866,54.79590378229344,45.108656515329336,nan,41.99712916825468,55.979312841892245,55.979312841892245,42.80996784484069,2026-08-25T19:42:42.889927+00:00,2026-08-25T19:42:43.918852+00:00,1.0215966701507568
1000,75,1,741,74.1,1787686963.9239798,1787686964.952982,1.0290018369996687,7.161176929000021,7.161176929000021,971.8155634355023,0.981798841714859,0.8933334946632385,0.2611652333251337,1.6169465303421016,0.7502149939537048,2.38907790184021,7,28.185714285714287,688.8714285714286,28.702976190476193,nan,68.0,871.5256696428571,11,34.34574057554928,3304.748160180056,68.79004501398019,54.96133542021169,45.30042146025577,nan,42.16256080617293,55.938774330616,55.938774330616,42.76881174142539,2026-08-25T19:42:43.923994+00:00,2026-08-25T19:42:44.952962+00:00,1.0177841186523438
1000,76,1,741,74.1,1787686964.9578087,1787686965.9746428,1.0168336740025552,7.063389996000069,7.063389996000069,983.4450073468821,0.9697553651928902,0.8975470066070557,0.23291395965077183,1.5809426784515377,0.7576550245285034,2.2558319568634033,7,30.071428571428573,692.5428571428571,28.855952380952377,nan,68.0,871.52734375,11,34.25967071574081,3353.020337380832,69.19824550623667,56.024451016443656,46.323622538060505,nan,43.22567640240489,56.52021944999695,56.52021944999695,43.50599443647328,2026-08-25T19:42:44.957819+00:00,2026-08-25T19:42:45.974624+00:00,1.0088491439819336
1000,77,1,741,74.1,1787686965.980062,1787686966.996673,1.0166108010016615,7.052416069999936,7.052416069999936,983.6606093646704,0.9685362051725388,0.8956314921379089,0.22776633253237222,1.5004969060420983,0.7590489983558655,2.316122055053711,7,29.428571428571427,690.9,28.787499999999998,nan,68.85714285714286,871.52734375,11,34.06463442315185,3385.2124728135736,69.79237717402854,56.39424969714145,46.697011412985724,nan,43.595475083102684,56.936719293594365,56.936719293594365,43.92534678137669,2026-08-25T19:42:45.980070+00:00,2026-08-25T19:42:46.996653+00:00,1.0096192359924316
1000,78,1,741,74.1,1787686967.0016937,1787686968.0417235,1.0400293029961176,7.158877622999967,7.158877622999967,961.51137003467,0.9914070080518722,0.9062890112400055,0.2877825700524631,1.5789569020271301,0.7478960156440735,5.256299018859863,7,29.071428571428573,684.7571428571429,28.53154761904762,nan,68.28571428571429,871.5379464285714,12,34.142562713582606,3308.0056195443494,69.0,55.032422433276594,45.34278587522436,nan,42.23364781923783,56.689980149269104,56.689980149269104,43.37887950822596,2026-08-25T19:42:47.001704+00:00,2026-08-25T19:42:48.041707+00:00,1.0301196575164795
1000,79,1,741,74.1,1787686968.0469482,1787686969.023204,0.9762554740009364,6.891508900999952,6.891508900999952,1024.3220413420604,0.9312261605858803,0.8753085136413574,0.1960815505711935,1.4595854282379148,0.7415450215339661,2.2463459968566895,4,29.1,704.6999999999999,29.362499999999997,nan,68.5,871.5390625,11,33.67755530788809,3419.4902471701653,69.61567917264294,57.41188226784621,47.70283754047985,nan,44.61310765380745,55.59950107574463,55.59950107574463,43.10462729828507,2026-08-25T19:42:48.046957+00:00,2026-08-25T19:42:49.023184+00:00,0.9684319496154785
1000,80,1,741,74.1,1787686969.0286064,1787686970.048865,1.0202572580019478,7.135482131999993,7.135482131999993,980.1449508512989,0.9726762598752976,0.8898814916610718,0.2500129166747822,1.558519577980041,0.7453340291976929,2.407958984375,7,30.957142857142856,697.0428571428572,29.043452380952385,nan,68.85714285714286,871.5396205357143,11,34.37336385434947,3332.1719622397286,68.8353576191062,55.73539256625889,46.0264171202396,nan,42.936617952220125,56.3821898651123,56.3821898651123,43.324147171608175,2026-08-25T19:42:49.028618+00:00,2026-08-25T19:42:50.048846+00:00,1.0116047859191895
1000,81,1,741,74.1,1787686970.054242,1787686971.0833974,1.0291552050039172,7.142338105000022,7.142338105000022,971.6707403682555,0.9785304456949234,0.9043484926223755,0.24201610792114941,1.560913926362991,0.7464029788970947,3.5211029052734375,7,28.014285714285712,688.3999999999999,28.683333333333326,nan,68.0,871.5491071428571,11,33.744279909952894,3353.5272834623083,69.36104189373154,55.810134650927544,46.101321171283985,nan,43.01136003688878,57.062485041618345,57.062485041618345,43.89055952990835,2026-08-25T19:42:50.054252+00:00,2026-08-25T19:42:51.083379+00:00,1.0224394798278809
1000,82,1,741,74.1,1787686971.0881917,1787686972.097121,1.0089289269963047,7.028785318000018,7.028785318000018,991.150093175654,0.9605287131667137,0.8871215283870697,0.2267565419161757,1.5451673209667203,0.7387539744377136,2.3083670139312744,7,29.057142857142857,695.8,28.991666666666664,nan,73.0,871.55078125,11,34.29884586587413,3381.012618235621,70.19677081865854,56.730600841120356,46.996122550993185,nan,43.931826227081594,56.741624228954315,56.741624228954315,43.82857029074464,2026-08-25T19:42:51.088200+00:00,2026-08-25T19:42:52.097102+00:00,1.0001943111419678
1000,83,1,741,74.1,1787686972.101911,1787686973.110278,1.0083661840035347,7.051080038999999,7.051080038999999,991.7032283150171,0.9613835136890412,0.8901109993457794,0.22912770402907987,1.548783254623413,0.7424190044403076,2.201422929763794,7,27.900000000000002,696.1571428571427,29.006547619047613,nan,70.42857142857143,871.55078125,11,34.12000729286749,3384.394594377314,69.997664272558,56.73526195463205,46.998661529119076,nan,43.93648734059329,56.534011108875276,56.534011108875276,43.6281595913957,2026-08-25T19:42:52.101919+00:00,2026-08-25T19:42:53.110257+00:00,0.996452808380127
1000,84,1,741,74.1,1787686973.1156867,1787686974.1229846,1.0072972150082933,7.098684803999959,7.098684803999959,992.7556485816024,0.9614422357082367,0.8816139996051788,0.2688796223385457,1.558010548353195,0.7379710078239441,4.829391956329346,7,29.171428571428574,698.8142857142857,29.117261904761904,nan,69.28571428571429,871.5513392857143,11,34.33846547443176,3383.3033542680782,70.12968272249053,56.84567760572924,47.10078913771678,nan,44.04690299169048,56.60397223234177,56.60397223234177,43.71180220810168,2026-08-25T19:42:53.115697+00:00,2026-08-25T19:42:54.122966+00:00,0.9957480430603027
1000,85,1,741,74.1,1787686974.1279106,1787686975.1516066,1.0236955620057415,7.154572579000046,7.154572579000046,976.85292103903,0.9769509627819061,0.8976154923439026,0.24366359314806768,1.5569094717502592,0.7515640258789062,2.289602041244507,7,28.471428571428568,702.7857142857143,29.2827380952381,nan,69.0,871.5546875,11,34.153912253377314,3337.063720549237,69.5732360072182,55.9633352950736,46.21794015862385,nan,43.164560681034835,56.81486633777618,56.81486633777618,43.71281756627295,2026-08-25T19:42:54.127922+00:00,2026-08-25T19:42:55.151587+00:00,1.0152158737182617
1000,86,1,741,74.1,1787686975.1564395,1787686976.1572242,1.0007842229970265,6.910485958000095,6.910485958000095,999.2163915267589,0.9534889606833458,0.8858824968338013,0.21441820410948437,1.4399089574813837,0.7457960247993469,2.321782112121582,4,27.475,685.4,28.558333333333334,nan,70.5,871.5546875,11,33.492547329256276,3374.3596436131575,70.2066137496374,56.63743900597174,46.888021988296245,nan,43.83866439193298,56.32694141864776,56.32694141864776,43.51812971122291,2026-08-25T19:42:55.156446+00:00,2026-08-25T19:42:56.157203+00:00,0.9945178031921387
1000,87,1,741,74.1,1787686976.1601985,1787686977.1688592,1.0086604880052619,7.0463760989999855,7.0463760989999855,991.4138720528362,0.9604883501529694,0.8908440172672272,0.2374506537889114,1.5068444728851316,0.730787992477417,2.477325916290283,6,29.98333333333333,694.5,28.9375,nan,71.0,871.5572916666666,11,34.213041568823336,3347.909418126422,69.22757737039227,56.16707248444554,46.425761977076434,nan,43.36829787040678,55.9775591802597,55.9775591802597,43.067940932194006,2026-08-25T19:42:56.160204+00:00,2026-08-25T19:42:57.168843+00:00,0.9966259002685547
1000,88,1,741,74.1,1787686977.174652,1787686978.2090113,1.0343586099916138,7.114184196999986,7.114184196999986,966.7826905874624,0.9841854302287102,0.9043435156345367,0.2427085532846252,1.553735107183456,0.7616789937019348,2.278704881668091,6,28.383333333333336,688.5333333333333,28.688888888888886,nan,70.5,871.55859375,12,34.020320829802,3357.083066230932,69.95900701848616,56.637140405763134,46.833629160722985,nan,43.83836579172437,58.074990248680116,58.074990248680116,44.83646752930703,2026-08-25T19:42:57.174661+00:00,2026-08-25T19:42:58.208993+00:00,1.0253870487213135
1000,89,1,741,74.1,1787686978.2138805,1787686979.2452087,1.0313278300018283,7.122138803999974,7.122138803999974,969.6237907186382,0.9831437538862229,0.9061014950275421,0.24242265208404967,1.5419441699981689,0.7507299780845642,2.191602945327759,6,28.633333333333336,690.7666666666668,28.78194444444445,nan,68.0,871.578125,11,34.006273732273655,3339.3432137623104,69.60959813543853,56.02509399132223,46.25494422464838,nan,43.22631937728347,57.402431337833406,57.402431337833406,44.20269888845432,2026-08-25T19:42:58.213888+00:00,2026-08-25T19:42:59.245188+00:00,1.0245842933654785
1000,90,1,741,74.1,1787686979.2504017,1787686980.2722719,1.021869500997127,7.118651456999942,7.118651456999942,978.5985382910567,0.9732160627245903,0.8909720182418823,0.26167270613745114,1.6048202037811277,0.7420690059661865,2.5203700065612793,7,28.385714285714283,692.3857142857142,28.84940476190476,nan,72.0,871.58984375,11,34.404457154639296,3289.7180313885324,69.60124870603156,55.21631080945582,45.463876030408436,nan,42.41753619541706,55.93054271221161,55.93054271221161,42.85186528398913,2026-08-25T19:42:59.250411+00:00,2026-08-25T19:43:00.272252+00:00,1.0129351615905762
1000,91,1,741,74.1,1787686980.2775395,1787686981.3062522,1.0287124020105693,7.144490452000014,7.144490452000014,972.0889901254692,0.9800308954119682,0.8930270075798035,0.2516136863239044,1.621814638376236,0.7504240274429321,2.2862749099731445,7,27.671428571428574,690.3857142857142,28.766071428571426,nan,70.0,871.5993303571429,11,34.167290179102785,3324.6009431355515,70.2828361959902,56.01796036783554,46.2381580333086,nan,43.21918575379678,56.89031609535217,56.89031609535216,43.72405791935246,2026-08-25T19:43:00.277548+00:00,2026-08-25T19:43:01.306233+00:00,1.0155727863311768
1000,92,1,741,74.1,1787686981.3115008,1787686982.290577,0.9790755620051641,6.819872805999921,6.819872805999921,1021.3716272848055,0.932255631506443,0.8804954886436462,0.20312511280965947,1.405676507949829,0.7592530250549316,2.51438307762146,4,28.175,689.325,28.721875,nan,70.0,871.60546875,11,33.474068822524934,3412.0821565109413,71.0,57.74974887622788,47.96093728522632,nan,44.95097426218912,55.97390069961548,55.97390069961548,43.442933251398046,2026-08-25T19:43:01.311508+00:00,2026-08-25T19:43:02.290560+00:00,0.9692492485046387
1000,93,1,741,74.1,1787686982.295773,1787686983.3084922,1.0127189990016632,7.0138275419999445,7.0138275419999445,987.4407421859355,0.9638120751380921,0.8940134942531586,0.23092711638033658,1.4986409425735474,0.7434309720993042,2.524880886077881,6,27.850000000000005,687.1333333333336,28.630555555555564,nan,69.16666666666667,871.60546875,11,34.06649045310193,3396.973223300348,71.44264720733479,57.33706074585921,47.54532336842555,nan,44.53828613182045,57.53023463249207,57.53023463249207,44.568672416914836,2026-08-25T19:43:02.295783+00:00,2026-08-25T19:43:03.308466+00:00,1.0033690929412842
1000,94,1,741,74.1,1787686983.3141353,1787686984.33116,1.0170242029998917,7.052148364999994,7.052148364999994,983.2607690655976,0.9672536791563034,0.8961155116558075,0.2328032818351526,1.5472657918930053,0.7484920024871826,2.3188180923461914,6,27.33333333333333,686.4666666666667,28.602777777777778,nan,69.0,871.60546875,11,34.25486538082086,3352.1990887535494,70.09923255238436,56.68105810674804,46.893193938209556,nan,43.88228349270928,57.11936525821686,57.11936525821686,44.10270170699884,2026-08-25T19:43:03.314150+00:00,2026-08-25T19:43:04.331127+00:00,1.00773286819458
1000,95,1,741,74.1,1787686984.3366148,1787686985.3811624,1.0445470709964866,7.305092360000003,7.305092360000003,957.3527395429014,0.9947996389865875,0.9108429849147797,0.25210730676748505,1.5957756459712982,0.7532150149345398,2.2138280868530273,7,29.2,696.4571428571428,29.019047619047615,nan,69.0,871.60546875,12,34.25249831017346,3293.896294381745,70.28279953891793,55.453381923875305,45.68454304067238,nan,42.65460730983654,57.29086591959,57.29086591959,43.92194338415162,2026-08-25T19:43:04.336622+00:00,2026-08-25T19:43:05.381144+00:00,1.0331356525421143
1000,96,1,741,74.1,1787686985.3861187,1787686986.4061935,1.0200743599998532,7.126912487000027,7.126912487000027,980.3206895624197,0.9731214472055435,0.8951460123062134,0.23507192485226294,1.5198891520500182,0.7418519854545593,2.35432505607605,7,27.65714285714285,694.2857142857141,28.92857142857142,nan,69.42857142857143,871.60546875,11,34.208782193855185,3337.3672487889385,70.03613975368188,56.550376078139955,46.736332851369326,nan,43.75160146410119,57.17037621259689,57.17037621259689,44.114674389398935,2026-08-25T19:43:05.386125+00:00,2026-08-25T19:43:06.406176+00:00,1.0109636783599854
1000,97,1,741,74.1,1787686986.4112992,1787686987.413416,1.0021162600023672,7.016272404000006,7.016272404000006,997.8882090962558,0.9547039104700088,0.8816590011119843,0.23837057392411243,1.5018382370471952,0.7495779991149902,2.441884994506836,6,27.733333333333334,704.4499999999999,29.35208333333333,nan,70.0,871.60546875,11,34.28018289824591,3359.721384358326,71.30155670931265,57.333728603515084,47.50419310471432,nan,44.53495398947632,57.03770351171494,57.03770351171494,44.211843362881176,2026-08-25T19:43:06.411306+00:00,2026-08-25T19:43:07.413384+00:00,0.9948368072509766
1000,98,1,741,74.1,1787686987.4195688,1787686988.4251127,1.005543506005779,6.913106638000045,6.913106638000045,994.487055037729,0.957383607685566,0.8970454931259155,0.23143487936081794,1.448141700029373,0.7598680257797241,4.115955829620361,5,26.439999999999998,677.1,28.212500000000002,nan,70.0,871.61953125,11,33.01256059131386,3360.9688328798347,70.43456616141239,55.89669567719816,46.0938893313396,nan,43.0979210631594,55.75628439903259,55.75628439903259,42.886559701054296,2026-08-25T19:43:07.419579+00:00,2026-08-25T19:43:08.425093+00:00,0.9974880218505859
1000,99,1,741,74.1,1787686988.5425246,1787686989.5989702,1.0564443319890415,7.28863203100002,7.28863203100002,946.5714091316389,1.006421091079712,0.8965815007686615,0.3019986029256521,1.6833807110786436,0.7477149963378906,3.2325849533081055,6,28.533333333333335,667.9666666666666,27.831944444444442,nan,71.0,871.62109375,11,33.63735260471495,3253.663507382629,70.18055156521594,54.01388365561712,44.20881062574636,nan,41.21510904157836,56.432445936203,56.432445936203,42.91125303879652,2026-08-25T19:43:08.542548+00:00,2026-08-25T19:43:09.598953+00:00,1.0447766780853271
1000,100,1,741,74.1,1787686989.6041658,1787686990.6243825,1.0202161240013083,7.151028685000028,7.151028685000028,980.1844692259712,0.9698266711235046,0.8956359922885895,0.24299147049460224,1.5469968795776365,0.7460119724273682,2.435620069503784,6,28.483333333333334,694.35,28.931250000000002,nan,70.0,871.62109375,12,34.330283288891,3335.828867525867,70.69345003639405,56.600957973646786,46.75055809173,nan,43.80218335960802,57.23214651107788,57.23214651107788,44.17463028237691,2026-08-25T19:43:09.604173+00:00,2026-08-25T19:43:10.624360+00:00,1.0111515522003174
