sample_size,repetition,batch_size,correct,accuracy_percent,prediction_sha256,wall_time_s,throughput_fps,latency_mean_ms,latency_median_ms,latency_std_ms,latency_cv_percent,latency_p90_ms,latency_p95_ms,latency_p99_ms,latency_min_ms,latency_max_ms,power_samples,pstates,power_total_mean_w,power_total_std_w,power_total_min_w,power_total_max_w,power_sensor_1s_mean_w,power_dynamic_mean_w,energy_total_j,energy_dynamic_j,energy_per_inference_mj,dynamic_energy_per_inference_mj,gpu_utilization_percent_mean,gpu_utilization_percent_std,gpu_utilization_percent_min,gpu_utilization_percent_max,memory_utilization_percent_mean,memory_utilization_percent_std,memory_utilization_percent_min,memory_utilization_percent_max,memory_used_mib_mean,memory_used_mib_std,memory_used_mib_min,memory_used_mib_max,gpu_clock_sm_mhz_mean,gpu_clock_sm_mhz_std,gpu_clock_sm_mhz_min,gpu_clock_sm_mhz_max,gpu_clock_memory_mhz_mean,gpu_clock_memory_mhz_std,gpu_clock_memory_mhz_min,gpu_clock_memory_mhz_max,gpu_temperature_c_mean,gpu_temperature_c_std,gpu_temperature_c_min,gpu_temperature_c_max,fan_speed_percent_mean,fan_speed_percent_std,fan_speed_percent_min,fan_speed_percent_max,started_utc,ended_utc,monotonic_start_s,monotonic_end_s
100,1,1,99,99.0,ac3023a27ceabb6c72cb090d4b1c1de455826ac2ed7041408df172f614329811,0.07545740000205114,1325.251068778963,0.5699482773244381,0.44487300515174866,0.3153549896006871,55.33045754275945,0.9290230989456177,1.0752434253692627,1.6369702243804933,0.23605699837207794,1.664320945739746,1,P2,27.81,0.0,27.81,27.81,27.83,0.15899999999999537,2.098470294057042,0.011997726600325782,20.98470294057042,0.11997726600325782,5.0,0.0,5.0,5.0,1.0,0.0,1.0,1.0,712.0,0.0,712.0,712.0,1755.0,0.0,1755.0,1755.0,6801.0,0.0,6801.0,6801.0,44.0,0.0,44.0,44.0,31.0,0.0,31.0,31.0,2026-09-03T18:39:07.968739+00:00,2026-09-03T18:39:08.044211+00:00,94068.143618605,94068.219076005
100,2,1,99,99.0,ac3023a27ceabb6c72cb090d4b1c1de455826ac2ed7041408df172f614329811,0.07231756900728215,1382.7898444696104,0.5619658601284027,0.5486874878406525,0.10798406802629704,19.215414260507558,0.6842295944690705,0.781536817550659,0.902741948962212,0.3809809982776642,0.9773799777030945,0,,nan,nan,nan,nan,nan,nan,nan,nan,nan,nan,nan,nan,nan,nan,nan,nan,nan,nan,nan,nan,nan,nan,nan,nan,nan,nan,nan,nan,nan,nan,nan,nan,nan,nan,nan,nan,nan,nan,2026-09-03T18:39:08.049031+00:00,2026-09-03T18:39:08.121366+00:00,94068.223912117,94068.296229686
100,3,1,99,99.0,ac3023a27ceabb6c72cb090d4b1c1de455826ac2ed7041408df172f614329811,0.053775930995470844,1859.567991643367,0.4095268014073372,0.38643400371074677,0.14496529420066065,35.39824346110877,0.49220551252365125,0.8216256499290466,0.8971099877357488,0.23468199372291565,0.9869980216026306,1,P2,27.81,0.0,27.81,27.81,27.83,0.15899999999999537,1.4955086409840441,0.008550373028279615,14.955086409840442,0.08550373028279616,5.0,0.0,5.0,5.0,1.0,0.0,1.0,1.0,712.0,0.0,712.0,712.0,1755.0,0.0,1755.0,1755.0,6801.0,0.0,6801.0,6801.0,44.0,0.0,44.0,44.0,31.0,0.0,31.0,31.0,2026-09-03T18:39:08.123612+00:00,2026-09-03T18:39:08.177403+00:00,94068.298492126,94068.352268057
100,4,1,99,99.0,ac3023a27ceabb6c72cb090d4b1c1de455826ac2ed7041408df172f614329811,0.04766577499685809,2097.9413427473182,0.36167593896389005,0.33542600274086,0.12262676778628667,33.90514949310183,0.5190456092357636,0.5604461908340453,0.6556330263614673,0.21359899640083313,1.0074830055236816,0,,nan,nan,nan,nan,nan,nan,nan,nan,nan,nan,nan,nan,nan,nan,nan,nan,nan,nan,nan,nan,nan,nan,nan,nan,nan,nan,nan,nan,nan,nan,nan,nan,nan,nan,nan,nan,nan,nan,2026-09-03T18:39:08.179715+00:00,2026-09-03T18:39:08.227393+00:00,94068.354592573,94068.402258348
100,5,1,99,99.0,ac3023a27ceabb6c72cb090d4b1c1de455826ac2ed7041408df172f614329811,0.0383152760041412,2609.9250854722222,0.27639700964093206,0.2533619999885559,0.09833506784231183,35.57747168468252,0.3505499929189682,0.38115859776735306,0.6560899531841295,0.199085995554924,0.9929810166358948,0,,nan,nan,nan,nan,nan,nan,nan,nan,nan,nan,nan,nan,nan,nan,nan,nan,nan,nan,nan,nan,nan,nan,nan,nan,nan,nan,nan,nan,nan,nan,nan,nan,nan,nan,nan,nan,nan,nan,2026-09-03T18:39:08.229047+00:00,2026-09-03T18:39:08.267369+00:00,94068.403920265,94068.442235541
100,6,1,99,99.0,ac3023a27ceabb6c72cb090d4b1c1de455826ac2ed7041408df172f614329811,0.0333116580004571,3001.952049298411,0.22187925055623053,0.20715899765491486,0.06260134846970263,28.214151757213394,0.23377570509910586,0.2884583622217178,0.41879906982183623,0.19744600355625153,0.7420420050621033,0,,nan,nan,nan,nan,nan,nan,nan,nan,nan,nan,nan,nan,nan,nan,nan,nan,nan,nan,nan,nan,nan,nan,nan,nan,nan,nan,nan,nan,nan,nan,nan,nan,nan,nan,nan,nan,nan,nan,2026-09-03T18:39:08.268886+00:00,2026-09-03T18:39:08.302204+00:00,94068.443758252,94068.47706991
100,7,1,99,99.0,ac3023a27ceabb6c72cb090d4b1c1de455826ac2ed7041408df172f614329811,0.03598621099081356,2778.84215222124,0.25194149926304815,0.22222449630498886,0.0881190445286494,34.97599434249841,0.3179135978221895,0.3911928012967109,0.5970797294378294,0.19727200269699097,0.8502950072288513,1,P2,27.81,0.0,27.81,27.81,27.83,0.15899999999999537,1.000776527654525,0.005721807547539189,10.007765276545252,0.05721807547539189,5.0,0.0,5.0,5.0,1.0,0.0,1.0,1.0,712.0,0.0,712.0,712.0,1755.0,0.0,1755.0,1755.0,6801.0,0.0,6801.0,6801.0,44.0,0.0,44.0,44.0,31.0,0.0,31.0,31.0,2026-09-03T18:39:08.303892+00:00,2026-09-03T18:39:08.339884+00:00,94068.478763908,94068.514750119
100,8,1,99,99.0,ac3023a27ceabb6c72cb090d4b1c1de455826ac2ed7041408df172f614329811,0.039408277996699326,2537.537925619982,0.2929294499754906,0.2539615035057068,0.11524883268591181,39.34354592737421,0.409605094790459,0.49400533735752106,0.7311741340160383,0.19807900488376617,0.9686859846115112,0,,nan,nan,nan,nan,nan,nan,nan,nan,nan,nan,nan,nan,nan,nan,nan,nan,nan,nan,nan,nan,nan,nan,nan,nan,nan,nan,nan,nan,nan,nan,nan,nan,nan,nan,nan,nan,nan,nan,2026-09-03T18:39:08.341563+00:00,2026-09-03T18:39:08.380977+00:00,94068.516434729,94068.555843007
100,9,1,99,99.0,ac3023a27ceabb6c72cb090d4b1c1de455826ac2ed7041408df172f614329811,0.044857109009171836,2229.301045226816,0.31215465024113653,0.2638535052537918,0.13194718338702308,42.26981186571948,0.5276595771312714,0.558953070640564,0.731694098711014,0.1940770000219345,0.7629860043525696,0,,nan,nan,nan,nan,nan,nan,nan,nan,nan,nan,nan,nan,nan,nan,nan,nan,nan,nan,nan,nan,nan,nan,nan,nan,nan,nan,nan,nan,nan,nan,nan,nan,nan,nan,nan,nan,nan,nan,2026-09-03T18:39:08.383329+00:00,2026-09-03T18:39:08.428200+00:00,94068.558209129,94068.603066238
100,10,1,99,99.0,ac3023a27ceabb6c72cb090d4b1c1de455826ac2ed7041408df172f614329811,0.049229554992052726,2031.3001004405442,0.3514806695282459,0.34683749079704285,0.12429111615596673,35.36214845692342,0.47144470214843753,0.5613452732563018,0.7116323721408859,0.20385099947452545,0.9992640018463135,1,P2,27.81,0.0,27.81,27.81,27.83,0.15899999999999537,1.3690739243289862,0.007827499243736156,13.690739243289864,0.07827499243736157,5.0,0.0,5.0,5.0,1.0,0.0,1.0,1.0,712.0,0.0,712.0,712.0,1755.0,0.0,1755.0,1755.0,6801.0,0.0,6801.0,6801.0,44.0,0.0,44.0,44.0,31.0,0.0,31.0,31.0,2026-09-03T18:39:08.429836+00:00,2026-09-03T18:39:08.479073+00:00,94068.604708233,94068.653937788
100,11,1,99,99.0,ac3023a27ceabb6c72cb090d4b1c1de455826ac2ed7041408df172f614329811,0.06800964099238627,1470.379765880474,0.5141162106394768,0.46091699600219727,0.19892400249603373,38.6924198030256,0.7669857919216158,0.8510635375976562,1.0162306702137027,0.27578800916671753,1.6524699926376343,1,P2,28.91,0.0,28.91,28.91,28.26,1.2589999999999968,1.966158721089887,0.0856241380094141,19.66158721089887,0.856241380094141,23.0,0.0,23.0,23.0,1.0,0.0,1.0,1.0,712.0,0.0,712.0,712.0,1755.0,0.0,1755.0,1755.0,6801.0,0.0,6801.0,6801.0,43.0,0.0,43.0,43.0,31.0,0.0,31.0,31.0,2026-09-03T18:39:08.481548+00:00,2026-09-03T18:39:08.549571+00:00,94068.656427042,94068.724436683
100,12,1,99,99.0,ac3023a27ceabb6c72cb090d4b1c1de455826ac2ed7041408df172f614329811,0.05737687701184768,1742.8623725782622,0.4351475501060486,0.4107705056667328,0.11628697684171992,26.723573834525766,0.5767587184906006,0.695133525133133,0.7633751875162129,0.289249986410141,0.8409090042114258,0,,nan,nan,nan,nan,nan,nan,nan,nan,nan,nan,nan,nan,nan,nan,nan,nan,nan,nan,nan,nan,nan,nan,nan,nan,nan,nan,nan,nan,nan,nan,nan,nan,nan,nan,nan,nan,nan,nan,2026-09-03T18:39:08.551889+00:00,2026-09-03T18:39:08.609278+00:00,94068.72676579,94068.784142667
100,13,1,99,99.0,ac3023a27ceabb6c72cb090d4b1c1de455826ac2ed7041408df172f614329811,0.0635245239973301,1574.195188053718,0.4805410414934158,0.4692070037126541,0.10317435888696849,21.47045725091977,0.592322188615799,0.6240071177482605,0.8709412491321571,0.3361639976501465,1.0122400522232056,1,P2,28.91,0.0,28.91,28.91,28.26,1.2589999999999968,1.8364939887628133,0.0799773757126384,18.364939887628132,0.7997737571263839,23.0,0.0,23.0,23.0,1.0,0.0,1.0,1.0,712.0,0.0,712.0,712.0,1755.0,0.0,1755.0,1755.0,6801.0,0.0,6801.0,6801.0,43.0,0.0,43.0,43.0,31.0,0.0,31.0,31.0,2026-09-03T18:39:08.611934+00:00,2026-09-03T18:39:08.675473+00:00,94068.786814024,94068.850338548
100,14,1,99,99.0,ac3023a27ceabb6c72cb090d4b1c1de455826ac2ed7041408df172f614329811,0.06979018400306813,1432.866260900011,0.5304928666353226,0.517412006855011,0.12251481601040459,23.094526564977382,0.7054881811141969,0.818999108672142,0.9328593271970754,0.3358449935913086,1.0401099920272827,1,P2,28.91,0.0,28.91,28.91,28.26,1.2589999999999968,2.0176342195287,0.08786584165986255,20.176342195287,0.8786584165986255,23.0,0.0,23.0,23.0,1.0,0.0,1.0,1.0,712.0,0.0,712.0,712.0,1755.0,0.0,1755.0,1755.0,6801.0,0.0,6801.0,6801.0,43.0,0.0,43.0,43.0,31.0,0.0,31.0,31.0,2026-09-03T18:39:08.677704+00:00,2026-09-03T18:39:08.747504+00:00,94068.852579531,94068.922369715
100,15,1,99,99.0,ac3023a27ceabb6c72cb090d4b1c1de455826ac2ed7041408df172f614329811,0.0674109569954453,1483.4383675454512,0.5121581491827965,0.5113745033740997,0.09634381370025107,18.811340570091097,0.6522778749465943,0.6781039148569107,0.7947845911979676,0.3366059958934784,0.8115770220756531,0,,nan,nan,nan,nan,nan,nan,nan,nan,nan,nan,nan,nan,nan,nan,nan,nan,nan,nan,nan,nan,nan,nan,nan,nan,nan,nan,nan,nan,nan,nan,nan,nan,nan,nan,nan,nan,nan,nan,2026-09-03T18:39:08.750274+00:00,2026-09-03T18:39:08.817699+00:00,94068.925153231,94068.992564188
100,16,1,99,99.0,ac3023a27ceabb6c72cb090d4b1c1de455826ac2ed7041408df172f614329811,0.0399001629994018,2506.255425610648,0.2658642300963402,0.21879950165748596,0.12401958239484044,46.64771276297678,0.3545047104358674,0.46171038895845407,0.6204808181524306,0.19196900725364685,1.1945619583129883,1,P2,28.91,0.0,28.91,28.91,28.26,1.2589999999999968,1.1535137123127062,0.050234305216246736,11.535137123127063,0.5023430521624674,23.0,0.0,23.0,23.0,1.0,0.0,1.0,1.0,712.0,0.0,712.0,712.0,1755.0,0.0,1755.0,1755.0,6801.0,0.0,6801.0,6801.0,43.0,0.0,43.0,43.0,31.0,0.0,31.0,31.0,2026-09-03T18:39:08.820115+00:00,2026-09-03T18:39:08.860026+00:00,94068.994992101,94069.034892264
100,17,1,99,99.0,ac3023a27ceabb6c72cb090d4b1c1de455826ac2ed7041408df172f614329811,0.0359704540023813,2780.0594341505903,0.22772494956851005,0.2069230005145073,0.07033987991194324,30.888086722698688,0.27933039367198964,0.3505688980221748,0.590013349056244,0.1943269968032837,0.6141030192375183,0,,nan,nan,nan,nan,nan,nan,nan,nan,nan,nan,nan,nan,nan,nan,nan,nan,nan,nan,nan,nan,nan,nan,nan,nan,nan,nan,nan,nan,nan,nan,nan,nan,nan,nan,nan,nan,nan,nan,2026-09-03T18:39:08.861858+00:00,2026-09-03T18:39:08.897834+00:00,94069.036730037,94069.072700491
100,18,1,99,99.0,ac3023a27ceabb6c72cb090d4b1c1de455826ac2ed7041408df172f614329811,0.03739389800466597,2674.233105827109,0.2393424293398857,0.2077694982290268,0.07634154867812976,31.89637077248788,0.3217457026243212,0.3933985367417334,0.5034639877080925,0.1946060061454773,0.6468139886856079,1,P2,28.91,0.0,28.91,28.91,28.26,1.2589999999999968,1.0810575913148932,0.04707891758787434,10.810575913148933,0.47078917587874336,23.0,0.0,23.0,23.0,1.0,0.0,1.0,1.0,712.0,0.0,712.0,712.0,1755.0,0.0,1755.0,1755.0,6801.0,0.0,6801.0,6801.0,43.0,0.0,43.0,43.0,31.0,0.0,31.0,31.0,2026-09-03T18:39:08.899778+00:00,2026-09-03T18:39:08.937182+00:00,94069.074653928,94069.112047826
100,19,1,99,99.0,ac3023a27ceabb6c72cb090d4b1c1de455826ac2ed7041408df172f614329811,0.04207085201051086,2376.942591393592,0.27625190988183024,0.26840150356292725,0.05726812740246057,20.730400534409927,0.3530434042215348,0.3774906128644943,0.3997376197576523,0.2010360062122345,0.4112820029258728,0,,nan,nan,nan,nan,nan,nan,nan,nan,nan,nan,nan,nan,nan,nan,nan,nan,nan,nan,nan,nan,nan,nan,nan,nan,nan,nan,nan,nan,nan,nan,nan,nan,nan,nan,nan,nan,nan,nan,2026-09-03T18:39:08.939610+00:00,2026-09-03T18:39:08.981689+00:00,94069.114484201,94069.156555053
100,20,1,99,99.0,ac3023a27ceabb6c72cb090d4b1c1de455826ac2ed7041408df172f614329811,0.04877956100972369,2050.0389493063713,0.3399168311059475,0.34300750494003296,0.09354856568900709,27.521016062852524,0.45360190272331247,0.4825910538434982,0.5558100444078445,0.19961699843406677,0.5570030212402344,0,,nan,nan,nan,nan,nan,nan,nan,nan,nan,nan,nan,nan,nan,nan,nan,nan,nan,nan,nan,nan,nan,nan,nan,nan,nan,nan,nan,nan,nan,nan,nan,nan,nan,nan,nan,nan,nan,nan,2026-09-03T18:39:08.983513+00:00,2026-09-03T18:39:09.032300+00:00,94069.158385979,94069.20716554
100,21,1,99,99.0,ac3023a27ceabb6c72cb090d4b1c1de455826ac2ed7041408df172f614329811,0.051290994000737555,1949.6600124100153,0.3657079502940178,0.3133949935436249,0.15866376983779007,43.38537614788777,0.5606094002723695,0.6377742528915404,0.7557885760068904,0.1981009989976883,0.958200991153717,1,P2,28.9,0.0,28.9,28.9,28.77,1.2489999999999952,1.4823097266213152,0.06406245150692096,14.823097266213152,0.6406245150692095,23.0,0.0,23.0,23.0,1.0,0.0,1.0,1.0,712.0,0.0,712.0,712.0,1755.0,0.0,1755.0,1755.0,6801.0,0.0,6801.0,6801.0,44.0,0.0,44.0,44.0,31.0,0.0,31.0,31.0,2026-09-03T18:39:09.035173+00:00,2026-09-03T18:39:09.086478+00:00,94069.210052789,94069.261343783
100,22,1,99,99.0,ac3023a27ceabb6c72cb090d4b1c1de455826ac2ed7041408df172f614329811,0.03539573399757501,2825.19921770378,0.22276974007487296,0.20876550674438477,0.03878806613176012,17.411730210181798,0.2631930887699127,0.2890180453658103,0.3479729223251349,0.19529099762439728,0.46518099308013916,0,,nan,nan,nan,nan,nan,nan,nan,nan,nan,nan,nan,nan,nan,nan,nan,nan,nan,nan,nan,nan,nan,nan,nan,nan,nan,nan,nan,nan,nan,nan,nan,nan,nan,nan,nan,nan,nan,nan,2026-09-03T18:39:09.088592+00:00,2026-09-03T18:39:09.123993+00:00,94069.263463658,94069.298859392
100,23,1,99,99.0,ac3023a27ceabb6c72cb090d4b1c1de455826ac2ed7041408df172f614329811,0.043558859993936494,2295.744195645163,0.2995616802573204,0.27573199570178986,0.11369458082392288,37.95364638302883,0.4081211954355241,0.4822227418422698,0.684256860017778,0.19613300263881683,0.9809470176696777,1,P2,28.9,0.0,28.9,28.9,28.77,1.2489999999999952,1.2588510538247646,0.05440501613242647,12.588510538247647,0.5440501613242648,23.0,0.0,23.0,23.0,1.0,0.0,1.0,1.0,712.0,0.0,712.0,712.0,1755.0,0.0,1755.0,1755.0,6801.0,0.0,6801.0,6801.0,44.0,0.0,44.0,44.0,31.0,0.0,31.0,31.0,2026-09-03T18:39:09.126185+00:00,2026-09-03T18:39:09.169754+00:00,94069.301061587,94069.344620447
100,24,1,99,99.0,ac3023a27ceabb6c72cb090d4b1c1de455826ac2ed7041408df172f614329811,0.04736918400158174,2111.077108625321,0.3364492601156235,0.3336225003004074,0.07841518265667674,23.306688987732873,0.42788279056549094,0.4839374527335167,0.5297737467288974,0.22554899752140045,0.5992479920387268,0,,nan,nan,nan,nan,nan,nan,nan,nan,nan,nan,nan,nan,nan,nan,nan,nan,nan,nan,nan,nan,nan,nan,nan,nan,nan,nan,nan,nan,nan,nan,nan,nan,nan,nan,nan,nan,nan,nan,2026-09-03T18:39:09.172357+00:00,2026-09-03T18:39:09.219737+00:00,94069.347233516,94069.3946027
100,25,1,99,99.0,ac3023a27ceabb6c72cb090d4b1c1de455826ac2ed7041408df172f614329811,0.03923039599612821,2549.0438589982464,0.26388038918375967,0.2429725006222725,0.07516835402237829,28.485767455054393,0.3615526109933855,0.4277469903230667,0.4816294974088679,0.19665199518203735,0.6774029731750488,1,P2,28.9,0.0,28.9,28.9,28.77,1.2489999999999952,1.1337584442881052,0.04899876459916395,11.337584442881052,0.48998764599163946,23.0,0.0,23.0,23.0,1.0,0.0,1.0,1.0,712.0,0.0,712.0,712.0,1755.0,0.0,1755.0,1755.0,6801.0,0.0,6801.0,6801.0,44.0,0.0,44.0,44.0,31.0,0.0,31.0,31.0,2026-09-03T18:39:09.221926+00:00,2026-09-03T18:39:09.261165+00:00,94069.396800774,94069.43603117
100,26,1,99,99.0,ac3023a27ceabb6c72cb090d4b1c1de455826ac2ed7041408df172f614329811,0.03638281999155879,2748.550003083903,0.2339136293530464,0.2089575007557869,0.08684182692796436,37.125595104547656,0.28449970185756684,0.3282622084021568,0.5569452786445638,0.192780002951622,0.9411929845809937,0,,nan,nan,nan,nan,nan,nan,nan,nan,nan,nan,nan,nan,nan,nan,nan,nan,nan,nan,nan,nan,nan,nan,nan,nan,nan,nan,nan,nan,nan,nan,nan,nan,nan,nan,nan,nan,nan,nan,2026-09-03T18:39:09.263286+00:00,2026-09-03T18:39:09.299677+00:00,94069.438160021,94069.474542841
100,27,1,99,99.0,ac3023a27ceabb6c72cb090d4b1c1de455826ac2ed7041408df172f614329811,0.044026006988133304,2271.3847300972316,0.3150891900062561,0.30678848922252655,0.08733118307660914,27.716337420168294,0.39880639016628283,0.47977784723043443,0.5633602911233913,0.200437992811203,0.7607929706573486,1,P2,28.9,0.0,28.9,28.9,28.77,1.2489999999999952,1.2723516019570524,0.05498848272817829,12.723516019570525,0.5498848272817828,23.0,0.0,23.0,23.0,1.0,0.0,1.0,1.0,701.0,0.0,701.0,701.0,1755.0,0.0,1755.0,1755.0,6801.0,0.0,6801.0,6801.0,44.0,0.0,44.0,44.0,31.0,0.0,31.0,31.0,2026-09-03T18:39:09.301672+00:00,2026-09-03T18:39:09.345705+00:00,94069.476543683,94069.52056969
100,28,1,99,99.0,ac3023a27ceabb6c72cb090d4b1c1de455826ac2ed7041408df172f614329811,0.038628378009889275,2588.7703587864585,0.26014663964509965,0.24693449586629868,0.06185742033721459,23.777904808458207,0.30957529246807103,0.34619684219360347,0.46923530071973923,0.19978000223636627,0.7113209962844849,0,,nan,nan,nan,nan,nan,nan,nan,nan,nan,nan,nan,nan,nan,nan,nan,nan,nan,nan,nan,nan,nan,nan,nan,nan,nan,nan,nan,nan,nan,nan,nan,nan,nan,nan,nan,nan,nan,nan,2026-09-03T18:39:09.348302+00:00,2026-09-03T18:39:09.386940+00:00,94069.523177424,94069.561805802
100,29,1,99,99.0,ac3023a27ceabb6c72cb090d4b1c1de455826ac2ed7041408df172f614329811,0.05583228499745019,1791.078405703204,0.4321101699769497,0.44033850729465485,0.09835585394394421,22.761754010369824,0.5385692119598389,0.562216904759407,0.5819454014301311,0.22472499310970306,0.7901849746704102,1,P2,28.9,0.0,28.9,28.9,28.77,1.2489999999999952,1.6135530364263104,0.06973452396181502,16.135530364263104,0.6973452396181503,23.0,0.0,23.0,23.0,1.0,0.0,1.0,1.0,701.0,0.0,701.0,701.0,1755.0,0.0,1755.0,1755.0,6801.0,0.0,6801.0,6801.0,44.0,0.0,44.0,44.0,31.0,0.0,31.0,31.0,2026-09-03T18:39:09.389021+00:00,2026-09-03T18:39:09.444860+00:00,94069.563893062,94069.619725347
100,30,1,99,99.0,ac3023a27ceabb6c72cb090d4b1c1de455826ac2ed7041408df172f614329811,0.03875976499693934,2579.995002753409,0.2669694009423256,0.22213450074195862,0.091918461506476,34.43033590442581,0.368028011918068,0.43359518796205515,0.6233813631534579,0.19420400261878967,0.6903430223464966,0,,nan,nan,nan,nan,nan,nan,nan,nan,nan,nan,nan,nan,nan,nan,nan,nan,nan,nan,nan,nan,nan,nan,nan,nan,nan,nan,nan,nan,nan,nan,nan,nan,nan,nan,nan,nan,nan,nan,2026-09-03T18:39:09.447919+00:00,2026-09-03T18:39:09.486690+00:00,94069.622796301,94069.661556066
100,31,1,99,99.0,ac3023a27ceabb6c72cb090d4b1c1de455826ac2ed7041408df172f614329811,0.03400261599745136,2940.9501906410796,0.21150153055787085,0.20180899649858475,0.02969728639987874,14.041168553980274,0.2299278035759926,0.2716523587703705,0.35533315420150763,0.19198399782180786,0.36346501111984253,0,,nan,nan,nan,nan,nan,nan,nan,nan,nan,nan,nan,nan,nan,nan,nan,nan,nan,nan,nan,nan,nan,nan,nan,nan,nan,nan,nan,nan,nan,nan,nan,nan,nan,nan,nan,nan,nan,nan,2026-09-03T18:39:09.488564+00:00,2026-09-03T18:39:09.522573+00:00,94069.663437263,94069.697439879
100,32,1,99,99.0,ac3023a27ceabb6c72cb090d4b1c1de455826ac2ed7041408df172f614329811,0.03689120999479201,2710.6728137710084,0.24725889027118683,0.2140835002064705,0.0998318910759782,40.375450592083986,0.31560230255126975,0.40133593678474416,0.6002403223514574,0.19748100638389587,0.9434080123901367,1,P2,28.18,0.0,28.18,28.18,28.88,0.5289999999999964,1.0395942976532389,0.019515450087244837,10.395942976532387,0.19515450087244837,20.0,0.0,20.0,20.0,1.0,0.0,1.0,1.0,701.0,0.0,701.0,701.0,1755.0,0.0,1755.0,1755.0,6801.0,0.0,6801.0,6801.0,44.0,0.0,44.0,44.0,31.0,0.0,31.0,31.0,2026-09-03T18:39:09.524528+00:00,2026-09-03T18:39:09.561425+00:00,94069.699400682,94069.736291892
100,33,1,99,99.0,ac3023a27ceabb6c72cb090d4b1c1de455826ac2ed7041408df172f614329811,0.05286265000177082,1891.6947976813526,0.38277497798204424,0.31387099623680115,0.15371184689498735,40.157234860372164,0.6150644779205323,0.678058072924614,0.824108306765557,0.22631299495697021,0.955810010433197,0,,nan,nan,nan,nan,nan,nan,nan,nan,nan,nan,nan,nan,nan,nan,nan,nan,nan,nan,nan,nan,nan,nan,nan,nan,nan,nan,nan,nan,nan,nan,nan,nan,nan,nan,nan,nan,nan,nan,2026-09-03T18:39:09.563433+00:00,2026-09-03T18:39:09.616303+00:00,94069.73830549,94069.79116814
100,34,1,99,99.0,ac3023a27ceabb6c72cb090d4b1c1de455826ac2ed7041408df172f614329811,0.05668843000603374,1764.0283914964007,0.4278472326695919,0.4454044997692108,0.15610094564860544,36.485206337458195,0.6042561113834382,0.636544480919838,0.739860910177231,0.20723800361156464,0.7649000287055969,1,P2,28.18,0.0,28.18,28.18,28.88,0.5289999999999964,1.5974799575700307,0.029988179473191642,15.974799575700306,0.29988179473191645,20.0,0.0,20.0,20.0,1.0,0.0,1.0,1.0,701.0,0.0,701.0,701.0,1755.0,0.0,1755.0,1755.0,6801.0,0.0,6801.0,6801.0,44.0,0.0,44.0,44.0,30.0,0.0,30.0,30.0,2026-09-03T18:39:09.619526+00:00,2026-09-03T18:39:09.676229+00:00,94069.794406338,94069.851094768
100,35,1,99,99.0,ac3023a27ceabb6c72cb090d4b1c1de455826ac2ed7041408df172f614329811,0.03539846699277405,2824.9810936844574,0.22682102873921395,0.21279899775981903,0.05278981883986213,23.27377630429359,0.2501299023628235,0.285955299437046,0.44413156598806464,0.19934800267219543,0.6026859879493713,0,,nan,nan,nan,nan,nan,nan,nan,nan,nan,nan,nan,nan,nan,nan,nan,nan,nan,nan,nan,nan,nan,nan,nan,nan,nan,nan,nan,nan,nan,nan,nan,nan,nan,nan,nan,nan,nan,nan,2026-09-03T18:39:09.678249+00:00,2026-09-03T18:39:09.713654+00:00,94069.853121369,94069.888519836
100,36,1,99,99.0,ac3023a27ceabb6c72cb090d4b1c1de455826ac2ed7041408df172f614329811,0.05221904699283186,1915.0100539699058,0.384900099337101,0.34740050137043,0.15667124424457032,40.704391740713845,0.5782772958278657,0.6523233711719509,0.9083108627796177,0.2059040069580078,0.9867069721221924,1,P2,28.18,0.0,28.18,28.18,28.88,0.5289999999999964,1.471532744258002,0.027623875859207867,14.71532744258002,0.2762387585920787,20.0,0.0,20.0,20.0,1.0,0.0,1.0,1.0,701.0,0.0,701.0,701.0,1755.0,0.0,1755.0,1755.0,6801.0,0.0,6801.0,6801.0,44.0,0.0,44.0,44.0,30.0,0.0,30.0,30.0,2026-09-03T18:39:09.715748+00:00,2026-09-03T18:39:09.767972+00:00,94069.890619799,94069.942838846
100,37,1,99,99.0,ac3023a27ceabb6c72cb090d4b1c1de455826ac2ed7041408df172f614329811,0.04536745299992617,2204.2233669181896,0.32218453004956243,0.3153325021266937,0.09698191240298337,30.10135601112332,0.4780631959438324,0.5212371200323105,0.5577632278203968,0.2016260027885437,0.62431401014328,0,,nan,nan,nan,nan,nan,nan,nan,nan,nan,nan,nan,nan,nan,nan,nan,nan,nan,nan,nan,nan,nan,nan,nan,nan,nan,nan,nan,nan,nan,nan,nan,nan,nan,nan,nan,nan,nan,nan,2026-09-03T18:39:09.770051+00:00,2026-09-03T18:39:09.815425+00:00,94069.944922793,94069.990290246
100,38,1,99,99.0,ac3023a27ceabb6c72cb090d4b1c1de455826ac2ed7041408df172f614329811,0.05013217699888628,1994.7268598014718,0.372014419734478,0.34034599363803864,0.11782094606386743,31.671069671966237,0.5250748157501222,0.6258400976657867,0.6917616510391237,0.2138420045375824,0.7308350205421448,1,P2,28.18,0.0,28.18,28.18,28.88,0.5289999999999964,1.4127247478286153,0.02651992163241066,14.127247478286154,0.2651992163241066,20.0,0.0,20.0,20.0,1.0,0.0,1.0,1.0,701.0,0.0,701.0,701.0,1755.0,0.0,1755.0,1755.0,6801.0,0.0,6801.0,6801.0,44.0,0.0,44.0,44.0,30.0,0.0,30.0,30.0,2026-09-03T18:39:09.818892+00:00,2026-09-03T18:39:09.869038+00:00,94069.993772516,94070.043904693
100,39,1,99,99.0,ac3023a27ceabb6c72cb090d4b1c1de455826ac2ed7041408df172f614329811,0.041018264993908815,2437.9383188160186,0.2927676582336426,0.2722024917602539,0.09950067465242095,33.98622486265701,0.4454365998506546,0.48164899498224256,0.5086283648014079,0.19449999928474426,0.7129039764404297,0,,nan,nan,nan,nan,nan,nan,nan,nan,nan,nan,nan,nan,nan,nan,nan,nan,nan,nan,nan,nan,nan,nan,nan,nan,nan,nan,nan,nan,nan,nan,nan,nan,nan,nan,nan,nan,nan,nan,2026-09-03T18:39:09.871341+00:00,2026-09-03T18:39:09.912367+00:00,94070.046214614,94070.087232879
100,40,1,99,99.0,ac3023a27ceabb6c72cb090d4b1c1de455826ac2ed7041408df172f614329811,0.0474038240063237,2109.5344541541613,0.34445424169301986,0.29590900242328644,0.13698746728216882,39.769423830830064,0.5578962087631225,0.579365473985672,0.660610594749451,0.19958899915218353,0.7246209979057312,1,P2,28.18,0.0,28.18,28.18,28.88,0.5289999999999964,1.335839760498202,0.025076622899345067,13.35839760498202,0.2507662289934507,20.0,0.0,20.0,20.0,1.0,0.0,1.0,1.0,701.0,0.0,701.0,701.0,1755.0,0.0,1755.0,1755.0,6801.0,0.0,6801.0,6801.0,44.0,0.0,44.0,44.0,31.0,0.0,31.0,31.0,2026-09-03T18:39:09.914493+00:00,2026-09-03T18:39:09.961903+00:00,94070.089365176,94070.136769
100,41,1,99,99.0,ac3023a27ceabb6c72cb090d4b1c1de455826ac2ed7041408df172f614329811,0.03743351899902336,2671.4026005038154,0.24772244065999985,0.23242300003767014,0.04999946548601853,20.183664165751953,0.31131709814071656,0.3410417512059212,0.4237512487173081,0.19332100450992584,0.4378350079059601,0,,nan,nan,nan,nan,nan,nan,nan,nan,nan,nan,nan,nan,nan,nan,nan,nan,nan,nan,nan,nan,nan,nan,nan,nan,nan,nan,nan,nan,nan,nan,nan,nan,nan,nan,nan,nan,nan,nan,2026-09-03T18:39:09.964100+00:00,2026-09-03T18:39:10.001541+00:00,94070.138973889,94070.176407408
100,42,1,99,99.0,ac3023a27ceabb6c72cb090d4b1c1de455826ac2ed7041408df172f614329811,0.03948960200068541,2532.312176715894,0.27332629919052126,0.23215899616479874,0.07710834617933654,28.21109655664287,0.39053220450878146,0.400300595164299,0.467419008910656,0.19544599950313568,0.47533899545669556,0,,nan,nan,nan,nan,nan,nan,nan,nan,nan,nan,nan,nan,nan,nan,nan,nan,nan,nan,nan,nan,nan,nan,nan,nan,nan,nan,nan,nan,nan,nan,nan,nan,nan,nan,nan,nan,nan,nan,2026-09-03T18:39:10.003799+00:00,2026-09-03T18:39:10.043295+00:00,94070.178671432,94070.218161034
100,43,1,99,99.0,ac3023a27ceabb6c72cb090d4b1c1de455826ac2ed7041408df172f614329811,0.036279377003666013,2756.386913421778,0.2410452398657799,0.22519750148057938,0.046039832164126306,19.100079383340013,0.29727501273155216,0.3375169590115547,0.408725226223469,0.1966090053319931,0.45013099908828735,0,,nan,nan,nan,nan,nan,nan,nan,nan,nan,nan,nan,nan,nan,nan,nan,nan,nan,nan,nan,nan,nan,nan,nan,nan,nan,nan,nan,nan,nan,nan,nan,nan,nan,nan,nan,nan,nan,nan,2026-09-03T18:39:10.046039+00:00,2026-09-03T18:39:10.082327+00:00,94070.220914287,94070.257193664
100,44,1,99,99.0,ac3023a27ceabb6c72cb090d4b1c1de455826ac2ed7041408df172f614329811,0.03404173700255342,2937.5704298667,0.22419128879904748,0.2009664997458458,0.07252689859505294,32.35045348263375,0.31025658845901494,0.3769120931625366,0.542637615799904,0.19174399971961975,0.5578470230102539,0,,nan,nan,nan,nan,nan,nan,nan,nan,nan,nan,nan,nan,nan,nan,nan,nan,nan,nan,nan,nan,nan,nan,nan,nan,nan,nan,nan,nan,nan,nan,nan,nan,nan,nan,nan,nan,nan,nan,2026-09-03T18:39:10.084409+00:00,2026-09-03T18:39:10.118457+00:00,94070.259281404,94070.293323141
100,45,1,99,99.0,ac3023a27ceabb6c72cb090d4b1c1de455826ac2ed7041408df172f614329811,0.03733310599636752,2678.587739518108,0.25037093803286553,0.2102390006184578,0.07362397952797077,29.405960654389666,0.3344164907932282,0.36929285973310455,0.5041235500574114,0.19263899326324463,0.5507090091705322,1,P2,28.24,0.0,28.24,28.24,28.57,0.5889999999999951,1.0542869133374186,0.021989199431860288,10.542869133374186,0.2198919943186029,20.0,0.0,20.0,20.0,1.0,0.0,1.0,1.0,701.0,0.0,701.0,701.0,1755.0,0.0,1755.0,1755.0,6801.0,0.0,6801.0,6801.0,44.0,0.0,44.0,44.0,31.0,0.0,31.0,31.0,2026-09-03T18:39:10.120506+00:00,2026-09-03T18:39:10.157845+00:00,94070.295377871,94070.332710977
100,46,1,99,99.0,ac3023a27ceabb6c72cb090d4b1c1de455826ac2ed7041408df172f614329811,0.03395128299598582,2945.396791391458,0.224240660071373,0.20356100052595139,0.04762570112272072,21.238655428307272,0.3063614964485169,0.3240751042962074,0.3929995369911196,0.19301800429821014,0.4417620003223419,0,,nan,nan,nan,nan,nan,nan,nan,nan,nan,nan,nan,nan,nan,nan,nan,nan,nan,nan,nan,nan,nan,nan,nan,nan,nan,nan,nan,nan,nan,nan,nan,nan,nan,nan,nan,nan,nan,nan,2026-09-03T18:39:10.160472+00:00,2026-09-03T18:39:10.194431+00:00,94070.335346702,94070.369297985
100,47,1,99,99.0,ac3023a27ceabb6c72cb090d4b1c1de455826ac2ed7041408df172f614329811,0.03296895799576305,3033.1562196430755,0.2131086303293705,0.2007564976811409,0.040526473237114266,19.01681465198218,0.2203341051936151,0.30344039797782896,0.4062414047122002,0.19296100735664368,0.41083401441574097,0,,nan,nan,nan,nan,nan,nan,nan,nan,nan,nan,nan,nan,nan,nan,nan,nan,nan,nan,nan,nan,nan,nan,nan,nan,nan,nan,nan,nan,nan,nan,nan,nan,nan,nan,nan,nan,nan,nan,2026-09-03T18:39:10.196596+00:00,2026-09-03T18:39:10.229570+00:00,94070.371467683,94070.404436641
100,48,1,99,99.0,ac3023a27ceabb6c72cb090d4b1c1de455826ac2ed7041408df172f614329811,0.032307501998730004,3095.256327893471,0.2061874397099018,0.20013349503278732,0.022287241821494025,10.809214107731954,0.21960310339927674,0.22626635432243342,0.3129542604088785,0.1912519931793213,0.3470360040664673,1,P2,28.24,0.0,28.24,28.24,28.57,0.5889999999999951,0.9123638564441353,0.019029118677251815,9.123638564441354,0.19029118677251816,20.0,0.0,20.0,20.0,1.0,0.0,1.0,1.0,701.0,0.0,701.0,701.0,1755.0,0.0,1755.0,1755.0,6801.0,0.0,6801.0,6801.0,44.0,0.0,44.0,44.0,31.0,0.0,31.0,31.0,2026-09-03T18:39:10.231655+00:00,2026-09-03T18:39:10.263968+00:00,94070.406527007,94070.438834509
100,49,1,99,99.0,ac3023a27ceabb6c72cb090d4b1c1de455826ac2ed7041408df172f614329811,0.03239367499190848,3087.0223901727327,0.20707294970750809,0.19896500557661057,0.028990008211719025,13.99990112309097,0.2245250999927521,0.24284455180168144,0.3359847044944766,0.18967999517917633,0.3859499990940094,0,,nan,nan,nan,nan,nan,nan,nan,nan,nan,nan,nan,nan,nan,nan,nan,nan,nan,nan,nan,nan,nan,nan,nan,nan,nan,nan,nan,nan,nan,nan,nan,nan,nan,nan,nan,nan,nan,nan,2026-09-03T18:39:10.266080+00:00,2026-09-03T18:39:10.298480+00:00,94070.440952481,94070.473346156
100,50,1,99,99.0,ac3023a27ceabb6c72cb090d4b1c1de455826ac2ed7041408df172f614329811,0.03236301100696437,3089.947346941249,0.20944784060120583,0.20013650506734848,0.03160208699115569,15.088284940271544,0.21901240050792697,0.2777571082115173,0.36833918541669847,0.19399400055408478,0.36885300278663635,0,,nan,nan,nan,nan,nan,nan,nan,nan,nan,nan,nan,nan,nan,nan,nan,nan,nan,nan,nan,nan,nan,nan,nan,nan,nan,nan,nan,nan,nan,nan,nan,nan,nan,nan,nan,nan,nan,nan,2026-09-03T18:39:10.300596+00:00,2026-09-03T18:39:10.332965+00:00,94070.475468986,94070.507831997
100,51,1,99,99.0,ac3023a27ceabb6c72cb090d4b1c1de455826ac2ed7041408df172f614329811,0.03291173400066327,3038.4300018341387,0.2113687202334404,0.20179849863052368,0.03325623244448531,15.733753039596579,0.22247240394353868,0.26883714944124204,0.3598004111647607,0.19371800124645233,0.3795430064201355,1,P2,28.24,0.0,28.24,28.24,28.57,0.5889999999999951,0.9294273681787307,0.019385011326390506,9.294273681787308,0.19385011326390506,20.0,0.0,20.0,20.0,1.0,0.0,1.0,1.0,701.0,0.0,701.0,701.0,1755.0,0.0,1755.0,1755.0,6801.0,0.0,6801.0,6801.0,44.0,0.0,44.0,44.0,30.0,0.0,30.0,30.0,2026-09-03T18:39:10.335172+00:00,2026-09-03T18:39:10.368090+00:00,94070.510044311,94070.542956045
100,52,1,99,99.0,ac3023a27ceabb6c72cb090d4b1c1de455826ac2ed7041408df172f614329811,0.033400851010810584,2993.9356924658537,0.2140924097597599,0.20137649774551392,0.0391043247381114,18.265161657058112,0.24105440527200717,0.30292675346136083,0.3609533262252811,0.19193600118160248,0.420881986618042,0,,nan,nan,nan,nan,nan,nan,nan,nan,nan,nan,nan,nan,nan,nan,nan,nan,nan,nan,nan,nan,nan,nan,nan,nan,nan,nan,nan,nan,nan,nan,nan,nan,nan,nan,nan,nan,nan,nan,2026-09-03T18:39:10.370342+00:00,2026-09-03T18:39:10.403748+00:00,94070.545213554,94070.578614405
100,53,1,99,99.0,ac3023a27ceabb6c72cb090d4b1c1de455826ac2ed7041408df172f614329811,0.03249736699217465,3077.1723759675656,0.20776822924613952,0.19947199523448944,0.030887791393710215,14.866465150029251,0.21537500321865083,0.23882589787244787,0.3371412155032163,0.19225800037384033,0.43131300806999207,0,,nan,nan,nan,nan,nan,nan,nan,nan,nan,nan,nan,nan,nan,nan,nan,nan,nan,nan,nan,nan,nan,nan,nan,nan,nan,nan,nan,nan,nan,nan,nan,nan,nan,nan,nan,nan,nan,nan,2026-09-03T18:39:10.405904+00:00,2026-09-03T18:39:10.438408+00:00,94070.580776809,94070.613274176
100,54,1,99,99.0,ac3023a27ceabb6c72cb090d4b1c1de455826ac2ed7041408df172f614329811,0.033345629010000266,2998.8937971453547,0.214396890103817,0.20430800318717957,0.02904715415030664,13.548309462996965,0.24886460006237043,0.2748977035284042,0.33012317389249807,0.19268499314785004,0.33994099497795105,1,P2,28.24,0.0,28.24,28.24,28.57,0.5889999999999951,0.9416805632424075,0.019640575486889994,9.416805632424074,0.19640575486889994,20.0,0.0,20.0,20.0,1.0,0.0,1.0,1.0,701.0,0.0,701.0,701.0,1755.0,0.0,1755.0,1755.0,6801.0,0.0,6801.0,6801.0,44.0,0.0,44.0,44.0,30.0,0.0,30.0,30.0,2026-09-03T18:39:10.440556+00:00,2026-09-03T18:39:10.473908+00:00,94070.615428739,94070.648774368
100,55,1,99,99.0,ac3023a27ceabb6c72cb090d4b1c1de455826ac2ed7041408df172f614329811,0.03389075200539082,2950.657453221856,0.21551450997591018,0.20549800246953964,0.03402482083855507,15.787716958063893,0.23564549982547764,0.31181350052356716,0.33263486266136205,0.19298699498176575,0.3994469940662384,0,,nan,nan,nan,nan,nan,nan,nan,nan,nan,nan,nan,nan,nan,nan,nan,nan,nan,nan,nan,nan,nan,nan,nan,nan,nan,nan,nan,nan,nan,nan,nan,nan,nan,nan,nan,nan,nan,nan,2026-09-03T18:39:10.476170+00:00,2026-09-03T18:39:10.510067+00:00,94070.651042524,94070.684933276
100,56,1,99,99.0,ac3023a27ceabb6c72cb090d4b1c1de455826ac2ed7041408df172f614329811,0.03266884200274944,3061.0206505508795,0.20964858040213585,0.20153749734163284,0.02996219274707725,14.291626821228885,0.22164819836616517,0.2609834030270576,0.3598204612731934,0.19277900457382202,0.370061993598938,0,,nan,nan,nan,nan,nan,nan,nan,nan,nan,nan,nan,nan,nan,nan,nan,nan,nan,nan,nan,nan,nan,nan,nan,nan,nan,nan,nan,nan,nan,nan,nan,nan,nan,nan,nan,nan,nan,nan,2026-09-03T18:39:10.512240+00:00,2026-09-03T18:39:10.544916+00:00,94070.687113924,94070.719782766
100,57,1,99,99.0,ac3023a27ceabb6c72cb090d4b1c1de455826ac2ed7041408df172f614329811,0.03481755999382585,2872.1139568003287,0.223801129758358,0.204306498169899,0.05411530973031929,24.180087825628288,0.28927729725837725,0.3488966450095176,0.45035649716854115,0.1933780014514923,0.4877279996871948,1,P2,27.9,0.0,27.9,27.9,28.06,0.24899999999999523,0.9714099238277413,0.008669572438462472,9.714099238277413,0.08669572438462472,23.0,0.0,23.0,23.0,1.0,0.0,1.0,1.0,701.0,0.0,701.0,701.0,1755.0,0.0,1755.0,1755.0,6801.0,0.0,6801.0,6801.0,44.0,0.0,44.0,44.0,31.0,0.0,31.0,31.0,2026-09-03T18:39:10.547074+00:00,2026-09-03T18:39:10.581897+00:00,94070.721945664,94070.756763224
100,58,1,99,99.0,ac3023a27ceabb6c72cb090d4b1c1de455826ac2ed7041408df172f614329811,0.0346364180004457,2887.1345760613353,0.22163427993655205,0.2069994956254959,0.037950662933299094,17.123101599699897,0.26153369843959823,0.29852263927459716,0.3709953123331073,0.1967650055885315,0.42755499482154846,0,,nan,nan,nan,nan,nan,nan,nan,nan,nan,nan,nan,nan,nan,nan,nan,nan,nan,nan,nan,nan,nan,nan,nan,nan,nan,nan,nan,nan,nan,nan,nan,nan,nan,nan,nan,nan,nan,nan,2026-09-03T18:39:10.584182+00:00,2026-09-03T18:39:10.618824+00:00,94070.759053508,94070.793689926
100,59,1,99,99.0,ac3023a27ceabb6c72cb090d4b1c1de455826ac2ed7041408df172f614329811,0.03455512000073213,2893.92715168928,0.22393073976039887,0.21157650649547577,0.03564645206342289,15.91851663669036,0.26288778781890876,0.2977955013513565,0.37082209438085556,0.19487400352954865,0.3751879930496216,1,P2,27.9,0.0,27.9,27.9,28.06,0.24899999999999523,0.9640878480204265,0.008604224880182136,9.640878480204265,0.08604224880182136,23.0,0.0,23.0,23.0,1.0,0.0,1.0,1.0,701.0,0.0,701.0,701.0,1755.0,0.0,1755.0,1755.0,6801.0,0.0,6801.0,6801.0,44.0,0.0,44.0,44.0,31.0,0.0,31.0,31.0,2026-09-03T18:39:10.621077+00:00,2026-09-03T18:39:10.655640+00:00,94070.795951369,94070.830506489
100,60,1,99,99.0,ac3023a27ceabb6c72cb090d4b1c1de455826ac2ed7041408df172f614329811,0.03707735100761056,2697.0643069801245,0.25392184987664224,0.22736600041389465,0.06260503133941187,24.655235998724024,0.34361060857772835,0.3640763506293297,0.40195347666740433,0.19302000105381012,0.4274440109729767,0,,nan,nan,nan,nan,nan,nan,nan,nan,nan,nan,nan,nan,nan,nan,nan,nan,nan,nan,nan,nan,nan,nan,nan,nan,nan,nan,nan,nan,nan,nan,nan,nan,nan,nan,nan,nan,nan,nan,2026-09-03T18:39:10.658168+00:00,2026-09-03T18:39:10.695253+00:00,94070.833041596,94070.870118947
100,61,1,99,99.0,ac3023a27ceabb6c72cb090d4b1c1de455826ac2ed7041408df172f614329811,0.032817391998833045,3047.164747386261,0.21152076989412308,0.2058424949645996,0.022470929114256726,10.623509514221498,0.22214499861001968,0.25895720869302746,0.3083718073368073,0.19374500215053558,0.31874799728393555,0,,nan,nan,nan,nan,nan,nan,nan,nan,nan,nan,nan,nan,nan,nan,nan,nan,nan,nan,nan,nan,nan,nan,nan,nan,nan,nan,nan,nan,nan,nan,nan,nan,nan,nan,nan,nan,nan,nan,2026-09-03T18:39:10.697507+00:00,2026-09-03T18:39:10.730330+00:00,94070.872378753,94070.905196145
100,62,1,99,99.0,ac3023a27ceabb6c72cb090d4b1c1de455826ac2ed7041408df172f614329811,0.04922444399562664,2031.5110112545817,0.3694287997484207,0.3642589896917343,0.11399110045414718,30.856040604244875,0.5217135787010193,0.537882187962532,0.5992003315687183,0.19892799854278564,0.6641770005226135,1,P2,27.9,0.0,27.9,27.9,28.06,0.24899999999999523,1.3733619874779832,0.0122568865549108,13.733619874779832,0.122568865549108,23.0,0.0,23.0,23.0,1.0,0.0,1.0,1.0,701.0,0.0,701.0,701.0,1755.0,0.0,1755.0,1755.0,6801.0,0.0,6801.0,6801.0,44.0,0.0,44.0,44.0,31.0,0.0,31.0,31.0,2026-09-03T18:39:10.732693+00:00,2026-09-03T18:39:10.781925+00:00,94070.907565623,94070.956790067
100,63,1,99,99.0,ac3023a27ceabb6c72cb090d4b1c1de455826ac2ed7041408df172f614329811,0.03491005599789787,2864.504141901736,0.26842219978570936,0.21916600316762924,0.09824106759768234,36.599457003225346,0.39456509053707123,0.43553580641746514,0.6221132999658593,0.1994210034608841,0.7870789766311646,0,,nan,nan,nan,nan,nan,nan,nan,nan,nan,nan,nan,nan,nan,nan,nan,nan,nan,nan,nan,nan,nan,nan,nan,nan,nan,nan,nan,nan,nan,nan,nan,nan,nan,nan,nan,nan,nan,nan,2026-09-03T18:39:10.786170+00:00,2026-09-03T18:39:10.821093+00:00,94070.961049855,94070.995959911
100,64,1,99,99.0,ac3023a27ceabb6c72cb090d4b1c1de455826ac2ed7041408df172f614329811,0.03836209299333859,2606.7399403198506,0.2974960495531559,0.27333348989486694,0.07994219719275265,26.871683611539442,0.4071619898080826,0.4460342466831207,0.484788902401925,0.20467199385166168,0.6550589799880981,1,P2,27.9,0.0,27.9,27.9,28.06,0.24899999999999523,1.0703023945141468,0.009552161155341127,10.703023945141467,0.09552161155341127,23.0,0.0,23.0,23.0,1.0,0.0,1.0,1.0,701.0,0.0,701.0,701.0,1755.0,0.0,1755.0,1755.0,6801.0,0.0,6801.0,6801.0,44.0,0.0,44.0,44.0,31.0,0.0,31.0,31.0,2026-09-03T18:39:10.823400+00:00,2026-09-03T18:39:10.861768+00:00,94070.998272533,94071.036634626
100,65,1,99,99.0,ac3023a27ceabb6c72cb090d4b1c1de455826ac2ed7041408df172f614329811,0.034188858000561595,2924.9295193877892,0.238189749866724,0.21215999871492386,0.05593918631113807,23.485135839152658,0.3157273083925248,0.34993703961372374,0.4212344673275952,0.19542600214481354,0.5028560161590576,0,,nan,nan,nan,nan,nan,nan,nan,nan,nan,nan,nan,nan,nan,nan,nan,nan,nan,nan,nan,nan,nan,nan,nan,nan,nan,nan,nan,nan,nan,nan,nan,nan,nan,nan,nan,nan,nan,nan,2026-09-03T18:39:10.864711+00:00,2026-09-03T18:39:10.898908+00:00,94071.039586101,94071.073774959
100,66,1,99,99.0,ac3023a27ceabb6c72cb090d4b1c1de455826ac2ed7041408df172f614329811,0.03376727800059598,2961.4468776024837,0.21374438002705573,0.20608650147914886,0.02417507359688065,11.310273324529316,0.2455295979976654,0.2588639914989471,0.3093197229504587,0.19584600627422333,0.33720898628234863,0,,nan,nan,nan,nan,nan,nan,nan,nan,nan,nan,nan,nan,nan,nan,nan,nan,nan,nan,nan,nan,nan,nan,nan,nan,nan,nan,nan,nan,nan,nan,nan,nan,nan,nan,nan,nan,nan,nan,2026-09-03T18:39:10.901307+00:00,2026-09-03T18:39:10.935080+00:00,94071.076179368,94071.109946646
100,67,1,99,99.0,ac3023a27ceabb6c72cb090d4b1c1de455826ac2ed7041408df172f614329811,0.03446414500649553,2901.56625040757,0.2249756108224392,0.21290100365877151,0.031986844016389265,14.217916288550368,0.25826250314712534,0.30569234192371364,0.33197152405977254,0.1944040060043335,0.33806100487709045,1,P2,27.9,0.0,27.9,27.9,28.06,0.24899999999999523,0.9615496456812251,0.008581572106617221,9.61549645681225,0.08581572106617222,23.0,0.0,23.0,23.0,1.0,0.0,1.0,1.0,701.0,0.0,701.0,701.0,1755.0,0.0,1755.0,1755.0,6801.0,0.0,6801.0,6801.0,44.0,0.0,44.0,44.0,31.0,0.0,31.0,31.0,2026-09-03T18:39:10.937466+00:00,2026-09-03T18:39:10.971936+00:00,94071.112338412,94071.146802557
100,68,1,99,99.0,ac3023a27ceabb6c72cb090d4b1c1de455826ac2ed7041408df172f614329811,0.03502265199495014,2855.2949106886263,0.22683972910046576,0.21532800048589706,0.04200039384076066,18.515448774036834,0.25372869074344634,0.29112430661916733,0.45607539087533955,0.19193999469280243,0.46175700426101685,0,,nan,nan,nan,nan,nan,nan,nan,nan,nan,nan,nan,nan,nan,nan,nan,nan,nan,nan,nan,nan,nan,nan,nan,nan,nan,nan,nan,nan,nan,nan,nan,nan,nan,nan,nan,nan,nan,nan,2026-09-03T18:39:10.974617+00:00,2026-09-03T18:39:11.009646+00:00,94071.149490347,94071.184512999
100,69,1,99,99.0,ac3023a27ceabb6c72cb090d4b1c1de455826ac2ed7041408df172f614329811,0.03408085199771449,2934.1989456926176,0.22186457991600037,0.21150600165128708,0.03157259124135315,14.230568598785249,0.25517679154872897,0.28076409846544265,0.3400773447752002,0.19506199657917023,0.39357200264930725,0,,nan,nan,nan,nan,nan,nan,nan,nan,nan,nan,nan,nan,nan,nan,nan,nan,nan,nan,nan,nan,nan,nan,nan,nan,nan,nan,nan,nan,nan,nan,nan,nan,nan,nan,nan,nan,nan,nan,2026-09-03T18:39:11.012158+00:00,2026-09-03T18:39:11.046244+00:00,94071.187029938,94071.22111079
100,70,1,99,99.0,ac3023a27ceabb6c72cb090d4b1c1de455826ac2ed7041408df172f614329811,0.038247428004979156,2614.554892082723,0.26398558959364893,0.24486999958753586,0.06329335490659219,23.976064376854502,0.34279599487781526,0.41881376206874843,0.4691127297282221,0.19706599414348602,0.5062119960784912,1,P2,27.98,0.0,27.98,27.98,27.93,0.3289999999999971,1.0701630355793168,0.01258340381363803,10.701630355793167,0.1258340381363803,23.0,0.0,23.0,23.0,1.0,0.0,1.0,1.0,701.0,0.0,701.0,701.0,1755.0,0.0,1755.0,1755.0,6801.0,0.0,6801.0,6801.0,44.0,0.0,44.0,44.0,31.0,0.0,31.0,31.0,2026-09-03T18:39:11.048743+00:00,2026-09-03T18:39:11.086997+00:00,94071.223615599,94071.261863027
100,71,1,99,99.0,ac3023a27ceabb6c72cb090d4b1c1de455826ac2ed7041408df172f614329811,0.03365494300669525,2971.3317291937233,0.21893757030367852,0.20611950010061264,0.03955578585926752,18.06715302650041,0.25755660235881817,0.3047313034534454,0.3882461071014405,0.1910250037908554,0.39597800374031067,0,,nan,nan,nan,nan,nan,nan,nan,nan,nan,nan,nan,nan,nan,nan,nan,nan,nan,nan,nan,nan,nan,nan,nan,nan,nan,nan,nan,nan,nan,nan,nan,nan,nan,nan,nan,nan,nan,nan,2026-09-03T18:39:11.089534+00:00,2026-09-03T18:39:11.123194+00:00,94071.264405628,94071.298060571
100,72,1,99,99.0,ac3023a27ceabb6c72cb090d4b1c1de455826ac2ed7041408df172f614329811,0.03337772899249103,2996.0097052288056,0.21878286942839623,0.21034400165081024,0.0315415080888812,14.416808853128318,0.23569410145282757,0.2794566854834556,0.3606757217645645,0.19277699291706085,0.36678600311279297,1,P2,27.98,0.0,27.98,27.98,27.93,0.3289999999999971,0.933908857209899,0.010981272838529451,9.33908857209899,0.1098127283852945,23.0,0.0,23.0,23.0,1.0,0.0,1.0,1.0,701.0,0.0,701.0,701.0,1755.0,0.0,1755.0,1755.0,6801.0,0.0,6801.0,6801.0,44.0,0.0,44.0,44.0,31.0,0.0,31.0,31.0,2026-09-03T18:39:11.125592+00:00,2026-09-03T18:39:11.158976+00:00,94071.300464333,94071.333842062
100,73,1,99,99.0,ac3023a27ceabb6c72cb090d4b1c1de455826ac2ed7041408df172f614329811,0.05863154199323617,1705.5666046022832,0.45754974991083147,0.417090505361557,0.15589366260115498,34.07141248171067,0.6000316083431244,0.8805783152580261,1.0139080071449282,0.28400999307632446,1.0477650165557861,0,,nan,nan,nan,nan,nan,nan,nan,nan,nan,nan,nan,nan,nan,nan,nan,nan,nan,nan,nan,nan,nan,nan,nan,nan,nan,nan,nan,nan,nan,nan,nan,nan,nan,nan,nan,nan,nan,nan,2026-09-03T18:39:11.161755+00:00,2026-09-03T18:39:11.220394+00:00,94071.336627815,94071.395259357
100,74,1,99,99.0,ac3023a27ceabb6c72cb090d4b1c1de455826ac2ed7041408df172f614329811,0.0373388729931321,2678.17403107998,0.28686838075518606,0.2278365045785904,0.11785388371133926,41.082911752451366,0.4785526990890503,0.5550756961107254,0.6254265123605731,0.19688700139522552,0.6893309950828552,1,P2,27.98,0.0,27.98,27.98,27.93,0.3289999999999971,1.0447416663478362,0.012284489214740351,10.44741666347836,0.1228448921474035,23.0,0.0,23.0,23.0,1.0,0.0,1.0,1.0,701.0,0.0,701.0,701.0,1755.0,0.0,1755.0,1755.0,6801.0,0.0,6801.0,6801.0,44.0,0.0,44.0,44.0,31.0,0.0,31.0,31.0,2026-09-03T18:39:11.224870+00:00,2026-09-03T18:39:11.262221+00:00,94071.399748804,94071.437087677
100,75,1,99,99.0,ac3023a27ceabb6c72cb090d4b1c1de455826ac2ed7041408df172f614329811,0.02731681099976413,3660.7494191347396,0.21071981981396676,0.20524200052022934,0.02321986637070098,11.019308193790483,0.22018819749355317,0.23451514542102814,0.30915079802274736,0.1971839964389801,0.3751649856567383,0,,nan,nan,nan,nan,nan,nan,nan,nan,nan,nan,nan,nan,nan,nan,nan,nan,nan,nan,nan,nan,nan,nan,nan,nan,nan,nan,nan,nan,nan,nan,nan,nan,nan,nan,nan,nan,nan,nan,2026-09-03T18:39:11.264727+00:00,2026-09-03T18:39:11.292049+00:00,94071.439598572,94071.466915383
100,76,1,99,99.0,ac3023a27ceabb6c72cb090d4b1c1de455826ac2ed7041408df172f614329811,0.027750273991841823,3603.568023486851,0.2097438605129719,0.20543300360441208,0.017875871786336598,8.52271515486435,0.22029209434986116,0.22511394768953322,0.303665570318699,0.1963929980993271,0.32817399501800537,0,,nan,nan,nan,nan,nan,nan,nan,nan,nan,nan,nan,nan,nan,nan,nan,nan,nan,nan,nan,nan,nan,nan,nan,nan,nan,nan,nan,nan,nan,nan,nan,nan,nan,nan,nan,nan,nan,nan,2026-09-03T18:39:11.294613+00:00,2026-09-03T18:39:11.322369+00:00,94071.469484835,94071.497235109
100,77,1,99,99.0,ac3023a27ceabb6c72cb090d4b1c1de455826ac2ed7041408df172f614329811,0.027854277010192163,3590.112928201618,0.21033219933509828,0.20503699779510498,0.024089256508912627,11.452957076978008,0.216002494096756,0.2276632450520992,0.33626961916685105,0.19658200442790985,0.34227100014686584,0,,nan,nan,nan,nan,nan,nan,nan,nan,nan,nan,nan,nan,nan,nan,nan,nan,nan,nan,nan,nan,nan,nan,nan,nan,nan,nan,nan,nan,nan,nan,nan,nan,nan,nan,nan,nan,nan,nan,2026-09-03T18:39:11.324796+00:00,2026-09-03T18:39:11.352656+00:00,94071.499667506,94071.527521783
100,78,1,99,99.0,ac3023a27ceabb6c72cb090d4b1c1de455826ac2ed7041408df172f614329811,0.029293789993971586,3413.6928004392453,0.22015863955020903,0.20556899905204773,0.04501083376193732,20.444727426502933,0.2445292964577676,0.3204838871955871,0.41340048134326957,0.1973229944705963,0.4523560106754303,1,P2,27.98,0.0,27.98,27.98,27.93,0.3289999999999971,0.819640244031325,0.009637656908016566,8.19640244031325,0.09637656908016566,23.0,0.0,23.0,23.0,1.0,0.0,1.0,1.0,701.0,0.0,701.0,701.0,1755.0,0.0,1755.0,1755.0,6801.0,0.0,6801.0,6801.0,44.0,0.0,44.0,44.0,31.0,0.0,31.0,31.0,2026-09-03T18:39:11.355206+00:00,2026-09-03T18:39:11.384505+00:00,94071.530077652,94071.559371442
100,79,1,99,99.0,ac3023a27ceabb6c72cb090d4b1c1de455826ac2ed7041408df172f614329811,0.02766405099828262,3614.799582541544,0.21232298031449318,0.20645400136709213,0.019212910401294504,9.048907646659964,0.23112960159778598,0.2470101036131382,0.30792833268642433,0.19682300090789795,0.31776300072669983,0,,nan,nan,nan,nan,nan,nan,nan,nan,nan,nan,nan,nan,nan,nan,nan,nan,nan,nan,nan,nan,nan,nan,nan,nan,nan,nan,nan,nan,nan,nan,nan,nan,nan,nan,nan,nan,nan,nan,2026-09-03T18:39:11.387169+00:00,2026-09-03T18:39:11.414839+00:00,94071.562041442,94071.589705493
100,80,1,99,99.0,ac3023a27ceabb6c72cb090d4b1c1de455826ac2ed7041408df172f614329811,0.02725251299852971,3669.386379355,0.21009970992803573,0.20459099858999252,0.02140421097631685,10.187644230279192,0.21856960505247117,0.22796009927988048,0.305108653008938,0.19468000531196594,0.3371489942073822,0,,nan,nan,nan,nan,nan,nan,nan,nan,nan,nan,nan,nan,nan,nan,nan,nan,nan,nan,nan,nan,nan,nan,nan,nan,nan,nan,nan,nan,nan,nan,nan,nan,nan,nan,nan,nan,nan,nan,2026-09-03T18:39:11.417444+00:00,2026-09-03T18:39:11.444702+00:00,94071.592315876,94071.619568389
100,81,1,99,99.0,ac3023a27ceabb6c72cb090d4b1c1de455826ac2ed7041408df172f614329811,0.028785950009478256,3473.916961818989,0.22177883952856065,0.20472049713134766,0.05403542842171153,24.36455548986352,0.25236669927835487,0.3433281376957893,0.4242675536870962,0.1947679966688156,0.5322319865226746,1,P2,27.98,0.0,27.98,27.98,27.93,0.3289999999999971,0.8054308812652016,0.009470577553118262,8.054308812652016,0.09470577553118263,23.0,0.0,23.0,23.0,1.0,0.0,1.0,1.0,701.0,0.0,701.0,701.0,1755.0,0.0,1755.0,1755.0,6801.0,0.0,6801.0,6801.0,44.0,0.0,44.0,44.0,31.0,0.0,31.0,31.0,2026-09-03T18:39:11.447300+00:00,2026-09-03T18:39:11.476091+00:00,94071.622171923,94071.650957873
100,82,1,99,99.0,ac3023a27ceabb6c72cb090d4b1c1de455826ac2ed7041408df172f614329811,0.028109416001825593,3557.526773003943,0.215623509734869,0.20303650200366974,0.03965336715436711,18.39009447676877,0.253364098072052,0.29886309951543794,0.3845833322405815,0.19332599639892578,0.3870919942855835,0,,nan,nan,nan,nan,nan,nan,nan,nan,nan,nan,nan,nan,nan,nan,nan,nan,nan,nan,nan,nan,nan,nan,nan,nan,nan,nan,nan,nan,nan,nan,nan,nan,nan,nan,nan,nan,nan,nan,2026-09-03T18:39:11.478666+00:00,2026-09-03T18:39:11.506781+00:00,94071.653537903,94071.681647319
100,83,1,99,99.0,ac3023a27ceabb6c72cb090d4b1c1de455826ac2ed7041408df172f614329811,0.02737241100112442,3653.313549759725,0.2099378800392151,0.20044349879026413,0.03115315129425127,14.839223530518671,0.225365598499775,0.2602673977613449,0.36630786120891584,0.19197799265384674,0.3922309875488281,0,,nan,nan,nan,nan,nan,nan,nan,nan,nan,nan,nan,nan,nan,nan,nan,nan,nan,nan,nan,nan,nan,nan,nan,nan,nan,nan,nan,nan,nan,nan,nan,nan,nan,nan,nan,nan,nan,nan,2026-09-03T18:39:11.509658+00:00,2026-09-03T18:39:11.537036+00:00,94071.684530656,94071.711903067
100,84,1,99,99.0,ac3023a27ceabb6c72cb090d4b1c1de455826ac2ed7041408df172f614329811,0.027872934995684773,3587.709726854448,0.21290582031011582,0.2038240060210228,0.02799590185288597,13.149430021268328,0.22994869947433472,0.2817171573638916,0.3064335328340534,0.19493399560451508,0.3723199963569641,1,P2,28.09,0.0,28.09,28.09,27.92,0.4389999999999965,0.7829507440287853,0.012236218463105518,7.829507440287853,0.12236218463105518,25.0,0.0,25.0,25.0,1.0,0.0,1.0,1.0,701.0,0.0,701.0,701.0,1755.0,0.0,1755.0,1755.0,6801.0,0.0,6801.0,6801.0,44.0,0.0,44.0,44.0,30.0,0.0,30.0,30.0,2026-09-03T18:39:11.539563+00:00,2026-09-03T18:39:11.567441+00:00,94071.714434641,94071.742307576
100,85,1,99,99.0,ac3023a27ceabb6c72cb090d4b1c1de455826ac2ed7041408df172f614329811,0.05120876801083796,1952.7905841990914,0.39531446039676665,0.3776555061340332,0.09510332672278854,24.057639234177227,0.5195561110973358,0.5415091753005982,0.5768211328983307,0.24356600642204285,0.586438000202179,0,,nan,nan,nan,nan,nan,nan,nan,nan,nan,nan,nan,nan,nan,nan,nan,nan,nan,nan,nan,nan,nan,nan,nan,nan,nan,nan,nan,nan,nan,nan,nan,nan,nan,nan,nan,nan,nan,nan,2026-09-03T18:39:11.572436+00:00,2026-09-03T18:39:11.623655+00:00,94071.747311462,94071.79852023
100,86,1,99,99.0,ac3023a27ceabb6c72cb090d4b1c1de455826ac2ed7041408df172f614329811,0.03602264600340277,2776.0314994782393,0.27863535985350607,0.24295900017023087,0.09193189137165234,32.99361984063544,0.40487980246543886,0.48274100571870804,0.5222234606742866,0.19648900628089905,0.665028989315033,1,P2,28.09,0.0,28.09,28.09,27.92,0.4389999999999965,1.0118761262355838,0.01581394159549369,10.118761262355838,0.15813941595493688,25.0,0.0,25.0,25.0,1.0,0.0,1.0,1.0,701.0,0.0,701.0,701.0,1755.0,0.0,1755.0,1755.0,6801.0,0.0,6801.0,6801.0,44.0,0.0,44.0,44.0,31.0,0.0,31.0,31.0,2026-09-03T18:39:11.628928+00:00,2026-09-03T18:39:11.664965+00:00,94071.803808771,94071.839831417
100,87,1,99,99.0,ac3023a27ceabb6c72cb090d4b1c1de455826ac2ed7041408df172f614329811,0.03380672699131537,2957.99117216195,0.2584257498383522,0.23318500071763992,0.06717615499295611,25.994373639227298,0.3425274044275284,0.3901056930422782,0.4593845447897916,0.19657400250434875,0.5558649897575378,0,,nan,nan,nan,nan,nan,nan,nan,nan,nan,nan,nan,nan,nan,nan,nan,nan,nan,nan,nan,nan,nan,nan,nan,nan,nan,nan,nan,nan,nan,nan,nan,nan,nan,nan,nan,nan,nan,nan,2026-09-03T18:39:11.668844+00:00,2026-09-03T18:39:11.702661+00:00,94071.843720171,94071.877526898
100,88,1,99,99.0,ac3023a27ceabb6c72cb090d4b1c1de455826ac2ed7041408df172f614329811,0.054294970992486924,1841.7912040847673,0.41441999927163126,0.4691855013370514,0.12392393332249757,29.90298092280815,0.5358963966369629,0.5601254224777221,0.6340887939929967,0.20051799714565277,0.7178199887275696,1,P2,28.09,0.0,28.09,28.09,27.92,0.4389999999999965,1.5251457351789577,0.023835492265701568,15.251457351789577,0.2383549226570157,25.0,0.0,25.0,25.0,1.0,0.0,1.0,1.0,701.0,0.0,701.0,701.0,1755.0,0.0,1755.0,1755.0,6801.0,0.0,6801.0,6801.0,44.0,0.0,44.0,44.0,30.0,0.0,30.0,30.0,2026-09-03T18:39:11.706378+00:00,2026-09-03T18:39:11.760684+00:00,94071.881255358,94071.935550329
100,89,1,99,99.0,ac3023a27ceabb6c72cb090d4b1c1de455826ac2ed7041408df172f614329811,0.02986942599818576,3347.904978357264,0.22547558963298797,0.20878800004720688,0.04001925215614514,17.748818052227044,0.2932289958000184,0.3109262362122535,0.3567812350392342,0.19606199860572815,0.3697740137577057,0,,nan,nan,nan,nan,nan,nan,nan,nan,nan,nan,nan,nan,nan,nan,nan,nan,nan,nan,nan,nan,nan,nan,nan,nan,nan,nan,nan,nan,nan,nan,nan,nan,nan,nan,nan,nan,nan,nan,2026-09-03T18:39:11.763429+00:00,2026-09-03T18:39:11.793305+00:00,94071.938301802,94071.968171228
100,90,1,99,99.0,ac3023a27ceabb6c72cb090d4b1c1de455826ac2ed7041408df172f614329811,0.028523118002340198,3505.9280683056963,0.2120205307006836,0.20453399419784546,0.026882156592919027,12.679034668991305,0.22040840089321145,0.28093335032463074,0.31478184610605264,0.19449399411678314,0.3567430078983307,0,,nan,nan,nan,nan,nan,nan,nan,nan,nan,nan,nan,nan,nan,nan,nan,nan,nan,nan,nan,nan,nan,nan,nan,nan,nan,nan,nan,nan,nan,nan,nan,nan,nan,nan,nan,nan,nan,nan,2026-09-03T18:39:11.796112+00:00,2026-09-03T18:39:11.824641+00:00,94071.970984102,94071.99950722
100,91,1,99,99.0,ac3023a27ceabb6c72cb090d4b1c1de455826ac2ed7041408df172f614329811,0.028116743997088633,3556.599583876233,0.21453861087560655,0.20557599514722824,0.026213740853141404,12.218658798131502,0.23431179821491246,0.27607676237821577,0.31539247393608105,0.19603300094604492,0.3352380096912384,0,,nan,nan,nan,nan,nan,nan,nan,nan,nan,nan,nan,nan,nan,nan,nan,nan,nan,nan,nan,nan,nan,nan,nan,nan,nan,nan,nan,nan,nan,nan,nan,nan,nan,nan,nan,nan,nan,nan,2026-09-03T18:39:11.827467+00:00,2026-09-03T18:39:11.855589+00:00,94072.002339251,94072.030455995
100,92,1,99,99.0,ac3023a27ceabb6c72cb090d4b1c1de455826ac2ed7041408df172f614329811,0.04455620399676263,2244.3563640938937,0.34154596030712125,0.3515170067548752,0.09714303958779544,28.44215738943114,0.4662060081958771,0.4740850627422333,0.5280096530914311,0.20211699604988098,0.6108400225639343,1,P2,28.09,0.0,28.09,28.09,27.92,0.4389999999999965,1.2515837702690624,0.01956017355457864,12.515837702690623,0.1956017355457864,25.0,0.0,25.0,25.0,1.0,0.0,1.0,1.0,701.0,0.0,701.0,701.0,1755.0,0.0,1755.0,1755.0,6801.0,0.0,6801.0,6801.0,44.0,0.0,44.0,44.0,30.0,0.0,30.0,30.0,2026-09-03T18:39:11.858241+00:00,2026-09-03T18:39:11.902804+00:00,94072.033113273,94072.077669477
100,93,1,99,99.0,ac3023a27ceabb6c72cb090d4b1c1de455826ac2ed7041408df172f614329811,0.057547762989997864,1737.6870064850407,0.43759351804852487,0.44412100315093994,0.11102793822405256,25.372390962093878,0.5587674915790558,0.585501530766487,0.6675484722852713,0.22731199860572815,0.7789679765701294,1,P2,28.09,0.0,28.09,28.09,27.92,0.4389999999999965,1.61651666238904,0.02526346795260886,16.1651666238904,0.2526346795260886,25.0,0.0,25.0,25.0,1.0,0.0,1.0,1.0,701.0,0.0,701.0,701.0,1755.0,0.0,1755.0,1755.0,6801.0,0.0,6801.0,6801.0,44.0,0.0,44.0,44.0,31.0,0.0,31.0,31.0,2026-09-03T18:39:11.907775+00:00,2026-09-03T18:39:11.965334+00:00,94072.082652341,94072.140200104
100,94,1,99,99.0,ac3023a27ceabb6c72cb090d4b1c1de455826ac2ed7041408df172f614329811,0.028330055996775627,3529.820061470456,0.21521642088890075,0.2075910046696663,0.02490916178920673,11.574006149867794,0.2324538975954057,0.2574855521321296,0.3175645262002945,0.1968120038509369,0.32128000259399414,0,,nan,nan,nan,nan,nan,nan,nan,nan,nan,nan,nan,nan,nan,nan,nan,nan,nan,nan,nan,nan,nan,nan,nan,nan,nan,nan,nan,nan,nan,nan,nan,nan,nan,nan,nan,nan,nan,nan,2026-09-03T18:39:11.968167+00:00,2026-09-03T18:39:11.996502+00:00,94072.143038762,94072.171368818
100,95,1,99,99.0,ac3023a27ceabb6c72cb090d4b1c1de455826ac2ed7041408df172f614329811,0.0290225070057204,3445.6017180145664,0.2199002605676651,0.2092204988002777,0.03462340357394276,15.745048907429036,0.24851299971342095,0.2814826905727386,0.3241552516818053,0.19849300384521484,0.45535600185394287,0,,nan,nan,nan,nan,nan,nan,nan,nan,nan,nan,nan,nan,nan,nan,nan,nan,nan,nan,nan,nan,nan,nan,nan,nan,nan,nan,nan,nan,nan,nan,nan,nan,nan,nan,nan,nan,nan,nan,2026-09-03T18:39:11.999246+00:00,2026-09-03T18:39:12.028274+00:00,94072.174118506,94072.203141013
100,96,1,99,99.0,ac3023a27ceabb6c72cb090d4b1c1de455826ac2ed7041408df172f614329811,0.034019423997960985,2939.4971533319813,0.23164863944053649,0.21184050291776657,0.04965983933978416,21.437570045617164,0.2994729936122894,0.3338932141661644,0.4198765766620639,0.1947219967842102,0.47765201330184937,1,P2,28.03,0.0,28.03,28.03,27.94,0.3789999999999978,0.9535644546628465,0.012893361695227137,9.535644546628465,0.12893361695227137,25.0,0.0,25.0,25.0,1.0,0.0,1.0,1.0,701.0,0.0,701.0,701.0,1755.0,0.0,1755.0,1755.0,6801.0,0.0,6801.0,6801.0,44.0,0.0,44.0,44.0,31.0,0.0,31.0,31.0,2026-09-03T18:39:12.031268+00:00,2026-09-03T18:39:12.065293+00:00,94072.206139948,94072.240159372
100,97,1,99,99.0,ac3023a27ceabb6c72cb090d4b1c1de455826ac2ed7041408df172f614329811,0.03446065699972678,2901.859938444959,0.21938460007309912,0.20679450035095215,0.04147355282025277,18.904495942939363,0.2528607934713364,0.28435363918542855,0.4250744375586511,0.19468900561332703,0.45491600036621094,0,,nan,nan,nan,nan,nan,nan,nan,nan,nan,nan,nan,nan,nan,nan,nan,nan,nan,nan,nan,nan,nan,nan,nan,nan,nan,nan,nan,nan,nan,nan,nan,nan,nan,nan,nan,nan,nan,nan,2026-09-03T18:39:12.068186+00:00,2026-09-03T18:39:12.102652+00:00,94072.243057924,94072.277518581
100,98,1,99,99.0,ac3023a27ceabb6c72cb090d4b1c1de455826ac2ed7041408df172f614329811,0.03595701599260792,2781.098409850197,0.23171147033572198,0.21503400057554245,0.04324679253253594,18.66407065212462,0.2886730998754502,0.33897215127944946,0.38291950553655646,0.20056000351905823,0.42643100023269653,0,,nan,nan,nan,nan,nan,nan,nan,nan,nan,nan,nan,nan,nan,nan,nan,nan,nan,nan,nan,nan,nan,nan,nan,nan,nan,nan,nan,nan,nan,nan,nan,nan,nan,nan,nan,nan,nan,nan,2026-09-03T18:39:12.105408+00:00,2026-09-03T18:39:12.141371+00:00,94072.28028041,94072.316237426
100,99,1,99,99.0,ac3023a27ceabb6c72cb090d4b1c1de455826ac2ed7041408df172f614329811,0.03380353801185265,2958.2702249964677,0.24737192034721375,0.23826449364423752,0.04471897194356583,18.07762654742617,0.30356941223144535,0.3180770635604858,0.365727991461754,0.19576600193977356,0.3924559950828552,1,P2,28.03,0.0,28.03,28.03,27.94,0.3789999999999978,0.9475131704722298,0.01281154090649208,9.475131704722298,0.1281154090649208,25.0,0.0,25.0,25.0,1.0,0.0,1.0,1.0,701.0,0.0,701.0,701.0,1755.0,0.0,1755.0,1755.0,6801.0,0.0,6801.0,6801.0,44.0,0.0,44.0,44.0,31.0,0.0,31.0,31.0,2026-09-03T18:39:12.144313+00:00,2026-09-03T18:39:12.178123+00:00,94072.319185797,94072.352989335
100,100,1,99,99.0,ac3023a27ceabb6c72cb090d4b1c1de455826ac2ed7041408df172f614329811,0.02924931100278627,3418.8839521886193,0.22312514036893843,0.2072025015950203,0.05154910918919963,23.10322767930272,0.2713618069887162,0.32220601141452787,0.4242682310938842,0.19365400075912476,0.5494269728660583,0,,nan,nan,nan,nan,nan,nan,nan,nan,nan,nan,nan,nan,nan,nan,nan,nan,nan,nan,nan,nan,nan,nan,nan,nan,nan,nan,nan,nan,nan,nan,nan,nan,nan,nan,nan,nan,nan,nan,2026-09-03T18:39:12.181062+00:00,2026-09-03T18:39:12.210317+00:00,94072.355934241,94072.385183552
