sample_size,repetition,batch_size,correct,accuracy_percent,prediction_sha256,start_epoch_s,end_epoch_s,start_monotonic_s,end_monotonic_s,wall_time_s,process_cpu_time_s,cpu_time_per_inference_ms,throughput_fps,latency_mean_ms,latency_median_ms,latency_std_ms,latency_cv_percent,latency_p90_ms,latency_p95_ms,latency_p99_ms,latency_min_ms,latency_max_ms,telemetry_samples,cpu_system_utilization_mean_percent,cpu_process_utilization_mean_percent,cpu_process_utilization_normalized_percent,cpu_frequency_psutil_mean_mhz,cpu_package_temperature_psutil_mean_c,process_rss_mean_mib,started_utc,ended_utc,rapl_samples,rapl_coverage_s,rapl_coverage_percent,cpu_busy_percent_turbostat,cpu_busy_frequency_mhz,cpu_package_temperature_mean_c,cpu_package_temperature_max_c,power_package_mean_w,power_cores_mean_w,energy_package_j,energy_cores_j,power_dynamic_mean_w,energy_dynamic_j,energy_per_inference_mj,dynamic_energy_per_inference_mj
1000,1,1,988,98.8,8c2ba3f275180f2816dfe582f6465bf94e33b85200aba407836d135d721bf2f9,1788466608.3000472,1788466608.7033834,99928.474914082,99928.878250234,0.4033361519977916,1.1675082779999997,1.167508278,2479.3215164245316,0.3575078341662884,0.3323180079460144,0.10598165038841663,29.644567268173805,0.435494601726532,0.4910268604755398,0.84799277305603,0.25133299827575684,1.0665819644927979,2,12.05,292.85,12.202083333333334,3.665333333333333,58.0,753.29296875,2026-09-03T20:16:48.300054+00:00,2026-09-03T20:16:48.703370+00:00,5,0.401033878326416,99.42915916688094,17.583379074918938,3274.957971722735,57.503868475403344,59.0,41.00246184138715,32.16752071569471,16.537780698299947,12.974328352821225,28.43594289148613,11.469243784280971,16.537780698299947,11.469243784280973
1000,2,1,988,98.8,8c2ba3f275180f2816dfe582f6465bf94e33b85200aba407836d135d721bf2f9,1788466608.7152927,1788466609.1052144,99928.890159565,99929.280081094,0.38992152900027577,1.118979845000002,1.118979845000002,2564.6185850879056,0.3456664981842041,0.32906998693943024,0.08875547942002164,25.67662179767397,0.4036969929933548,0.4502571582794189,0.8279822039604186,0.24451899528503418,0.9894530177116394,2,11.05,281.05,11.710416666666667,3.198479166666666,58.0,754.48828125,2026-09-03T20:16:48.715298+00:00,2026-09-03T20:16:49.105200+00:00,5,0.3865072727203369,99.12433886697852,16.525647126169478,3380.660822180098,56.12385010693165,59.0,41.1883272953602,32.476888699172,16.060221165465556,12.66344252182504,28.621809053855866,11.160259549033416,16.060221165465556,11.160259549033416
1000,3,1,988,98.8,8c2ba3f275180f2816dfe582f6465bf94e33b85200aba407836d135d721bf2f9,1788466609.2172008,1788466609.6798167,99929.392067854,99929.854683218,0.4626153639983386,1.2989455200000002,1.2989455200000002,2161.6229762822823,0.4094631006270647,0.34380149841308594,0.1553269051923225,37.93428637512147,0.6265114068984986,0.6811339735984803,0.9381710904836651,0.2491369992494583,1.5054700374603271,2,8.65,215.39999999999998,8.975,1.8114166666666667,58.0,754.48828125,2026-09-03T20:16:49.217217+00:00,2026-09-03T20:16:49.679801+00:00,6,0.4602935314178467,99.49797768652286,15.55167805425329,2943.909054180257,55.48852513530691,58.0,33.870157152321205,25.282515022446262,15.668875496583166,11.696095130165494,21.303668658201385,9.85540443081383,15.668875496583166,9.85540443081383
1000,4,1,988,98.8,8c2ba3f275180f2816dfe582f6465bf94e33b85200aba407836d135d721bf2f9,1788466609.6835668,1788466610.0921152,99929.858433688,99930.266981668,0.4085479799978202,1.2116357119999996,1.2116357119999996,2447.692924599298,0.3627074308693409,0.32849249243736267,0.1256161996723486,34.632926976784134,0.4557050049304962,0.5948237746953963,0.941980036497116,0.25579598546028137,1.809324026107788,3,13.533333333333333,287.70000000000005,11.987500000000002,3.1946388888888877,57.333333333333336,754.4947916666666,2026-09-03T20:16:49.683572+00:00,2026-09-03T20:16:50.092097+00:00,5,0.40601396560668945,99.37965984584285,18.021681286429516,3293.2618403636993,55.71012234093154,57.0,41.39366524834023,32.7252051327523,16.911313848874535,13.36982872737912,28.827170625849075,11.777282328243139,16.911313848874535,11.777282328243139
1000,5,1,988,98.8,8c2ba3f275180f2816dfe582f6465bf94e33b85200aba407836d135d721bf2f9,1788466610.096428,1788466610.601322,99930.271295204,99930.776188487,0.5048932829959085,1.4541866529999972,1.4541866529999972,1980.616565279407,0.44619649347662926,0.398826003074646,0.1643891994967891,36.84233334419949,0.6414851844310762,0.7120052605867385,1.1027789068222045,0.24825799465179443,1.2626479864120483,3,11.166666666666666,286.6333333333334,11.943055555555558,2.242861111111111,57.0,754.5,2026-09-03T20:16:50.096442+00:00,2026-09-03T20:16:50.601307+00:00,6,0.49951958656311035,98.93553272238144,17.048622882417714,2681.6455778309487,54.49355149567785,58.0,31.151497725447072,22.59573068491464,15.728204858714825,11.408449259066426,18.5850104575594,9.383446944430457,15.728204858714825,9.383446944430457
1000,6,1,988,98.8,8c2ba3f275180f2816dfe582f6465bf94e33b85200aba407836d135d721bf2f9,1788466610.6058424,1788466611.0060823,99930.780709302,99931.180948761,0.4002394590061158,1.1585936439999998,1.1585936439999998,2498.5042766228594,0.3550383016765118,0.3203134983778,0.12138072788096271,34.188065712289564,0.46872460544109346,0.5785594671964644,0.9688685244321822,0.25322699546813965,1.0797569751739502,2,11.05,289.1,12.045833333333334,3.646520833333333,57.0,754.5,2026-09-03T20:16:50.605847+00:00,2026-09-03T20:16:51.006065+00:00,5,0.3981335163116455,99.47370866513218,17.676564821817923,3264.4101148995774,57.84477747975469,60.0,41.53879420417955,32.88528014070363,16.62548468513344,13.162002697001247,28.972311959014515,11.595862464632388,16.62548468513344,11.595862464632388
1000,7,1,988,98.8,8c2ba3f275180f2816dfe582f6465bf94e33b85200aba407836d135d721bf2f9,1788466611.010022,1788466611.4533377,99931.184888863,99931.628204098,0.44331523499567993,1.2791143470000002,1.2791143470000002,2255.731184175849,0.3928756087422371,0.3483455032110214,0.13348083452995285,33.975342719106976,0.5583168208599091,0.6223307520151137,0.9425539028644561,0.25491300225257874,1.0790410041809082,3,10.6,283.8333333333333,11.826388888888888,3.2780972222222218,59.0,754.5026041666666,2026-09-03T20:16:51.010028+00:00,2026-09-03T20:16:51.453313+00:00,5,0.4378042221069336,98.75675015771208,17.72554972433458,3044.1610954514663,56.48847400511032,60.0,36.88262553069133,28.391588234717506,16.350648592565772,12.586438072972767,24.31613528403233,10.779713227627537,16.350648592565772,10.779713227627537
1000,8,1,988,98.8,8c2ba3f275180f2816dfe582f6465bf94e33b85200aba407836d135d721bf2f9,1788466611.4576807,1788466611.8905492,99931.632547771,99932.065415555,0.4328677839948796,1.2643108759999997,1.2643108759999997,2310.174230965243,0.384108812212944,0.33923500776290894,0.13965185178088002,36.35736732419958,0.5335579216480255,0.6317673504352568,0.9934071391820907,0.2512100040912628,1.7665159702301025,3,10.766666666666666,290.46666666666664,12.102777777777776,2.4833611111111105,59.0,754.5065104166666,2026-09-03T20:16:51.457694+00:00,2026-09-03T20:16:51.890519+00:00,5,0.42925214767456055,99.16456541208274,17.193940854714526,3105.775839334731,56.98314221062489,60.0,37.278047643486445,28.719418433760232,16.136491846241096,12.43173102350313,24.7115750136477,10.696844715180916,16.136491846241096,10.696844715180916
1000,9,1,988,98.8,8c2ba3f275180f2816dfe582f6465bf94e33b85200aba407836d135d721bf2f9,1788466611.8947647,1788466612.3304236,99932.069631598,99932.505290061,0.4356584630004363,1.2353487459999961,1.2353487459999961,2295.3760455216925,0.38580539435148237,0.3425389975309372,0.14521212027630837,37.63869619303845,0.5468912959098816,0.6202437758445738,0.9407388174533843,0.2518390119075775,2.513622999191284,2,13.05,283.79999999999995,11.824999999999998,2.817916666666666,58.5,754.5078125,2026-09-03T20:16:51.894772+00:00,2026-09-03T20:16:52.330403+00:00,6,0.4318995475769043,99.1370808948353,17.720887211719674,3145.2043203545313,57.46307019858483,60.0,38.80473373159969,30.276971225237617,16.905628843660324,13.190432940072904,26.23824285449925,11.430912553823324,16.905628843660324,11.430912553823324
1000,10,1,988,98.8,8c2ba3f275180f2816dfe582f6465bf94e33b85200aba407836d135d721bf2f9,1788466612.335004,1788466612.7778842,99932.509871351,99932.952750613,0.44287926200195216,1.275472575000002,1.275472575000002,2257.951739441781,0.3910618216097355,0.3364344984292984,0.14532185995090358,37.16084054247799,0.5935767114162445,0.6787514954805373,0.9782915133237836,0.2530690133571625,1.2192109823226929,3,11.0,283.99999999999994,11.83333333333333,2.7549305555555557,58.0,754.5078125,2026-09-03T20:16:52.335018+00:00,2026-09-03T20:16:52.777862+00:00,5,0.44060778617858887,99.48691142317884,17.2285606179077,3065.177164167717,55.525623050978794,57.0,36.601914122128115,27.93549640890391,16.21026135051203,12.372076942032162,24.035455185475268,10.64480465442428,16.21026135051203,10.64480465442428
1000,11,1,988,98.8,8c2ba3f275180f2816dfe582f6465bf94e33b85200aba407836d135d721bf2f9,1788466612.781572,1788466613.2529943,99932.956439193,99933.427860766,0.47142157299094833,1.370791441999998,1.3707914419999978,2121.2436114356624,0.4175006753504276,0.3598234951496124,0.14786486813267516,35.416677591854274,0.6001924872398376,0.6764293581247328,0.9933011639118194,0.2492150068283081,1.1722170114517212,3,11.666666666666666,287.1666666666667,11.965277777777779,2.858986111111111,58.0,754.5078125,2026-09-03T20:16:52.781584+00:00,2026-09-03T20:16:53.252980+00:00,6,0.4671635627746582,99.09664146042458,17.284312931440127,2917.3939470028467,56.90795161440136,59.0,34.236613748107864,25.579025143077615,16.1398996173784,12.058520190025723,21.67012632485758,10.215765038976919,16.1398996173784,10.215765038976919
1000,12,1,988,98.8,8c2ba3f275180f2816dfe582f6465bf94e33b85200aba407836d135d721bf2f9,1788466613.2571032,1788466613.6741493,99933.43197014,99933.849016,0.4170458599983249,1.1949744069999966,1.1949744069999966,2397.817832321886,0.370225854665041,0.32959648966789246,0.12138554128453116,32.786889342008216,0.5193896055221557,0.6145662248134612,0.8871097499132156,0.24751800298690796,1.1953680515289307,2,12.0,283.45000000000005,11.810416666666669,2.7996041666666667,57.0,754.5078125,2026-09-03T20:16:53.257110+00:00,2026-09-03T20:16:53.674128+00:00,5,0.4148728847503662,99.47891000435624,17.79770681390699,3239.150115826477,57.89354825547683,59.0,40.17743615751481,31.596082881300703,16.755841856140076,13.17702219616486,27.61092377049888,11.515021449215896,16.755841856140076,11.515021449215896
1000,13,1,988,98.8,8c2ba3f275180f2816dfe582f6465bf94e33b85200aba407836d135d721bf2f9,1788466613.6784286,1788466614.144093,99933.853295462,99934.318959455,0.46566399300354533,1.336228098999996,1.3362280989999957,2147.471170252982,0.41305061560869216,0.36078350245952606,0.14716017523025773,35.627637308661335,0.6029251217842102,0.6532800763845442,0.9655703324079512,0.24803699553012848,1.9021650552749634,3,12.5,287.40000000000003,11.975000000000001,3.2159999999999997,57.0,754.5091145833334,2026-09-03T20:16:53.678434+00:00,2026-09-03T20:16:54.144076+00:00,6,0.46013569831848145,98.81273110246178,17.52659189439721,2904.1521952134485,56.95594287724702,59.0,34.05202743699445,25.55246631387669,15.856816474017254,11.898873555982707,21.485523602225356,10.005034712384177,15.856816474017254,10.005034712384177
1000,14,1,988,98.8,8c2ba3f275180f2816dfe582f6465bf94e33b85200aba407836d135d721bf2f9,1788466614.1463106,1788466614.5770478,99934.321177751,99934.751914439,0.4307366879947949,1.2520945099999992,1.2520945099999992,2321.6039586859715,0.38225879427790643,0.33923399448394775,0.12998418102059042,34.004235603299286,0.5344545781612396,0.6221509337425232,0.9666609132289885,0.25331100821495056,1.2241909503936768,3,10.333333333333334,285.8333333333333,11.909722222222221,2.6821805555555556,57.333333333333336,754.51171875,2026-09-03T20:16:54.146319+00:00,2026-09-03T20:16:54.577028+00:00,5,0.4285910129547119,99.50172779016108,17.561325019845455,3123.725238242786,56.30630198131885,58.0,38.10361986625805,29.561061658028493,16.41264870310689,12.733050612698928,25.537137573935883,10.999782059464575,16.41264870310689,10.999782059464575
1000,15,1,988,98.8,8c2ba3f275180f2816dfe582f6465bf94e33b85200aba407836d135d721bf2f9,1788466614.5814826,1788466615.032398,99934.756349678,99935.20726459,0.45091491199855227,1.3003342800000013,1.3003342800000015,2217.7133055276086,0.3986499367505312,0.35721200704574585,0.13061478199628168,32.764280125301596,0.556913822889328,0.6347658216953276,0.9652557957172394,0.24810899794101715,1.0792380571365356,3,11.466666666666667,288.46666666666664,12.019444444444444,2.764958333333333,58.0,754.51953125,2026-09-03T20:16:54.581493+00:00,2026-09-03T20:16:55.032382+00:00,6,0.44644784927368164,99.00924032240667,17.165817558842598,2967.827524461453,55.47976329452326,58.0,34.35005719510098,25.959861209759158,15.48896760266347,11.705699555718532,21.783556913593596,9.822530648708511,15.48896760266347,9.822530648708511
1000,16,1,988,98.8,8c2ba3f275180f2816dfe582f6465bf94e33b85200aba407836d135d721bf2f9,1788466615.1640162,1788466615.5897412,99935.338883367,99935.764607776,0.4257244089967571,1.216971705000006,1.2169717050000057,2348.937431979892,0.3764257849007845,0.3284260034561157,0.14234137266037905,37.81392730519147,0.5813221096992492,0.6614883333444596,0.9278291612863538,0.24641400575637817,1.5541670322418213,2,7.2,202.1,8.420833333333333,2.2833541666666664,58.0,754.5234375,2026-09-03T20:16:55.164035+00:00,2026-09-03T20:16:55.589723+00:00,5,0.4189944267272949,98.41903652512852,15.63838422888488,3061.375041396617,58.01614894815607,60.0,35.86878601790155,27.457913109782123,15.270238325425472,11.689519597790039,23.302301770126597,9.920358649351233,15.270238325425472,9.920358649351233
1000,17,1,988,98.8,8c2ba3f275180f2816dfe582f6465bf94e33b85200aba407836d135d721bf2f9,1788466615.593823,1788466616.0472004,99935.768690055,99936.222067103,0.45337704799021594,1.308322001999997,1.3083220019999973,2205.669661560769,0.4015772546231747,0.3596465140581131,0.13612383994736713,33.89729831065774,0.5437442004680634,0.6163871109485625,1.0077434015274047,0.25336599349975586,1.292633056640625,3,11.833333333333334,289.46666666666664,12.06111111111111,2.8985833333333333,56.0,754.5234375,2026-09-03T20:16:55.593831+00:00,2026-09-03T20:16:56.047184+00:00,6,0.44956111907958984,99.1582364983648,17.791367853983566,3000.893586961364,56.12712161035556,60.0,36.548375569316015,27.931731632863034,16.570210606512557,12.663618247091113,23.98187819273797,10.872833140284476,16.570210606512557,10.872833140284476
1000,18,1,988,98.8,8c2ba3f275180f2816dfe582f6465bf94e33b85200aba407836d135d721bf2f9,1788466616.0514793,1788466616.4585876,99936.226346146,99936.633454012,0.40710786600538995,1.1478099910000026,1.1478099910000026,2456.351457445827,0.3595786750614643,0.33059850335121155,0.11748666274789647,32.673423341307426,0.4391348987817764,0.5480949342250823,0.9582981657981872,0.24856799840927124,1.136680006980896,3,11.1,279.76666666666665,11.656944444444443,3.4584444444444435,56.0,754.5234375,2026-09-03T20:16:56.051486+00:00,2026-09-03T20:16:56.458560+00:00,5,0.40500593185424805,99.48358336222486,17.37603420932727,3316.4355878962842,57.64151377685996,59.0,41.17932602703921,32.54688095375454,16.764445697523694,13.250105599463035,28.612837994664503,11.648511416365807,16.764445697523694,11.648511416365807
1000,19,1,988,98.8,8c2ba3f275180f2816dfe582f6465bf94e33b85200aba407836d135d721bf2f9,1788466616.4636354,1788466616.9132047,99936.638502746,99937.088071319,0.44956857299257535,1.295331069999996,1.295331069999996,2224.3547704935218,0.39756285420060156,0.35062800347805023,0.13161655536732253,33.10584828956673,0.5683288276195526,0.6385348320007324,0.9254263693094252,0.25054600834846497,1.0625649690628052,3,12.033333333333331,280.6666666666667,11.694444444444445,2.1759444444444447,56.333333333333336,754.5234375,2026-09-03T20:16:56.463651+00:00,2026-09-03T20:16:56.913189+00:00,5,0.44613194465637207,99.23542794715824,17.166733044287316,3050.461266034385,57.49931835659543,59.0,36.69136245312532,27.95658510281833,16.495307393666913,12.568420307022889,24.124883064140818,10.845789252758536,16.495307393666913,10.845789252758536
1000,20,1,988,98.8,8c2ba3f275180f2816dfe582f6465bf94e33b85200aba407836d135d721bf2f9,1788466616.917333,1788466617.3219497,99937.092200045,99937.496816196,0.4046161510050297,1.1917514300000036,1.1917514300000036,2471.478208460268,0.3590890658348799,0.3263060003519058,0.11874767179090918,33.069141638947315,0.47042679190635683,0.5942250669002531,0.9207627713680266,0.246055006980896,1.1175190210342407,3,12.066666666666668,292.76666666666665,12.198611111111111,2.8322083333333334,57.0,754.5234375,2026-09-03T20:16:56.917341+00:00,2026-09-03T20:16:57.321934+00:00,5,0.3994872570037842,98.73223867264241,17.541978710541063,3197.9564727486927,56.64246695604066,58.0,39.317231146874704,30.659883508368193,15.908413538485766,12.405504957123409,26.75076476382263,10.823791475178885,15.908413538485766,10.823791475178885
1000,21,1,988,98.8,8c2ba3f275180f2816dfe582f6465bf94e33b85200aba407836d135d721bf2f9,1788466617.3264077,1788466617.728041,99937.501274821,99937.902907409,0.40163258800748736,1.2066124330000036,1.2066124330000036,2489.8378016610486,0.35615322743356226,0.32765451073646545,0.11298457420028778,31.723585664084485,0.4363822937011719,0.5037351757287976,0.927653767466545,0.24890099465847015,1.076781988143921,3,11.866666666666667,295.2,12.299999999999999,3.276152777777778,57.0,754.5234375,2026-09-03T20:16:57.326417+00:00,2026-09-03T20:16:57.728023+00:00,5,0.3971669673919678,98.88796679512659,17.848884730156996,3208.965755394129,57.10223436958794,58.0,40.25525945184379,31.53875441144072,16.167851191833353,12.667012833688144,27.688794441338082,11.120722170281944,16.167851191833353,11.120722170281944
1000,22,1,988,98.8,8c2ba3f275180f2816dfe582f6465bf94e33b85200aba407836d135d721bf2f9,1788466617.7324278,1788466618.184719,99937.907294709,99938.359585725,0.4522910160012543,1.3029095140000067,1.3029095140000069,2210.965870693365,0.40077866840362547,0.3465230017900467,0.14059860446204375,35.081359250499446,0.5937720894813537,0.6578724145889282,0.982230783700943,0.2585510015487671,1.098960041999817,3,11.966666666666669,289.3333333333333,12.055555555555555,2.176902777777778,59.0,754.5234375,2026-09-03T20:16:57.732436+00:00,2026-09-03T20:16:58.184705+00:00,6,0.4489138126373291,99.25326046218149,17.88423852065,3035.3331054910004,56.336558178663445,58.0,36.35761480943299,27.738191585129382,16.444231057498556,12.545741351126418,23.791101010205924,10.760501247694506,16.444231057498556,10.760501247694506
1000,23,1,988,98.8,8c2ba3f275180f2816dfe582f6465bf94e33b85200aba407836d135d721bf2f9,1788466618.189319,1788466618.6118598,99938.364186113,99938.786726242,0.4225401290023001,1.2258307630000047,1.2258307630000047,2366.639122208808,0.37469692960381507,0.33881600201129913,0.12124117927081873,32.357131775542655,0.4849779039621353,0.5543774038553237,0.9560291028022766,0.25033700466156006,1.0756839513778687,3,11.1,283.7,11.820833333333333,3.2276666666666665,60.0,754.5234375,2026-09-03T20:16:58.189329+00:00,2026-09-03T20:16:58.611844+00:00,5,0.4169914722442627,98.68665239114918,17.636311469082994,3076.0629489379294,58.27050084363024,60.0,37.71638901102293,29.03859395342109,15.936717074065342,12.269993713583904,25.149925479336886,10.626852756437241,15.936717074065342,10.626852756437241
1000,24,1,988,98.8,8c2ba3f275180f2816dfe582f6465bf94e33b85200aba407836d135d721bf2f9,1788466618.616258,1788466619.069663,99938.791124779,99939.244529469,0.4534046899934765,1.3192131770000017,1.3192131770000017,2205.535192003391,0.4023679426908493,0.3593044877052307,0.13537813131419874,33.6453571347789,0.5720514953136444,0.6279497176408767,0.9660901600122451,0.24756599962711334,1.1086620092391968,3,12.766666666666666,292.3666666666667,12.181944444444445,3.1255833333333327,60.0,754.5234375,2026-09-03T20:16:58.616267+00:00,2026-09-03T20:16:59.069637+00:00,6,0.45055556297302246,99.37151598106766,17.409741502523854,2935.1402855484303,56.488733267117055,60.0,34.97941689107705,26.370567794865714,15.859847476645031,11.956551031180437,22.412919121827546,10.16212264628108,15.859847476645031,10.16212264628108
1000,25,1,988,98.8,8c2ba3f275180f2816dfe582f6465bf94e33b85200aba407836d135d721bf2f9,1788466619.0748887,1788466619.492808,99939.249755749,99939.66767474,0.41791899100644514,1.2119442170000028,1.2119442170000028,2392.808227239853,0.3705846308916807,0.3369404971599579,0.12350230531527395,33.326343032119105,0.47528699934482577,0.5801246255636215,0.9676147723197936,0.24605299532413483,1.2911399602890015,2,11.149999999999999,289.25,12.052083333333334,2.9259999999999993,60.0,754.5234375,2026-09-03T20:16:59.074902+00:00,2026-09-03T20:16:59.492791+00:00,5,0.4158320426940918,99.50053654526462,18.10567668849613,3095.33606631631,58.81729072326197,60.0,38.52939168385771,29.745613000436894,16.10218015293889,12.431268659071641,25.962896518731206,10.850387516712892,16.10218015293889,10.850387516712892
1000,26,1,988,98.8,8c2ba3f275180f2816dfe582f6465bf94e33b85200aba407836d135d721bf2f9,1788466619.4972322,1788466619.930832,99939.672099047,99940.105698306,0.4335992589913076,1.2676771400000035,1.2676771400000033,2306.277004085118,0.3847900169193745,0.3414735049009323,0.1356673811254229,35.25751063179205,0.5457651972770691,0.6163194239139557,0.9430030149221419,0.2522389888763428,1.8361170291900635,3,10.4,286.70000000000005,11.945833333333335,3.11173611111111,60.0,754.5234375,2026-09-03T20:16:59.497239+00:00,2026-09-03T20:16:59.930811+00:00,5,0.4292464256286621,98.99601297446621,17.49270668021929,3005.701440243503,56.91677025533357,58.0,36.3616035303462,27.758923988691336,15.766380762782237,12.036261404302003,23.795108763135413,10.317541527313084,15.766380762782237,10.317541527313084
1000,27,1,988,98.8,8c2ba3f275180f2816dfe582f6465bf94e33b85200aba407836d135d721bf2f9,1788466619.936023,1788466620.3584056,99940.110890394,99940.533272091,0.4223816969897598,1.2320046239999982,1.2320046239999984,2367.526829705985,0.3744800622165203,0.33330950140953064,0.1325739772091813,35.40214569087752,0.49758958816528326,0.6647859364747999,0.9370044791698455,0.25085100531578064,1.2426120042800903,3,11.1,288.43333333333334,12.018055555555556,2.6716111111111105,60.0,754.5247395833334,2026-09-03T20:16:59.936036+00:00,2026-09-03T20:17:00.358389+00:00,5,0.41988515853881836,99.40872690859848,17.214695865031803,3177.1325220341987,58.31424838427233,60.0,38.923513786066415,30.40483283989902,16.44061468765951,12.84247213935803,26.357063742172933,11.132741311086273,16.44061468765951,11.132741311086273
1000,28,1,988,98.8,8c2ba3f275180f2816dfe582f6465bf94e33b85200aba407836d135d721bf2f9,1788466620.363174,1788466620.7891307,99940.538040859,99940.96399735,0.42595649100258015,1.2080979620000036,1.2080979620000036,2347.657615561357,0.3762839068770409,0.3376374989748001,0.13031551087618506,34.63223074240285,0.5271456003189087,0.6302342623472214,0.9466270583868026,0.2519890069961548,1.1386359930038452,3,11.799999999999999,287.43333333333334,11.97638888888889,3.212013888888889,60.0,754.52734375,2026-09-03T20:17:00.363186+00:00,2026-09-03T20:17:00.789115+00:00,6,0.4223814010620117,99.1606365639161,17.573027603358778,3213.0307282247195,60.28433231955818,63.0,39.02580803411161,30.174666069465047,16.623305422611125,12.853101969332146,26.45929694347617,11.270509280438404,16.623305422611125,11.270509280438404
1000,29,1,988,98.8,8c2ba3f275180f2816dfe582f6465bf94e33b85200aba407836d135d721bf2f9,1788466620.7933714,1788466621.1837938,99940.968238203,99941.358660151,0.39042194800276775,1.101983378,1.101983378,2561.331413655338,0.3458740479648113,0.3265035003423691,0.10003308095246086,28.921823288296572,0.3918990880250931,0.45141235291957843,0.8424743461608887,0.2536250054836273,1.0641640424728394,3,12.1,277.3666666666667,11.556944444444445,3.3789999999999996,60.0,754.54296875,2026-09-03T20:17:00.793379+00:00,2026-09-03T20:17:01.183777+00:00,5,0.3882308006286621,99.43867362828615,17.281757844405224,3504.323602058024,62.20415289512503,63.0,43.49152950395429,34.693502423914154,16.98006490211495,13.545118545122294,30.925041011974233,12.073814753960464,16.98006490211495,12.073814753960464
1000,30,1,988,98.8,8c2ba3f275180f2816dfe582f6465bf94e33b85200aba407836d135d721bf2f9,1788466621.1880693,1788466621.6162844,99941.362936325,99941.79115106,0.42821473500225693,1.2251834169999967,1.2251834169999964,2335.276949296781,0.37914020201563836,0.3395339995622635,0.12227865769408999,32.251567373761745,0.5422409772872926,0.6196214258670806,0.8725247824192047,0.2518549859523773,0.9875550270080566,3,11.966666666666667,282.09999999999997,11.754166666666665,3.300986111111111,59.333333333333336,754.54296875,2026-09-03T20:17:01.188076+00:00,2026-09-03T20:17:01.616269+00:00,5,0.41904664039611816,97.85892930318741,16.893141671441146,3235.7851569945306,59.55142810488567,62.0,38.186831422688435,29.25999293358193,16.352175043191785,12.529568659844612,25.620324821512625,10.971000604115774,16.352175043191785,10.971000604115774
1000,31,1,988,98.8,8c2ba3f275180f2816dfe582f6465bf94e33b85200aba407836d135d721bf2f9,1788466621.7463615,1788466622.150347,99941.921229041,99942.325213585,0.40398454399837647,1.137839631999995,1.1378396319999953,2475.3422249837827,0.35702150827646256,0.3240159898996353,0.11672778605740826,32.69488906170301,0.4511675119400025,0.5728315770626068,0.8822745752334594,0.2497040033340454,1.428797960281372,2,7.65,196.4,8.183333333333334,2.315208333333333,59.0,754.54296875,2026-09-03T20:17:01.746378+00:00,2026-09-03T20:17:02.150330+00:00,5,0.4008481502532959,99.22340032506352,15.37814406770084,3231.0611058604786,59.77140319958793,63.0,39.20058191412609,30.472240163589742,15.83646669802856,12.310343188837212,26.63414208446035,10.759781744778683,15.83646669802856,10.759781744778683
1000,32,1,988,98.8,8c2ba3f275180f2816dfe582f6465bf94e33b85200aba407836d135d721bf2f9,1788466622.1546988,1788466622.5981865,99942.329565558,99942.773053006,0.44348744800663553,1.2799897909999984,1.2799897909999984,2254.855248992386,0.39292505814135076,0.34462200105190277,0.141327703058877,35.96810641891814,0.5731630802154541,0.6656468212604523,0.9907439637184138,0.248990997672081,1.1529059410095215,3,12.633333333333333,283.7,11.820833333333333,2.9155277777777773,59.333333333333336,754.54296875,2026-09-03T20:17:02.154704+00:00,2026-09-03T20:17:02.598172+00:00,6,0.43480920791625977,98.04313910592961,18.124469869859553,3012.152191507258,58.15624256328541,60.0,37.02521818566646,28.340134176151846,16.4202267889877,12.568499341967565,24.45870193707507,10.847127303628376,16.4202267889877,10.847127303628376
1000,33,1,988,98.8,8c2ba3f275180f2816dfe582f6465bf94e33b85200aba407836d135d721bf2f9,1788466622.6028986,1788466623.0923538,99942.777765873,99943.26722024,0.4894543669943232,1.4261750220000025,1.4261750220000025,2043.0913838625495,0.4298807511329651,0.3633579909801483,0.1589323688208622,36.97126898610618,0.650564205646515,0.7210671067237852,0.9534583562612533,0.25537100434303284,1.166100025177002,3,12.1,290.83333333333337,12.118055555555557,2.559416666666666,60.0,754.54296875,2026-09-03T20:17:02.602909+00:00,2026-09-03T20:17:03.092337+00:00,5,0.4837508201599121,98.83454039214311,16.666221593121335,2876.4496850169394,57.573343591270174,60.0,33.34043222319589,24.632403127060748,16.318648691504524,12.056458367638125,20.773957910173518,10.167904418890693,16.318648691504524,10.167904418890693
1000,34,1,988,98.8,8c2ba3f275180f2816dfe582f6465bf94e33b85200aba407836d135d721bf2f9,1788466623.0971208,1788466623.525238,99943.271987833,99943.700104687,0.428116854003747,1.2518769779999985,1.2518769779999983,2335.8108671686346,0.37820791339874266,0.3384145051240921,0.13582516249998994,35.91282934283561,0.5328779876232147,0.6054980278015136,0.8659774243831634,0.2489989995956421,2.5539989471435547,3,11.666666666666666,289.73333333333335,12.072222222222223,3.1608611111111116,60.0,754.54296875,2026-09-03T20:17:03.097132+00:00,2026-09-03T20:17:03.525223+00:00,6,0.4244678020477295,99.1475529250067,17.941207753319997,3075.095204474184,57.48316030526633,58.0,37.63920817121606,28.902373144111795,16.11399524437828,12.373605238370162,25.07271257760324,10.734050830063678,16.11399524437828,10.734050830063678
1000,35,1,988,98.8,8c2ba3f275180f2816dfe582f6465bf94e33b85200aba407836d135d721bf2f9,1788466623.5299845,1788466623.9405527,99943.704851733,99944.115419231,0.41056749800918624,1.210037247999999,1.210037247999999,2435.653101740717,0.36412534926831724,0.32432301342487335,0.12847304687462818,35.282642950507345,0.5192893266677856,0.6174934744834899,0.9475759333372116,0.24963800609111786,1.1258840560913086,3,11.799999999999999,288.8333333333333,12.034722222222221,2.9422916666666663,60.0,754.54296875,2026-09-03T20:17:03.529995+00:00,2026-09-03T20:17:03.940537+00:00,5,0.4087798595428467,99.56441400007434,17.777249133444577,3197.4813347198997,58.95704171422539,62.0,39.82061311821723,30.991439435606026,16.349078936338366,12.724100660611745,27.254152194177117,11.189669076724872,16.349078936338366,11.189669076724872
1000,36,1,988,98.8,8c2ba3f275180f2816dfe582f6465bf94e33b85200aba407836d135d721bf2f9,1788466623.9451284,1788466624.4152217,99944.119995431,99944.590088273,0.47009284200612456,1.3576334979999984,1.3576334979999982,2127.2393677225396,0.41666235053539274,0.3718309998512268,0.1424704973147402,34.193273553915276,0.5866126000881196,0.6507868230342864,1.0127204155921936,0.24671000242233276,1.135854959487915,3,11.766666666666666,284.09999999999997,11.837499999999999,2.6152777777777776,60.0,754.54296875,2026-09-03T20:17:03.945143+00:00,2026-09-03T20:17:04.415199+00:00,6,0.4637417793273926,98.64889126922058,17.253592783616458,2894.679727866395,57.85725787296524,60.0,34.63426235197221,25.99326083737688,16.281332959903846,12.219256472279481,22.067759803586757,10.373895922776615,16.281332959903846,10.373895922776615
1000,37,1,988,98.8,8c2ba3f275180f2816dfe582f6465bf94e33b85200aba407836d135d721bf2f9,1788466624.4179575,1788466624.8750017,99944.592824607,99945.049868256,0.4570436490030261,1.3277223799999973,1.3277223799999975,2187.974829496819,0.4056486873328686,0.36059899628162384,0.13583289531747741,33.48535310457327,0.5672383725643159,0.6397440999746321,0.9731743764877319,0.2579430043697357,1.1582609415054321,3,11.466666666666669,294.43333333333334,12.268055555555556,2.464652777777778,60.0,754.54296875,2026-09-03T20:17:04.417968+00:00,2026-09-03T20:17:04.874985+00:00,5,0.4538247585296631,99.29561153938847,18.108738630686233,2889.275426206436,57.45816108294339,62.0,34.32126277200852,25.671055441115975,15.686331498911484,11.7328050617269,21.754765859042195,9.942877571423097,15.686331498911484,9.942877571423097
1000,38,1,988,98.8,8c2ba3f275180f2816dfe582f6465bf94e33b85200aba407836d135d721bf2f9,1788466624.8795567,1788466625.3181884,99945.054423597,99945.493055047,0.4386314500006847,1.28597757,1.28597757,2279.8182848002325,0.38961186224222183,0.34130649268627167,0.13696135309205434,35.15328108950272,0.56960608959198,0.6368999242782593,0.9404530787467954,0.2525329887866974,1.179407000541687,3,12.0,287.26666666666665,11.969444444444443,2.248569444444445,60.0,754.54296875,2026-09-03T20:17:04.879563+00:00,2026-09-03T20:17:05.318172+00:00,5,0.4363744258880615,99.48536625800718,17.01781184590176,3024.4683893837414,58.14286502608607,61.0,37.1054687488902,28.462301677277935,16.275637545136092,12.484469848222844,24.538963444463196,10.763561117158687,16.275637545136092,10.763561117158687
1000,39,1,988,98.8,8c2ba3f275180f2816dfe582f6465bf94e33b85200aba407836d135d721bf2f9,1788466625.320712,1788466625.778879,99945.495579025,99945.953745648,0.4581666230078554,1.3248890100000068,1.3248890100000066,2182.6120668393924,0.40580509777367113,0.35176049172878265,0.14325098419279125,35.30043978715278,0.5848129153251648,0.6582704007625579,0.9790402561426162,0.24978800117969513,1.1020629405975342,3,13.933333333333332,285.7,11.904166666666667,2.358611111111111,60.0,754.54296875,2026-09-03T20:17:05.320720+00:00,2026-09-03T20:17:05.778864+00:00,5,0.4557063579559326,99.46297297536388,17.924082069885962,3015.430414084968,57.153192655952196,60.0,36.14692559947807,27.334815653266688,16.561322594210292,12.523906046758107,23.580409909224013,10.803756777250136,16.561322594210292,10.803756777250136
1000,40,1,988,98.8,8c2ba3f275180f2816dfe582f6465bf94e33b85200aba407836d135d721bf2f9,1788466625.78313,1788466626.2111137,99945.957996674,99946.385980118,0.42798344399488997,1.2435405940000095,1.2435405940000097,2336.5389807273473,0.37939230212569236,0.3399659991264343,0.12352532505577847,32.55873257408755,0.5331404030323029,0.6126407533884048,0.9348600077629089,0.254611998796463,1.1045860052108765,2,12.4,288.25,12.010416666666666,2.8209583333333335,63.0,754.54296875,2026-09-03T20:17:05.783139+00:00,2026-09-03T20:17:06.211088+00:00,5,0.4250924587249756,99.32443649190516,18.163629130544763,3090.078125394357,59.05902913514384,61.0,37.609905230999786,29.00069895292509,16.096428685363847,12.411828204679994,25.043400446131237,10.718160772278411,16.096428685363847,10.718160772278411
1000,41,1,988,98.8,8c2ba3f275180f2816dfe582f6465bf94e33b85200aba407836d135d721bf2f9,1788466626.215856,1788466626.6665242,99946.390723033,99946.841390537,0.4506675040029222,1.342123946000001,1.3421239460000012,2218.93078848107,0.39946363608539104,0.35583800077438354,0.128826391567296,32.249842020603225,0.5546656787395478,0.6354368865489957,0.9036325478553772,0.2445089966058731,1.0692520141601562,3,11.533333333333333,293.8,12.241666666666667,3.596722222222222,63.0,754.54296875,2026-09-03T20:17:06.215864+00:00,2026-09-03T20:17:06.666504+00:00,6,0.4474825859069824,99.2931581667715,17.204376064933363,3020.9243957252415,58.46573511970411,63.0,36.315434620683924,27.521776428728984,16.366207795612087,12.403186596599637,23.748949740643322,10.702879902306574,16.366207795612087,10.702879902306574
1000,42,1,988,98.8,8c2ba3f275180f2816dfe582f6465bf94e33b85200aba407836d135d721bf2f9,1788466626.67201,1788466627.06,99946.846877065,99947.234866534,0.38798946898896247,1.1329977369999966,1.1329977369999964,2577.3895425714454,0.34543431548774245,0.32301050424575806,0.10765764221781723,31.165879413516866,0.3913791000843048,0.48011630773544306,0.898013640642166,0.24918900430202484,1.0489890575408936,2,12.05,284.9,11.870833333333332,3.566562499999999,63.0,754.54296875,2026-09-03T20:17:06.672022+00:00,2026-09-03T20:17:07.059985+00:00,5,0.38395166397094727,98.95916546430142,17.686938847871037,3361.327764979105,61.17685558336076,63.0,42.347170844691725,33.526383852559285,16.430278725568627,13.007901599334394,29.780695941095434,11.554596404307368,16.430278725568627,11.554596404307368
1000,43,1,988,98.8,8c2ba3f275180f2816dfe582f6465bf94e33b85200aba407836d135d721bf2f9,1788466627.0645332,1788466627.451005,99947.239400725,99947.625871461,0.3864707360044122,1.116357547000007,1.116357547000007,2587.518036523685,0.34266644674539565,0.3233955055475235,0.09683132750618768,28.258187641620555,0.3972710996866226,0.44809490293264387,0.9063076269626615,0.25129300355911255,1.0475740432739258,2,13.25,291.8,12.158333333333333,3.519520833333333,62.0,754.54296875,2026-09-03T20:17:07.064540+00:00,2026-09-03T20:17:07.450987+00:00,5,0.38413429260253906,99.39518069316092,17.53997701058109,3304.809582565778,61.49115490796785,63.0,42.147765247247975,33.23845579874576,16.28892052423573,12.845724125063635,29.58134302424155,11.432323410577617,16.28892052423573,11.432323410577617
1000,44,1,988,98.8,8c2ba3f275180f2816dfe582f6465bf94e33b85200aba407836d135d721bf2f9,1788466627.4533625,1788466627.8943713,99947.628229221,99948.069237905,0.4410086840071017,1.276651991999998,1.2766519919999977,2267.529044811047,0.39118167811632154,0.34098298847675323,0.13777549313163442,35.22033388554195,0.5589483201503753,0.6421891182661056,0.9888613867759705,0.25349000096321106,1.0865670442581177,3,10.666666666666666,289.06666666666666,12.044444444444444,3.380888888888888,62.0,754.54296875,2026-09-03T20:17:07.453368+00:00,2026-09-03T20:17:07.894357+00:00,5,0.43871235847473145,99.47927394612712,17.836428185966685,3002.398889077889,59.62744383028466,63.0,36.93851699886908,28.216383405621347,16.290211285527494,12.443673561802612,24.37199460832305,10.748261268844725,16.290211285527494,10.748261268844725
1000,45,1,988,98.8,8c2ba3f275180f2816dfe582f6465bf94e33b85200aba407836d135d721bf2f9,1788466627.8994226,1788466628.30023,99948.074289738,99948.475096596,0.40080685800057836,1.1386043090000015,1.1386043090000018,2494.9672892038116,0.35557932874560355,0.3281494975090027,0.10379337076589175,29.189933827719752,0.4578815966844559,0.5526394248008726,0.8761650651693343,0.25511500239372253,1.0723350048065186,1,11.6,278.5,11.604166666666666,3.5661666666666663,62.0,754.54296875,2026-09-03T20:17:07.899431+00:00,2026-09-03T20:17:08.300213+00:00,5,0.3946359157562256,98.46024169773744,15.121105379758498,3187.4645096159247,58.268305841569386,60.0,37.51154489153426,28.89610908620772,15.034904053096145,11.581773794578668,24.945061181073445,9.998151594618244,15.034904053096145,9.998151594618244
1000,46,1,988,98.8,8c2ba3f275180f2816dfe582f6465bf94e33b85200aba407836d135d721bf2f9,1788466628.4561925,1788466628.9161959,99948.631059864,99949.091062316,0.4600024520041188,1.3131790820000049,1.3131790820000049,2173.9014556188627,0.4055323868095875,0.3518590033054352,0.16489542505154228,40.6614688283742,0.5645929157733918,0.6820127755403517,1.151134158372879,0.24573999643325806,1.673259973526001,2,9.9,241.8,10.075000000000001,3.069395833333333,60.0,754.54296875,2026-09-03T20:17:08.456211+00:00,2026-09-03T20:17:08.916176+00:00,5,0.45680713653564453,99.30517043175215,17.44106316949793,2933.071168504187,59.37171735939891,63.0,35.66453133840086,26.861389852128507,16.405804819374705,12.356330016221435,23.098070349718384,10.625168997434091,16.405804819374705,10.625168997434091
1000,47,1,988,98.8,8c2ba3f275180f2816dfe582f6465bf94e33b85200aba407836d135d721bf2f9,1788466628.9220252,1788466629.3214421,99949.096892263,99949.496308476,0.39941621299658436,1.1753780279999972,1.1753780279999975,2503.6540016680583,0.3538755920827389,0.32141900062561035,0.1268533890298722,35.846888530309506,0.4297235935926438,0.5568294376134868,0.9553107649087904,0.25776201486587524,1.2749799489974976,3,13.033333333333333,287.5333333333333,11.980555555555554,2.939152777777778,60.0,754.54296875,2026-09-03T20:17:08.922041+00:00,2026-09-03T20:17:09.321427+00:00,5,0.3971364498138428,99.42904930292083,17.449194055871637,3279.8008472057877,60.25080821342958,63.0,41.11958226847274,32.39107554071504,16.423857046222196,12.93754374207185,28.553122788879097,11.40458017356056,16.423857046222196,11.40458017356056
1000,48,1,988,98.8,8c2ba3f275180f2816dfe582f6465bf94e33b85200aba407836d135d721bf2f9,1788466629.325867,1788466629.7167225,99949.500734035,99949.891588951,0.39085491599689703,1.130118987000003,1.130118987000003,2558.4941088675955,0.34780202811956407,0.32752150297164917,0.10218885631994347,29.381328473683872,0.38990940749645236,0.4983835980296132,0.8492866623401641,0.2578220069408417,1.0529420375823975,3,11.833333333333334,285.7,11.904166666666667,3.1346944444444436,61.0,754.54296875,2026-09-03T20:17:09.325872+00:00,2026-09-03T20:17:09.716707+00:00,5,0.38893723487854004,99.5092008073848,17.626708550922842,3463.8732462832268,62.22866805490765,64.0,43.664662436148376,34.67522607751632,17.066575685491863,13.553004586462903,31.098200722154633,12.154884630912392,17.066575685491863,12.154884630912392
1000,49,1,988,98.8,8c2ba3f275180f2816dfe582f6465bf94e33b85200aba407836d135d721bf2f9,1788466629.7212505,1788466630.1023588,99949.896117383,99950.27722536,0.38110797699482646,1.0997528660000029,1.099752866000003,2623.928283751392,0.33891048216819764,0.32398049533367157,0.09415550298438857,27.78182084603102,0.3721861094236374,0.40852919071912747,0.8444378948211669,0.2558700144290924,0.9671120047569275,3,11.4,288.7,12.029166666666667,3.5663749999999985,63.0,754.54296875,2026-09-03T20:17:09.721255+00:00,2026-09-03T20:17:10.102344+00:00,5,0.3792898654937744,99.5228604102387,17.045815148690295,3483.56701387994,61.6817482652432,64.0,44.233755227528306,35.36159346188878,16.857850549488152,13.476596203645189,31.667258232336664,12.06864472189859,16.857850549488152,12.06864472189859
1000,50,1,988,98.8,8c2ba3f275180f2816dfe582f6465bf94e33b85200aba407836d135d721bf2f9,1788466630.107027,1788466630.4877758,99950.281893805,99950.66264241,0.3807486049918225,1.1125893609999906,1.1125893609999908,2626.404895223391,0.3390631477236748,0.32030250132083893,0.09813387192435065,28.94265348009053,0.3749720126390457,0.4487026393413543,0.848198212981224,0.25332799553871155,0.9901390075683594,2,10.95,282.05,11.752083333333333,3.5662499999999993,63.0,754.54296875,2026-09-03T20:17:10.107033+00:00,2026-09-03T20:17:10.487761+00:00,5,0.3788332939147949,99.49692418671289,17.51918034767789,3476.761052952216,62.334554061759334,63.0,43.7950660817072,35.00830828941522,16.67491661331664,13.329369578074731,31.228549992937438,11.890226845728318,16.67491661331664,11.890226845728318
1000,51,1,988,98.8,8c2ba3f275180f2816dfe582f6465bf94e33b85200aba407836d135d721bf2f9,1788466630.4924383,1788466630.927493,99950.66730572,99951.102359465,0.43505374500819016,1.2608712509999975,1.2608712509999975,2298.566582805015,0.3862728249132633,0.3481299877166748,0.12112606969292776,31.357647207029473,0.5333093762397766,0.6055685549974441,0.9368753319978712,0.25854000449180603,1.15652596950531,2,11.649999999999999,286.0,11.916666666666666,2.9699166666666663,61.5,754.54296875,2026-09-03T20:17:10.492445+00:00,2026-09-03T20:17:10.927468+00:00,5,0.43288755416870117,99.5018501144265,18.181248090228248,3018.041526451509,61.16912619198948,63.0,36.62334593112595,27.901903460005222,15.933161672237857,12.138856444943297,24.05690035051637,10.466044590780989,15.933161672237857,10.466044590780989
1000,52,1,988,98.8,8c2ba3f275180f2816dfe582f6465bf94e33b85200aba407836d135d721bf2f9,1788466630.931181,1788466631.402921,99951.106048349,99951.577787425,0.4717390760051785,1.404492097000002,1.404492097000002,2119.8159127886674,0.41719694960117343,0.3677994906902313,0.1434171080185128,34.37635585677576,0.5990383803844452,0.6746302813291547,0.9761657369136809,0.2517260015010834,1.1891080141067505,2,11.1,293.4,12.225,2.660541666666667,60.0,754.54296875,2026-09-03T20:17:10.931195+00:00,2026-09-03T20:17:11.402895+00:00,6,0.46859240531921387,99.33276761946831,17.075730182724396,2883.1193328241966,59.821670595430284,63.0,34.29186260537829,25.646107868093267,16.17684351923852,12.098295115488664,21.7253976830548,10.248719028849317,16.17684351923852,10.248719028849317
1000,53,1,988,98.8,8c2ba3f275180f2816dfe582f6465bf94e33b85200aba407836d135d721bf2f9,1788466631.4087348,1788466631.8549469,99951.58360184,99952.029813455,0.4462116149952635,1.3052435010000067,1.3052435010000067,2241.089129897739,0.39363587683439255,0.34540750086307526,0.14051534510478667,35.69678308664512,0.5845384120941163,0.6530241280794143,0.9084893989562988,0.2545680105686188,1.9331029653549194,2,10.55,291.29999999999995,12.137499999999998,3.0131666666666663,60.0,754.54296875,2026-09-03T20:17:11.408742+00:00,2026-09-03T20:17:11.854931+00:00,5,0.4435906410217285,99.41251872112352,17.96176221706008,3037.427454403366,58.54913429010929,59.0,36.93116031031618,28.14194608165095,16.479128872778876,12.557275544921817,24.364663959249476,10.8717960540736,16.47912887277888,10.8717960540736
1000,54,1,988,98.8,8c2ba3f275180f2816dfe582f6465bf94e33b85200aba407836d135d721bf2f9,1788466631.8596077,1788466632.2469926,99952.034474703,99952.4218591,0.38738439699227456,1.124477651999996,1.124477651999996,2581.4152757937295,0.3441231249272823,0.3241970092058182,0.09896931943946445,28.759857234348303,0.3965033024549484,0.4566895395517348,0.893302062153816,0.2503649890422821,1.0815210342407227,2,13.4,295.70000000000005,12.320833333333335,3.5664374999999993,59.0,754.54296875,2026-09-03T20:17:11.859613+00:00,2026-09-03T20:17:12.246978+00:00,5,0.3853294849395752,99.46941488543276,16.924902174188784,3308.8034877109053,61.2828375889206,63.0,41.73684310436465,33.03769954504083,16.1682224379546,12.798305653995941,29.1703637560477,11.300143773681839,16.1682224379546,11.300143773681839
1000,55,1,988,98.8,8c2ba3f275180f2816dfe582f6465bf94e33b85200aba407836d135d721bf2f9,1788466632.2517793,1788466632.6825497,99952.426646227,99952.857416299,0.4307700719946297,1.2578100470000066,1.2578100470000069,2321.424038047998,0.3820160084366798,0.34266600012779236,0.12661892245268416,33.14492577702319,0.5124022781848907,0.5952215850353241,0.980202864408493,0.25344499945640564,1.1016789674758911,3,10.5,287.3,11.970833333333333,2.946972222222222,59.0,754.54296875,2026-09-03T20:17:12.251786+00:00,2026-09-03T20:17:12.682532+00:00,6,0.4270169734954834,99.12867185969309,17.753012787549572,3043.818229530457,60.99035587723104,63.0,37.654672695569445,28.74955704482147,16.220518312989796,12.384458107127339,25.08816849365303,10.807232148224315,16.220518312989796,10.807232148224315
1000,56,1,988,98.8,8c2ba3f275180f2816dfe582f6465bf94e33b85200aba407836d135d721bf2f9,1788466632.6884224,1788466633.1071787,99952.863289639,99953.282045304,0.41875566499948036,1.2174132409999885,1.2174132409999883,2388.027395405483,0.37068204769492147,0.33378151059150696,0.1222092971503103,32.96876606522119,0.5098241806030274,0.6007746040821076,0.8828097993135452,0.25321200489997864,1.1708940267562866,3,11.766666666666666,281.46666666666664,11.727777777777776,3.3138333333333327,60.333333333333336,754.55078125,2026-09-03T20:17:12.688441+00:00,2026-09-03T20:17:13.107164+00:00,5,0.41525983810424805,99.16504924017488,17.8968978874978,3232.600677144396,61.28298538346445,63.0,40.242719704477054,31.24967591917443,16.851890255085507,13.085996994341539,27.67624296579164,11.58958352782727,16.851890255085507,11.58958352782727
1000,57,1,988,98.8,8c2ba3f275180f2816dfe582f6465bf94e33b85200aba407836d135d721bf2f9,1788466633.1124935,1788466633.543909,99953.287360584,99953.718775702,0.4314151180005865,1.2538641860000013,1.253864186000001,2317.9530764581145,0.3816691236197948,0.33479899168014526,0.13278776120187893,34.79132918652266,0.5729602754116059,0.6536600977182389,0.9203315156698225,0.2475779950618744,1.0847300291061401,3,11.1,287.76666666666665,11.990277777777777,2.8199722222222223,63.0,754.55078125,2026-09-03T20:17:13.112505+00:00,2026-09-03T20:17:13.543895+00:00,5,0.42827415466308594,99.27183822164059,17.252160754924535,3128.2779823326905,60.23953132863333,64.0,38.55648475320545,29.573973635983055,16.63386737897592,12.75867233434384,25.989991436774268,11.212475222530204,16.63386737897592,11.212475222530204
1000,58,1,988,98.8,8c2ba3f275180f2816dfe582f6465bf94e33b85200aba407836d135d721bf2f9,1788466633.549125,1788466633.9405055,99953.723991707,99954.115372089,0.39138038200326264,1.1480161200000083,1.1480161200000085,2555.059083139389,0.3464041792154312,0.3237825036048889,0.1040391300832571,30.03402854979831,0.4000217020511627,0.4815200954675673,0.8649048840999602,0.2565779983997345,1.0309970378875732,3,10.799999999999999,291.73333333333335,12.155555555555557,3.5448333333333326,63.0,754.55078125,2026-09-03T20:17:13.549130+00:00,2026-09-03T20:17:13.940488+00:00,5,0.388857364654541,99.35531189977394,17.419317823696833,3316.1763620288584,60.755951307981796,64.0,41.777332092366215,32.92199440093293,16.350835148223286,12.885028225599545,29.21081723466344,11.432540807930065,16.350835148223286,11.432540807930065
1000,59,1,988,98.8,8c2ba3f275180f2816dfe582f6465bf94e33b85200aba407836d135d721bf2f9,1788466633.945773,1788466634.3787425,99954.120639707,99954.553608998,0.43296929099597037,1.257114675000011,1.2571146750000113,2309.632624751918,0.38435821652412416,0.33296550810337067,0.14673119176799793,38.17563550349869,0.5876623034477234,0.6784456312656401,0.9836764591932297,0.25472500920295715,1.2792400121688843,3,12.833333333333334,286.59999999999997,11.941666666666665,2.98625,63.0,754.55078125,2026-09-03T20:17:13.945785+00:00,2026-09-03T20:17:14.378728+00:00,5,0.4306020736694336,99.45319563922146,17.905544340326763,3149.4061966384584,61.6796391735453,63.0,39.31259348997495,30.556131873741748,17.021156705225813,13.229875283123555,26.74608620968516,11.580233983124485,17.021156705225813,11.580233983124485
1000,60,1,988,98.8,8c2ba3f275180f2816dfe582f6465bf94e33b85200aba407836d135d721bf2f9,1788466634.3835812,1788466634.7624788,99954.558448275,99954.9373454,0.3788971250032773,1.0653304789999964,1.0653304789999967,2639.2388171099224,0.33551658153533936,0.32100699841976166,0.08804871313309462,26.242730755713964,0.37854219377040865,0.4261496618390083,0.8262086182832717,0.25411099195480347,1.1361629962921143,2,11.35,282.45,11.768749999999999,3.2623958333333336,63.0,754.55078125,2026-09-03T20:17:14.383587+00:00,2026-09-03T20:17:14.762465+00:00,4,0.3758983612060547,99.20841272278336,15.90474426499018,3492.0219543939234,60.926320155876574,64.0,42.686887301538974,33.882427427579806,16.17396200710615,12.837972702274074,30.12041572789642,11.412538923203451,16.17396200710615,11.412538923203451
1000,61,1,988,98.8,8c2ba3f275180f2816dfe582f6465bf94e33b85200aba407836d135d721bf2f9,1788466635.027686,1788466635.426841,99955.202553459,99955.601707784,0.3991543249867391,1.163237690999992,1.1632376909999922,2505.2966669801776,0.35445582002401355,0.32552599906921387,0.13448281746061083,37.94064305433042,0.3943212002515793,0.6061214357614516,1.0120011675357818,0.2535119950771332,1.6706700325012207,2,6.8,200.64999999999998,8.360416666666666,3.5664166666666652,63.0,754.55078125,2026-09-03T20:17:15.027703+00:00,2026-09-03T20:17:15.426826+00:00,5,0.3957984447479248,99.15910922202372,17.01673958601264,3298.1087953188335,62.33261088645918,64.0,40.85170466339658,32.001036920087294,16.306158151209665,12.773370739879843,28.285231039757985,11.290172302768559,16.306158151209665,11.290172302768559
1000,62,1,988,98.8,8c2ba3f275180f2816dfe582f6465bf94e33b85200aba407836d135d721bf2f9,1788466635.4316912,1788466635.8435774,99955.606558153,99956.018443811,0.41188565800257493,1.1908171540000012,1.1908171540000012,2427.858267387762,0.3651714822947979,0.3324294984340668,0.12253756724670471,33.55617105603603,0.4569790124893189,0.5571110874414442,0.9506488811969757,0.2565470039844513,1.7407209873199463,3,11.933333333333332,289.23333333333335,12.051388888888889,3.554124999999999,63.0,754.55078125,2026-09-03T20:17:15.431698+00:00,2026-09-03T20:17:15.843563+00:00,5,0.4094679355621338,99.41287677068911,17.425397829202073,3177.007706850864,60.284953765299726,63.0,39.39843618935936,30.501938247372674,16.227672767226384,12.56332790127828,26.83195686065458,11.051698207047416,16.227672767226384,11.051698207047416
1000,63,1,988,98.8,8c2ba3f275180f2816dfe582f6465bf94e33b85200aba407836d135d721bf2f9,1788466635.8487914,1788466636.3535457,99956.023658148,99956.528412198,0.5047540499945171,1.459858466,1.4598584660000002,1981.1629050046502,0.4458065884113312,0.38710950314998627,0.1639930380117371,36.78569188403875,0.6439881145954132,0.7205598443746567,1.0387325048446654,0.2555049955844879,1.3134570121765137,4,12.424999999999999,282.42499999999995,11.767708333333331,2.8545312499999995,63.0,754.55078125,2026-09-03T20:17:15.848799+00:00,2026-09-03T20:17:16.353531+00:00,6,0.5001118183135986,99.08024824606193,17.29291620840943,2752.785661947511,58.89658188967407,60.0,32.76436478753788,23.967655567902877,16.53795417336057,12.097777325920632,20.197848705209566,10.194945935131042,16.53795417336057,10.194945935131042
1000,64,1,988,98.8,8c2ba3f275180f2816dfe582f6465bf94e33b85200aba407836d135d721bf2f9,1788466636.3584473,1788466636.8184955,99956.533314275,99956.993362056,0.46004778100177646,1.3029714399999932,1.3029714399999932,2173.6872587939697,0.4054924942553043,0.34727101027965546,0.1433521282971704,35.352597231285294,0.6131470739841461,0.7016696631908416,0.9254356253147125,0.2576810121536255,1.101699948310852,3,11.433333333333335,284.76666666666665,11.865277777777777,2.8178611111111107,64.0,754.55078125,2026-09-03T20:17:16.358455+00:00,2026-09-03T20:17:16.818482+00:00,6,0.45319366455078125,98.51003999830014,17.51667503493207,3153.3642115663038,61.88111521691554,64.0,37.65321287730846,28.978817512541877,17.322292759471562,13.33165279709949,25.086714436643128,11.5410873092029,17.322292759471562,11.5410873092029
1000,65,1,988,98.8,8c2ba3f275180f2816dfe582f6465bf94e33b85200aba407836d135d721bf2f9,1788466636.823239,1788466637.2383878,99956.998105974,99957.413254196,0.4151482220040634,1.1891923270000007,1.1891923270000007,2408.778231477557,0.36656770545244216,0.33028849959373474,0.12200187756462602,33.28222201517813,0.5059216260910034,0.6064934760332107,0.8736293333768844,0.24534699320793152,1.2385640144348145,3,11.5,281.46666666666664,11.727777777777776,3.3248055555555553,64.0,754.55078125,2026-09-03T20:17:16.823245+00:00,2026-09-03T20:17:17.238374+00:00,5,0.41127634048461914,99.0672271803177,17.15955094381624,3230.139877960694,61.62323001846937,64.0,40.361982848874625,31.452836735616675,16.756226123674256,13.057605384411787,27.79550010070287,11.539252446520562,16.756226123674256,11.539252446520562
1000,66,1,988,98.8,8c2ba3f275180f2816dfe582f6465bf94e33b85200aba407836d135d721bf2f9,1788466637.2436397,1788466637.6543238,99957.418506667,99957.8291903,0.4106836330029182,1.1879224879999981,1.1879224879999981,2434.964336630611,0.3644284173548222,0.3334425091743469,0.11630418756623016,31.91413787388367,0.4567816913127899,0.5556059032678601,0.9296867084503172,0.25365400314331055,1.067587971687317,2,11.95,284.8,11.866666666666667,3.5204375,64.0,754.55078125,2026-09-03T20:17:17.243648+00:00,2026-09-03T20:17:17.654310+00:00,5,0.40618467330932617,98.90440478968775,17.606215775194844,3215.3397587080067,60.908234732006704,62.0,40.61185087769757,31.726955605043724,16.678641781750656,13.02975648550472,28.04536529428083,11.517772507949209,16.678641781750656,11.517772507949209
1000,67,1,988,98.8,8c2ba3f275180f2816dfe582f6465bf94e33b85200aba407836d135d721bf2f9,1788466637.659249,1788466638.0777898,99957.834116089,99958.252656105,0.41854001600586344,1.2217940010000063,1.2217940010000063,2389.257805127027,0.370545099824667,0.34107549488544464,0.11419470939167717,30.818032527136737,0.48688750267028813,0.5637042999267579,0.9323126643896102,0.2544980049133301,1.1792479753494263,2,12.350000000000001,289.65,12.06875,3.159333333333333,61.0,754.55078125,2026-09-03T20:17:17.659255+00:00,2026-09-03T20:17:18.077769+00:00,5,0.4157295227050781,99.32833453053198,17.920177502271038,3059.8595672640186,61.06336138868243,63.0,37.770126243335994,29.051051375927912,15.808335687764925,12.159047848409072,25.203656800341232,10.548738920621108,15.808335687764925,10.548738920621108
1000,68,1,988,98.8,8c2ba3f275180f2816dfe582f6465bf94e33b85200aba407836d135d721bf2f9,1788466638.0829883,1788466638.5437183,99958.257855382,99958.718585029,0.46072964699123986,1.344931901999999,1.3449319019999988,2170.470267173872,0.40902107864618303,0.3485485017299652,0.15078944736194053,36.8659355799065,0.601260507106781,0.6554463267326354,0.9906334835290909,0.25538599491119385,1.463534951210022,3,13.299999999999999,286.6666666666667,11.944444444444445,2.8568194444444437,61.0,754.55078125,2026-09-03T20:17:18.082995+00:00,2026-09-03T20:17:18.543702+00:00,6,0.4575185775756836,99.30295450005744,17.642903064765928,2881.0779740402672,60.13797752129786,63.0,35.23199216038587,26.433662841354643,16.232438419914338,12.178783485525381,22.665492326435654,10.442664278441354,16.232438419914338,10.442664278441354
1000,69,1,988,98.8,8c2ba3f275180f2816dfe582f6465bf94e33b85200aba407836d135d721bf2f9,1788466638.549256,1788466638.9744616,99958.724123368,99959.149327875,0.4252045070024906,1.2432167679999964,1.2432167679999964,2351.8095023252954,0.37678891941905024,0.33661799132823944,0.12469582905223081,33.09434609820595,0.527205902338028,0.6122201770544051,0.920019397139549,0.2512350082397461,1.0972789525985718,2,11.6,283.8,11.825000000000001,2.7621458333333333,60.5,754.55078125,2026-09-03T20:17:18.549265+00:00,2026-09-03T20:17:18.974446+00:00,5,0.42330288887023926,99.55255037873414,17.299688131702133,3128.808912727455,60.823197468150525,63.0,38.30047620308191,29.468063928185412,16.285571951890134,12.529981946980218,25.73403023953828,10.94222564119006,16.285571951890134,10.94222564119006
1000,70,1,988,98.8,8c2ba3f275180f2816dfe582f6465bf94e33b85200aba407836d135d721bf2f9,1788466638.9793391,1788466639.3838558,99959.154205947,99959.558722388,0.4045164410053985,1.16550306500001,1.1655030650000098,2472.0874076578125,0.3576945781111717,0.3253609985113144,0.11366094242742492,31.775975757759184,0.4592182129621506,0.5852261453866953,0.8589631420373913,0.25031301379203796,1.1536060571670532,2,11.05,284.8,11.866666666666667,3.2250625,60.0,754.55078125,2026-09-03T20:17:18.979346+00:00,2026-09-03T20:17:19.383834+00:00,5,0.40238332748413086,99.47261275937633,17.61646492482749,3254.7907582901885,63.497038012274565,65.0,40.64481291305775,31.963865645801015,16.441505466925154,12.929917352151543,28.07830600000351,11.358136412581947,16.441505466925154,11.358136412581947
1000,71,1,988,98.8,8c2ba3f275180f2816dfe582f6465bf94e33b85200aba407836d135d721bf2f9,1788466639.3891556,1788466639.7912354,99959.56402238,99959.966101678,0.40207929800089914,1.144712233000007,1.144712233000007,2487.0715925239297,0.35616863033175467,0.3309754878282547,0.10513199393554752,29.517477111227315,0.4356856048107147,0.4999547362327574,0.906971233487129,0.2581639885902405,1.047435998916626,2,10.8,280.35,11.68125,3.568520833333333,60.0,754.55078125,2026-09-03T20:17:19.389161+00:00,2026-09-03T20:17:19.791209+00:00,5,0.3988654613494873,99.20056687291907,17.727713864562457,3206.1550392925606,62.74928913550389,64.0,40.65023977816604,31.80560571871583,16.344641118690785,12.7883922425031,28.083759988575153,11.291898501432037,16.344641118690785,11.291898501432037
1000,72,1,988,98.8,8c2ba3f275180f2816dfe582f6465bf94e33b85200aba407836d135d721bf2f9,1788466639.797243,1788466640.2538939,99959.972110098,99960.428760285,0.45665018699946813,1.3391074540000005,1.3391074540000003,2189.860047076176,0.40446787789463995,0.3473065048456192,0.14453296416758105,35.73410203052775,0.6108955144882202,0.6511279940605164,0.9204438054561611,0.25019800662994385,1.1765049695968628,2,12.5,293.35,12.222916666666668,2.783041666666666,62.0,754.55078125,2026-09-03T20:17:19.797254+00:00,2026-09-03T20:17:20.253866+00:00,6,0.4517953395843506,98.93673786059023,17.287517434340543,2981.0927604544036,61.45062737240279,63.0,36.119576082327555,27.28745901115956,16.494030927876615,12.460838185015264,23.553086716476553,10.755521453493706,16.494030927876615,10.755521453493706
1000,73,1,988,98.8,8c2ba3f275180f2816dfe582f6465bf94e33b85200aba407836d135d721bf2f9,1788466640.260701,1788466640.6927066,99960.435568037,99960.867573165,0.43200512799376156,1.2520771340000039,1.2520771340000036,2314.787337465218,0.38160361993312836,0.34532999992370605,0.12660843092898236,33.1779952588419,0.5289944052696228,0.6211097449064255,0.9353683537244796,0.25516799092292786,1.0853439569473267,3,10.933333333333335,288.2,12.008333333333333,2.658486111111111,62.0,754.55078125,2026-09-03T20:17:20.260715+00:00,2026-09-03T20:17:20.692684+00:00,5,0.4285433292388916,99.19854875623841,17.668416893795122,3031.2343281365006,61.328584916000025,63.0,36.90993605353388,28.039389426412328,15.945300689070086,12.113174482166853,24.343447499415607,10.516494152794454,15.945300689070086,10.516494152794454
1000,74,1,988,98.8,8c2ba3f275180f2816dfe582f6465bf94e33b85200aba407836d135d721bf2f9,1788466640.6991394,1788466641.1543677,99960.874006385,99961.329234301,0.4552279159979662,1.2884824589999937,1.2884824589999937,2196.7018384796675,0.4020959344804287,0.35167449712753296,0.13087136866728416,32.54729964787896,0.5964548170566559,0.6389453768730163,0.8319001632928844,0.2507539987564087,1.128720998764038,1,10.2,261.3,10.887500000000001,2.4720416666666667,62.0,754.55078125,2026-09-03T20:17:20.699151+00:00,2026-09-03T20:17:21.154352+00:00,6,0.45246171951293945,99.39225900115535,14.897599704283255,2875.7647961124735,60.854057041926225,63.0,34.02166859174122,25.435956410761726,15.487627332768097,11.579167925880068,21.45516680786039,9.766990873331022,15.487627332768097,9.766990873331022
1000,75,1,988,98.8,8c2ba3f275180f2816dfe582f6465bf94e33b85200aba407836d135d721bf2f9,1788466641.159883,1788466641.585218,99961.334749816,99961.760084462,0.42533464600273874,1.2206693640000026,1.2206693640000026,2351.089922718313,0.3772451205551624,0.3414274901151657,0.11495805447999877,30.473039468561954,0.5391459882259368,0.595579969882965,0.8483363038301467,0.2567319869995117,1.0394879579544067,2,11.95,283.85,11.827083333333334,3.416979166666666,60.0,754.55078125,2026-09-03T20:17:21.159891+00:00,2026-09-03T20:17:21.585198+00:00,5,0.42171359062194824,99.14859101875354,18.038151012412406,3180.6086787897975,61.71407483625858,64.0,39.77014187059552,30.833930659007965,16.915630525320168,13.114747751421849,27.203635836787285,11.570648818627337,16.915630525320168,11.570648818627337
1000,76,1,988,98.8,8c2ba3f275180f2816dfe582f6465bf94e33b85200aba407836d135d721bf2f9,1788466641.5918906,1788466642.063081,99961.766758064,99962.237947442,0.47118937800405547,1.3691604480000024,1.3691604480000024,2122.288928150229,0.4166612644791603,0.35618600249290466,0.17543713004393496,42.10545711832294,0.6059748232364655,0.7133404016494749,0.9726889389753341,0.2517009973526001,3.3313651084899902,4,11.849999999999998,284.45,11.852083333333333,2.5351770833333336,60.0,754.55078125,2026-09-03T20:17:21.591905+00:00,2026-09-03T20:17:22.063067+00:00,6,0.46419692039489746,98.51577379325978,17.602154024970943,2963.1736789689485,61.225752869953155,63.0,35.16173788368979,26.355585647126862,16.567875186763352,12.418500328966896,22.59528544412353,10.646658494240654,16.567875186763352,10.646658494240654
1000,77,1,988,98.8,8c2ba3f275180f2816dfe582f6465bf94e33b85200aba407836d135d721bf2f9,1788466642.0680377,1788466642.4722664,99962.242904543,99962.647133032,0.40422848900198005,1.1499255589999962,1.1499255589999962,2473.8483981397503,0.3579874193072319,0.3287779986858368,0.11389852874808447,31.816349571305608,0.44441328942775726,0.5671994239091872,0.8714917570352552,0.2549149990081787,1.3416340351104736,2,10.95,283.25,11.802083333333334,3.566374999999999,61.0,754.5546875,2026-09-03T20:17:22.068043+00:00,2026-09-03T20:17:22.472247+00:00,5,0.40223240852355957,99.50615114028186,17.055895245349227,3266.2603668457723,61.05092867282917,63.0,41.52273386936639,32.63732234593989,16.78468020455556,13.19294196844162,28.956221609608505,11.704929708458529,16.78468020455556,11.704929708458529
1000,78,1,988,98.8,8c2ba3f275180f2816dfe582f6465bf94e33b85200aba407836d135d721bf2f9,1788466642.477692,1788466642.8909056,99962.652558916,99963.065772033,0.4132131170044886,1.2088357009999982,1.2088357009999982,2420.058702998863,0.3668231718540192,0.3275730013847351,0.13079593809445403,35.65640017596967,0.46461560726165774,0.6450488805770873,0.9916334432363509,0.25419899821281433,1.3778949975967407,3,12.733333333333333,288.56666666666666,12.02361111111111,3.0681250000000007,62.0,754.5546875,2026-09-03T20:17:22.477702+00:00,2026-09-03T20:17:22.890887+00:00,5,0.4083373546600342,98.81989032648181,17.65540058889782,3110.771100566302,61.295414058928316,63.0,38.82543788108888,29.923688756465705,16.04320400023029,12.364879042181014,26.258962837024242,10.850547883191815,16.04320400023029,10.850547883191815
1000,79,1,988,98.8,8c2ba3f275180f2816dfe582f6465bf94e33b85200aba407836d135d721bf2f9,1788466642.8971255,1788466643.3459132,99963.071992471,99963.520779655,0.4487871839955915,1.3364547570000127,1.3364547570000127,2228.2276224933894,0.39856013959646225,0.351005494594574,0.14024040359440199,35.18676095818158,0.5661781191825866,0.660201373696327,0.9530666774511336,0.24803900718688965,1.1162489652633667,4,12.350000000000001,290.4,12.1,3.0499583333333335,62.0,754.5546875,2026-09-03T20:17:22.897144+00:00,2026-09-03T20:17:23.345899+00:00,5,0.4457552433013916,99.3243027871514,17.749450234350807,2991.3734176707408,63.185502181444164,65.0,36.78683551798669,27.973957552097122,16.50947890542824,12.554367767835885,24.220344302327884,10.8697801148454,16.50947890542824,10.8697801148454
1000,80,1,988,98.8,8c2ba3f275180f2816dfe582f6465bf94e33b85200aba407836d135d721bf2f9,1788466643.350839,1788466643.7803142,99963.525705553,99963.955180358,0.4294748050015187,1.2336641650000075,1.2336641650000073,2328.4252960926633,0.3809928759932518,0.3409869968891144,0.12018854259375865,31.546139092607977,0.5257309734821319,0.5925476551055906,0.8981383049488068,0.2525019943714142,1.39370596408844,2,11.65,286.75,11.947916666666666,2.4135833333333334,64.0,754.5546875,2026-09-03T20:17:23.350844+00:00,2026-09-03T20:17:23.780287+00:00,6,0.42667579650878906,99.34815555000417,17.36673773250902,3075.421549300182,61.843556801265976,65.0,37.809547811587784,28.952625848789236,16.238267171479144,12.434437888316271,25.24305941906386,10.841258021644201,16.238267171479144,10.841258021644201
1000,81,1,988,98.8,8c2ba3f275180f2816dfe582f6465bf94e33b85200aba407836d135d721bf2f9,1788466643.7865026,1788466644.174979,99963.961369596,99964.349845528,0.3884759320062585,1.1295475260000103,1.1295475260000103,2574.16204611587,0.343833902835846,0.3190329968929291,0.10345047757686876,30.087340638499615,0.40099799036979683,0.5299833655357357,0.8500333648920059,0.2549459934234619,1.0688879489898682,2,10.05,288.29999999999995,12.012499999999998,3.295770833333333,64.0,754.5546875,2026-09-03T20:17:23.786511+00:00,2026-09-03T20:17:24.174962+00:00,5,0.3856329917907715,99.26806874728426,17.672193757874993,3304.2799583545084,62.27854131967243,64.0,41.878211865255565,33.113966881447595,16.26869580142618,12.863993708855661,29.31172664411664,11.386900326785891,16.26869580142618,11.386900326785891
1000,82,1,988,98.8,8c2ba3f275180f2816dfe582f6465bf94e33b85200aba407836d135d721bf2f9,1788466644.1800315,1788466644.6650589,99964.354898484,99964.839925387,0.48502690299937967,1.4052938390000094,1.4052938390000096,2061.7413051029853,0.43017025768756867,0.3605149984359741,0.1609905162632361,37.424836651575994,0.6304847836494446,0.7009282439947125,1.0362400126457214,0.25141799449920654,1.2380189895629883,3,11.733333333333334,284.09999999999997,11.837499999999999,3.0959444444444446,64.0,754.5546875,2026-09-03T20:17:24.180039+00:00,2026-09-03T20:17:24.665045+00:00,5,0.4818289279937744,99.3405762621218,17.961074932073586,2832.772999851059,63.77098642857249,68.0,34.49683168253142,25.56860717083214,16.731905586009304,12.401472839163949,21.930328232039507,10.636799184145984,16.731905586009304,10.636799184145984
1000,83,1,988,98.8,8c2ba3f275180f2816dfe582f6465bf94e33b85200aba407836d135d721bf2f9,1788466644.6698284,1788466645.106523,99964.844695222,99965.281389722,0.4366945000074338,1.275234924000003,1.2752349240000032,2289.930374627977,0.38738771629333496,0.3458860069513321,0.1274728138914833,32.905744950095226,0.5740732073783874,0.6443359345197678,0.9123789268732069,0.2530910074710846,1.0724300146102905,2,12.399999999999999,288.9,12.0375,2.2685625,62.0,754.5546875,2026-09-03T20:17:24.669835+00:00,2026-09-03T20:17:25.106509+00:00,6,0.432941198348999,99.14049234834546,16.98328899870972,3071.3237706971854,60.62707095760915,68.0,37.2038296601055,28.531186742346854,16.24671233185268,12.459415810795967,24.637307428833143,10.758976649163724,16.24671233185268,10.758976649163724
1000,84,1,988,98.8,8c2ba3f275180f2816dfe582f6465bf94e33b85200aba407836d135d721bf2f9,1788466645.1128263,1788466645.5618463,99965.287693243,99965.736712819,0.4490195760008646,1.3199782380000045,1.3199782380000045,2227.074393741075,0.39773226219415664,0.36852049827575684,0.11911047805173072,29.947401650205048,0.5134152770042419,0.559612637758255,0.9489982444047927,0.25069499015808105,1.1385740041732788,3,11.966666666666667,295.40000000000003,12.308333333333335,2.696097222222223,62.0,754.5546875,2026-09-03T20:17:25.112833+00:00,2026-09-03T20:17:25.561832+00:00,5,0.4450986385345459,99.12670456415937,17.8764783952254,2947.784403809781,59.827852796030164,62.0,35.31975386192678,26.539411659780846,15.859272661630419,11.916724205867869,22.753247420355724,10.216653509330893,15.859272661630419,10.216653509330893
1000,85,1,988,98.8,8c2ba3f275180f2816dfe582f6465bf94e33b85200aba407836d135d721bf2f9,1788466645.5649223,1788466646.0216832,99965.73978942,99966.196549686,0.456760266009951,1.3266130580000066,1.3266130580000068,2189.3322918290223,0.40486720418930056,0.35761550068855286,0.13701463659900506,33.84187091008295,0.57897127866745,0.6413793981075286,0.9967388653755187,0.2557640075683594,1.2689000368118286,3,11.033333333333333,284.0,11.833333333333334,2.919486111111112,62.0,754.5546875,2026-09-03T20:17:25.564929+00:00,2026-09-03T20:17:26.021669+00:00,6,0.4525883197784424,99.08648842203284,17.69544329036666,2910.1403118485923,61.36376681576553,64.0,35.593836230761006,26.63500399042719,16.257872077911987,12.165827950200192,23.027351708878882,10.517979292052217,16.257872077911987,10.517979292052217
1000,86,1,988,98.8,8c2ba3f275180f2816dfe582f6465bf94e33b85200aba407836d135d721bf2f9,1788466646.0268295,1788466646.480629,99966.201696444,99966.65549544,0.4537989960081177,1.263451558000014,1.263451558000014,2203.618802149381,0.39996129301190375,0.35604749619960785,0.12152300057318502,30.383690296142788,0.5778027951717377,0.6205423653125762,0.8401094311475752,0.2515980005264282,1.0823349952697754,2,10.600000000000001,282.75,11.78125,2.732708333333334,62.0,754.5546875,2026-09-03T20:17:26.026835+00:00,2026-09-03T20:17:26.480615+00:00,5,0.45128417015075684,99.44572083348876,16.12952791148459,3007.997460935333,61.478746824188,63.0,35.834114346666325,27.011921352392694,16.261502677525836,12.257996029917654,23.267620423679194,10.558822787763592,16.261502677525836,10.558822787763592
1000,87,1,988,98.8,8c2ba3f275180f2816dfe582f6465bf94e33b85200aba407836d135d721bf2f9,1788466646.6950202,1788466647.1527607,99966.869887513,99967.32762749,0.45773997699143365,1.3378720989999806,1.3378720989999806,2184.646415575615,0.4056725071966648,0.34778299927711487,0.1658160264389411,40.87435640753334,0.5997903227806092,0.6859181731939316,1.1793042600154875,0.25480198860168457,1.626857042312622,2,9.15,220.54999999999998,9.189583333333333,2.897104166666667,62.0,754.5546875,2026-09-03T20:17:26.695038+00:00,2026-09-03T20:17:27.152744+00:00,5,0.4556560516357422,99.54461241010614,18.21091780384688,2908.298518177442,60.71555338119257,65.0,35.84015746457649,26.718856689131208,16.40549322049923,12.230304029949444,23.27366933219446,10.653288864624926,16.40549322049923,10.653288864624926
1000,88,1,988,98.8,8c2ba3f275180f2816dfe582f6465bf94e33b85200aba407836d135d721bf2f9,1788466647.157704,1788466647.600877,99967.33257107,99967.775743353,0.44317228300496936,1.2746182799999985,1.2746182799999985,2256.458804732576,0.3934893760085106,0.341949000954628,0.14289450951860597,36.314705867818745,0.5601107776165009,0.6515421688556671,1.0017958950996397,0.25028300285339355,1.1678149700164795,3,12.933333333333332,288.6,12.025,2.6540972222222226,62.0,754.5546875,2026-09-03T20:17:27.157710+00:00,2026-09-03T20:17:27.600846+00:00,6,0.43966150283813477,99.20766170899321,17.324679698320132,3052.730320475209,61.78431830826746,65.0,37.91115371183586,28.976214750601113,16.801197133509618,12.8414740397565,25.344676574236246,11.232058179426843,16.801197133509618,11.232058179426843
1000,89,1,988,98.8,8c2ba3f275180f2816dfe582f6465bf94e33b85200aba407836d135d721bf2f9,1788466647.6064835,1788466648.0436754,99967.781350329,99968.218541983,0.4371916540112579,1.2945296430000042,1.2945296430000042,2287.3263723699756,0.38886304503679275,0.35753099620342255,0.12287996770865275,31.599805966912157,0.4974137097597122,0.5835895270109176,0.9483746945858001,0.2602370083332062,1.1726219654083252,2,11.25,287.79999999999995,11.991666666666665,3.4810624999999993,62.0,754.5546875,2026-09-03T20:17:27.606488+00:00,2026-09-03T20:17:28.043658+00:00,5,0.43496060371398926,99.48961562204835,17.60009391802153,3038.2913996547823,60.61536968915623,63.0,37.22807062981642,28.329151454457655,16.275813284641373,12.385277340045517,24.661564330010563,10.781830099942358,16.275813284641373,10.781830099942358
1000,90,1,988,98.8,8c2ba3f275180f2816dfe582f6465bf94e33b85200aba407836d135d721bf2f9,1788466648.0497153,1788466648.450107,99968.224582399,99968.624973833,0.4003914339991752,1.1633641489999889,1.1633641489999889,2497.5559292361386,0.3557198297679424,0.3307500034570694,0.09919281204539217,27.885094882144088,0.4486146926879883,0.5109834164381027,0.8411941927671429,0.24958699941635132,1.0587470531463623,2,11.05,290.5,12.104166666666666,3.5661041666666664,61.0,754.5546875,2026-09-03T20:17:28.049726+00:00,2026-09-03T20:17:28.450090+00:00,5,0.39701128005981445,99.15569277673406,17.87724823533227,3202.126465151641,61.88607038492997,65.0,40.46239904731363,31.54058746590471,16.20081347849175,12.628593127650992,27.895905133936576,11.16928145928182,16.20081347849175,11.16928145928182
1000,91,1,988,98.8,8c2ba3f275180f2816dfe582f6465bf94e33b85200aba407836d135d721bf2f9,1788466648.4567482,1788466648.9176223,99968.631615534,99969.092488763,0.46087322899256833,1.3416435610000121,1.3416435610000121,2169.7940715409295,0.40786052790284155,0.3583360016345978,0.14739181857052885,36.137799195326835,0.5841620028018951,0.6915614813566208,1.020121932029724,0.25346699357032776,1.174522042274475,3,11.766666666666667,284.73333333333335,11.863888888888889,3.0032083333333333,61.0,754.5546875,2026-09-03T20:17:28.456763+00:00,2026-09-03T20:17:28.917608+00:00,6,0.4568486213684082,99.12655984389403,17.367996870828247,2900.4667715986434,62.80489436696897,64.0,35.695227105015135,27.019713468902943,16.451004975900908,12.452685604622115,23.12876043988088,10.659426506523477,16.451004975900908,10.659426506523477
1000,92,1,988,98.8,8c2ba3f275180f2816dfe582f6465bf94e33b85200aba407836d135d721bf2f9,1788466648.9229524,1788466649.3380606,99969.097819274,99969.512927032,0.41510775800270494,1.1957337819999907,1.1957337819999907,2409.013035100837,0.36917043194174765,0.33071349561214447,0.1234541090882024,33.44095258086177,0.505930882692337,0.6052015662193297,0.9546279931068419,0.25586700439453125,1.194221019744873,2,11.15,285.65,11.902083333333332,2.8667708333333333,63.0,754.55859375,2026-09-03T20:17:28.922958+00:00,2026-09-03T20:17:29.338044+00:00,5,0.4132359027862549,99.54896070852168,17.785370373468833,3099.952704102209,63.24199229534103,65.0,39.16607452991137,30.383620705073803,16.25815885145268,12.612490218495594,26.59958397217032,11.041693666492305,16.25815885145268,11.041693666492305
1000,93,1,988,98.8,8c2ba3f275180f2816dfe582f6465bf94e33b85200aba407836d135d721bf2f9,1788466649.3441129,1788466649.771097,99969.518979963,99969.945963261,0.4269832979916828,1.2399245469999869,1.2399245469999869,2342.0119819756487,0.3778579826951027,0.3396894931793213,0.11818790474971268,31.27839298424447,0.5141379058361054,0.5986829131841658,0.9378761965036392,0.24988600611686707,1.046370029449463,3,11.566666666666668,290.8,12.116666666666667,3.1444027777777777,65.0,754.55859375,2026-09-03T20:17:29.344122+00:00,2026-09-03T20:17:29.771075+00:00,5,0.42402172088623047,99.30621513975368,17.78629070620014,3087.3144512492718,61.820816249418044,63.0,38.748807209093634,29.784226287000777,16.545123476880313,12.717390213397975,26.182344798401058,11.179423931176665,16.545123476880313,11.179423931176665
1000,94,1,988,98.8,8c2ba3f275180f2816dfe582f6465bf94e33b85200aba407836d135d721bf2f9,1788466649.7778113,1788466650.1865473,99969.952678361,99970.361413721,0.40873535998980515,1.2189928120000104,1.2189928120000104,2446.5708081261732,0.3635682688951492,0.3343234956264496,0.1142800796534817,31.432908047990118,0.4463401108980179,0.5362531423568724,0.9334027069807052,0.2551819980144501,1.1693170070648193,3,11.966666666666667,290.6666666666667,12.111111111111112,2.9250555555555557,65.0,754.55859375,2026-09-03T20:17:29.777822+00:00,2026-09-03T20:17:30.186530+00:00,5,0.40291762351989746,98.57649750957061,17.53940659507124,3145.132997309402,62.64977848575025,63.0,39.466709582895206,30.625358165493953,16.13146463409924,12.517686104934384,26.90023783838772,10.995078396684782,16.13146463409924,10.995078396684782
1000,95,1,988,98.8,8c2ba3f275180f2816dfe582f6465bf94e33b85200aba407836d135d721bf2f9,1788466650.1928062,1788466650.6182454,99970.367673306,99970.793111922,0.4254386160027934,1.2636563469999942,1.2636563469999942,2350.5153561176357,0.37825155873596666,0.3369249999523163,0.13003187712502576,34.37708956430045,0.5246659994125368,0.636703136563301,0.9618485635519027,0.24584299325942993,1.1419919729232788,3,12.233333333333334,291.99999999999994,12.166666666666664,2.9761388888888884,63.0,754.55859375,2026-09-03T20:17:30.192815+00:00,2026-09-03T20:17:30.618223+00:00,5,0.4231853485107422,99.47024833265245,17.42733176034723,3149.8875123382504,62.18151425828522,64.0,39.4475205524832,30.503304622956584,16.78251840395513,12.97729905571957,26.881034595104122,11.436230154864308,16.78251840395513,11.436230154864308
1000,96,1,988,98.8,8c2ba3f275180f2816dfe582f6465bf94e33b85200aba407836d135d721bf2f9,1788466650.6250553,1788466651.115728,99970.799922486,99971.290593869,0.4906713829986984,1.4173894269999892,1.4173894269999892,2038.0238885923632,0.4361825659275055,0.3933729976415634,0.1507668845882359,34.56508727432579,0.6155935764312744,0.7116855084896087,0.9661555951833724,0.2537519931793213,1.0956519842147827,3,11.333333333333334,283.5,11.8125,2.634472222222222,62.0,754.55859375,2026-09-03T20:17:30.625067+00:00,2026-09-03T20:17:31.115713+00:00,5,0.48764920234680176,99.38382822407836,17.931946631112833,2802.3030773721257,61.01182047660326,63.0,33.611101846188596,24.676632843588063,16.492046340110665,12.108147309086213,21.044651785198543,10.326008396169396,16.492046340110665,10.326008396169396
1000,97,1,988,98.8,8c2ba3f275180f2816dfe582f6465bf94e33b85200aba407836d135d721bf2f9,1788466651.1214817,1788466651.5833242,99971.296348666,99971.758190729,0.4618420629994944,1.323732055999983,1.323732055999983,2165.242363385803,0.4083385597765446,0.36160150170326233,0.13727058143148219,33.61685497117903,0.5979073822498322,0.6715763658285141,0.9841289514303208,0.2580319941043854,1.1722079515457153,2,11.6,279.15,11.63125,2.620895833333333,62.0,754.55859375,2026-09-03T20:17:31.121488+00:00,2026-09-03T20:17:31.583307+00:00,6,0.45793914794921875,99.15482254990428,17.05187125143695,3002.0562086616796,62.65510825017077,68.0,36.360660517634905,27.57875692442897,16.792899697779347,12.737043063251198,23.794165202001246,10.989146344243036,16.792899697779347,10.989146344243036
1000,98,1,988,98.8,8c2ba3f275180f2816dfe582f6465bf94e33b85200aba407836d135d721bf2f9,1788466651.5886583,1788466651.982983,99971.763525402,99972.157849748,0.3943243459943915,1.0902146990000006,1.0902146990000006,2535.98341101217,0.3491208601295948,0.3313544988632202,0.09587916125902177,27.463028483440123,0.40241430997848515,0.4771752044558523,0.9087473499774933,0.251213014125824,0.9855030179023743,2,11.05,275.15,11.464583333333332,3.187583333333333,62.0,754.55859375,2026-09-03T20:17:31.588665+00:00,2026-09-03T20:17:31.982970+00:00,5,0.3923492431640625,99.49900781054441,17.17092641003578,3459.312933268191,64.9697872914479,66.0,43.999884931746585,35.155594312701744,17.350244924198257,13.862721975916635,31.433400677045643,12.394955164355686,17.350244924198257,12.394955164355686
1000,99,1,988,98.8,8c2ba3f275180f2816dfe582f6465bf94e33b85200aba407836d135d721bf2f9,1788466651.9873092,1788466652.401727,99972.162176152,99972.576593656,0.4144175040128175,1.1606660440000098,1.1606660440000098,2413.025488346822,0.3678571475446224,0.329865500330925,0.11670180389003564,31.724761818276015,0.5277385175228119,0.6069792062044144,0.9185240232944488,0.25333499908447266,1.0572129487991333,1,10.9,264.8,11.033333333333333,3.0275,62.0,754.55859375,2026-09-03T20:17:31.987318+00:00,2026-09-03T20:17:32.401712+00:00,5,0.411299467086792,99.24755234455994,15.08780432029169,3119.8322303150803,62.924981812806685,65.0,37.742152239126085,28.99803513968634,15.641017572673684,12.017300293825139,25.175641438822893,10.433226486998642,15.641017572673684,10.433226486998642
1000,100,1,988,98.8,8c2ba3f275180f2816dfe582f6465bf94e33b85200aba407836d135d721bf2f9,1788466652.4576495,1788466652.8559508,99972.632516847,99973.030817447,0.39830059999076184,1.1710538080000106,1.1710538080000106,2510.6665669677473,0.35508538988232613,0.32302649319171906,0.14356865922988624,40.43215049694506,0.41619239449501044,0.5700762808322901,1.0413917660713194,0.25251200795173645,1.709962010383606,2,10.55,258.65,10.777083333333332,3.5662499999999993,65.0,754.55859375,2026-09-03T20:17:32.457665+00:00,2026-09-03T20:17:32.855937+00:00,5,0.3956418037414551,99.33227462996761,17.293074720297547,3279.471424731928,64.74724636353666,66.0,42.04724172342269,32.98883042010507,16.747473688465302,13.139496119817798,29.480789643082613,11.742216203041242,16.747473688465302,11.742216203041242
