received_perf_counter_ns,seconds_since_first_sample,timestamp,index,name,uuid,pci.bus_id,driver_version,pstate,temperature.gpu,utilization.gpu,utilization.memory,memory.used,memory.total,power.draw.instant,power.draw.average,power.limit,clocks.current.sm,clocks.current.memory,fan.speed
100854517164431,0.0,2026/09/03 17:32:14.336,0.0,NVIDIA GeForce RTX 3050 OEM,GPU-234713d7-e691-1f3e-f20d-851ede38469f,00000000:01:00.0,580.173.02,P2,47.0,5.0,0.0,700.0,8192.0,28.56,28.35,120.0,1755.0,6801.0,31.0
100854619912434,0.102748003,2026/09/03 17:32:14.442,0.0,NVIDIA GeForce RTX 3050 OEM,GPU-234713d7-e691-1f3e-f20d-851ede38469f,00000000:01:00.0,580.173.02,P2,47.0,5.0,0.0,700.0,8192.0,28.56,28.35,120.0,1755.0,6801.0,31.0
100854723044130,0.205879699,2026/09/03 17:32:14.545,0.0,NVIDIA GeForce RTX 3050 OEM,GPU-234713d7-e691-1f3e-f20d-851ede38469f,00000000:01:00.0,580.173.02,P2,47.0,5.0,0.0,700.0,8192.0,28.56,28.35,120.0,1755.0,6801.0,31.0
100854825046403,0.307881972,2026/09/03 17:32:14.648,0.0,NVIDIA GeForce RTX 3050 OEM,GPU-234713d7-e691-1f3e-f20d-851ede38469f,00000000:01:00.0,580.173.02,P2,47.0,5.0,0.0,700.0,8192.0,28.56,28.35,120.0,1755.0,6801.0,31.0
100854927788996,0.410624565,2026/09/03 17:32:14.750,0.0,NVIDIA GeForce RTX 3050 OEM,GPU-234713d7-e691-1f3e-f20d-851ede38469f,00000000:01:00.0,580.173.02,P2,47.0,5.0,0.0,700.0,8192.0,28.56,28.35,120.0,1755.0,6801.0,31.0
100855030409014,0.513244583,2026/09/03 17:32:14.853,0.0,NVIDIA GeForce RTX 3050 OEM,GPU-234713d7-e691-1f3e-f20d-851ede38469f,00000000:01:00.0,580.173.02,P2,47.0,5.0,0.0,700.0,8192.0,28.56,28.35,120.0,1755.0,6801.0,31.0
100855139077011,0.62191258,2026/09/03 17:32:14.955,0.0,NVIDIA GeForce RTX 3050 OEM,GPU-234713d7-e691-1f3e-f20d-851ede38469f,00000000:01:00.0,580.173.02,P2,47.0,5.0,0.0,700.0,8192.0,28.56,28.35,120.0,1755.0,6801.0,31.0
100855241758688,0.724594257,2026/09/03 17:32:15.064,0.0,NVIDIA GeForce RTX 3050 OEM,GPU-234713d7-e691-1f3e-f20d-851ede38469f,00000000:01:00.0,580.173.02,P2,47.0,5.0,0.0,700.0,8192.0,28.56,28.35,120.0,1755.0,6801.0,31.0
100855344424024,0.827259593,2026/09/03 17:32:15.167,0.0,NVIDIA GeForce RTX 3050 OEM,GPU-234713d7-e691-1f3e-f20d-851ede38469f,00000000:01:00.0,580.173.02,P2,47.0,5.0,0.0,700.0,8192.0,28.56,28.35,120.0,1755.0,6801.0,31.0
100855447534419,0.930369988,2026/09/03 17:32:15.269,0.0,NVIDIA GeForce RTX 3050 OEM,GPU-234713d7-e691-1f3e-f20d-851ede38469f,00000000:01:00.0,580.173.02,P2,47.0,5.0,0.0,700.0,8192.0,28.31,28.27,120.0,1755.0,6801.0,31.0
100855550380003,1.033215572,2026/09/03 17:32:15.372,0.0,NVIDIA GeForce RTX 3050 OEM,GPU-234713d7-e691-1f3e-f20d-851ede38469f,00000000:01:00.0,580.173.02,P2,47.0,5.0,0.0,700.0,8192.0,28.31,28.27,120.0,1755.0,6801.0,31.0
100855653164957,1.136000526,2026/09/03 17:32:15.475,0.0,NVIDIA GeForce RTX 3050 OEM,GPU-234713d7-e691-1f3e-f20d-851ede38469f,00000000:01:00.0,580.173.02,P2,47.0,5.0,0.0,700.0,8192.0,28.31,28.27,120.0,1755.0,6801.0,31.0
100855755808988,1.238644557,2026/09/03 17:32:15.578,0.0,NVIDIA GeForce RTX 3050 OEM,GPU-234713d7-e691-1f3e-f20d-851ede38469f,00000000:01:00.0,580.173.02,P2,47.0,5.0,0.0,700.0,8192.0,28.31,28.27,120.0,1755.0,6801.0,31.0
100855857901500,1.340737069,2026/09/03 17:32:15.681,0.0,NVIDIA GeForce RTX 3050 OEM,GPU-234713d7-e691-1f3e-f20d-851ede38469f,00000000:01:00.0,580.173.02,P2,47.0,5.0,0.0,700.0,8192.0,28.31,28.27,120.0,1755.0,6801.0,31.0
100855960882572,1.443718141,2026/09/03 17:32:15.783,0.0,NVIDIA GeForce RTX 3050 OEM,GPU-234713d7-e691-1f3e-f20d-851ede38469f,00000000:01:00.0,580.173.02,P2,47.0,0.0,0.0,700.0,8192.0,28.29,28.25,120.0,1755.0,6801.0,31.0
100856063492600,1.546328169,2026/09/03 17:32:15.886,0.0,NVIDIA GeForce RTX 3050 OEM,GPU-234713d7-e691-1f3e-f20d-851ede38469f,00000000:01:00.0,580.173.02,P2,47.0,0.0,0.0,700.0,8192.0,28.29,28.25,120.0,1755.0,6801.0,31.0
100856166132747,1.648968316,2026/09/03 17:32:15.988,0.0,NVIDIA GeForce RTX 3050 OEM,GPU-234713d7-e691-1f3e-f20d-851ede38469f,00000000:01:00.0,580.173.02,P2,47.0,0.0,0.0,700.0,8192.0,28.29,28.25,120.0,1755.0,6801.0,31.0
100856269086361,1.75192193,2026/09/03 17:32:16.091,0.0,NVIDIA GeForce RTX 3050 OEM,GPU-234713d7-e691-1f3e-f20d-851ede38469f,00000000:01:00.0,580.173.02,P2,47.0,0.0,0.0,700.0,8192.0,28.29,28.25,120.0,1755.0,6801.0,31.0
100856372197018,1.855032587,2026/09/03 17:32:16.194,0.0,NVIDIA GeForce RTX 3050 OEM,GPU-234713d7-e691-1f3e-f20d-851ede38469f,00000000:01:00.0,580.173.02,P2,47.0,0.0,0.0,700.0,8192.0,28.15,28.27,120.0,1755.0,6801.0,31.0
100856474526496,1.957362065,2026/09/03 17:32:16.297,0.0,NVIDIA GeForce RTX 3050 OEM,GPU-234713d7-e691-1f3e-f20d-851ede38469f,00000000:01:00.0,580.173.02,P2,47.0,0.0,0.0,700.0,8192.0,28.15,28.27,120.0,1755.0,6801.0,31.0
100856576422088,2.059257657,2026/09/03 17:32:16.399,0.0,NVIDIA GeForce RTX 3050 OEM,GPU-234713d7-e691-1f3e-f20d-851ede38469f,00000000:01:00.0,580.173.02,P2,47.0,0.0,0.0,700.0,8192.0,28.15,28.27,120.0,1755.0,6801.0,31.0
100856679368311,2.16220388,2026/09/03 17:32:16.501,0.0,NVIDIA GeForce RTX 3050 OEM,GPU-234713d7-e691-1f3e-f20d-851ede38469f,00000000:01:00.0,580.173.02,P2,47.0,0.0,0.0,700.0,8192.0,28.15,28.27,120.0,1755.0,6801.0,31.0
100856782023092,2.264858661,2026/09/03 17:32:16.604,0.0,NVIDIA GeForce RTX 3050 OEM,GPU-234713d7-e691-1f3e-f20d-851ede38469f,00000000:01:00.0,580.173.02,P2,47.0,0.0,0.0,700.0,8192.0,28.15,28.27,120.0,1755.0,6801.0,31.0
100856884601937,2.367437506,2026/09/03 17:32:16.707,0.0,NVIDIA GeForce RTX 3050 OEM,GPU-234713d7-e691-1f3e-f20d-851ede38469f,00000000:01:00.0,580.173.02,P2,47.0,0.0,0.0,700.0,8192.0,28.13,28.22,120.0,1755.0,6801.0,31.0
100856987252262,2.470087831,2026/09/03 17:32:16.809,0.0,NVIDIA GeForce RTX 3050 OEM,GPU-234713d7-e691-1f3e-f20d-851ede38469f,00000000:01:00.0,580.173.02,P2,47.0,0.0,0.0,700.0,8192.0,28.13,28.22,120.0,1755.0,6801.0,31.0
100857089715147,2.572550716,2026/09/03 17:32:16.912,0.0,NVIDIA GeForce RTX 3050 OEM,GPU-234713d7-e691-1f3e-f20d-851ede38469f,00000000:01:00.0,580.173.02,P2,47.0,0.0,0.0,700.0,8192.0,28.13,28.22,120.0,1755.0,6801.0,31.0
100857192681684,2.675517253,2026/09/03 17:32:17.015,0.0,NVIDIA GeForce RTX 3050 OEM,GPU-234713d7-e691-1f3e-f20d-851ede38469f,00000000:01:00.0,580.173.02,P2,47.0,0.0,0.0,700.0,8192.0,28.13,28.22,120.0,1755.0,6801.0,31.0
100857295282492,2.778118061,2026/09/03 17:32:17.117,0.0,NVIDIA GeForce RTX 3050 OEM,GPU-234713d7-e691-1f3e-f20d-851ede38469f,00000000:01:00.0,580.173.02,P2,47.0,0.0,0.0,700.0,8192.0,28.13,28.22,120.0,1755.0,6801.0,31.0
100857398170545,2.881006114,2026/09/03 17:32:17.220,0.0,NVIDIA GeForce RTX 3050 OEM,GPU-234713d7-e691-1f3e-f20d-851ede38469f,00000000:01:00.0,580.173.02,P2,47.0,0.0,0.0,700.0,8192.0,28.14,28.13,120.0,1755.0,6801.0,31.0
100857500517317,2.983352886,2026/09/03 17:32:17.323,0.0,NVIDIA GeForce RTX 3050 OEM,GPU-234713d7-e691-1f3e-f20d-851ede38469f,00000000:01:00.0,580.173.02,P2,47.0,0.0,0.0,700.0,8192.0,28.14,28.13,120.0,1755.0,6801.0,31.0
100857602971656,3.085807225,2026/09/03 17:32:17.425,0.0,NVIDIA GeForce RTX 3050 OEM,GPU-234713d7-e691-1f3e-f20d-851ede38469f,00000000:01:00.0,580.173.02,P2,47.0,0.0,0.0,700.0,8192.0,28.14,28.13,120.0,1755.0,6801.0,31.0
100857705969993,3.188805562,2026/09/03 17:32:17.528,0.0,NVIDIA GeForce RTX 3050 OEM,GPU-234713d7-e691-1f3e-f20d-851ede38469f,00000000:01:00.0,580.173.02,P2,47.0,0.0,0.0,700.0,8192.0,28.14,28.13,120.0,1755.0,6801.0,31.0
100857808050506,3.290886075,2026/09/03 17:32:17.631,0.0,NVIDIA GeForce RTX 3050 OEM,GPU-234713d7-e691-1f3e-f20d-851ede38469f,00000000:01:00.0,580.173.02,P2,47.0,0.0,0.0,700.0,8192.0,28.14,28.13,120.0,1755.0,6801.0,31.0
100857911086499,3.393922068,2026/09/03 17:32:17.733,0.0,NVIDIA GeForce RTX 3050 OEM,GPU-234713d7-e691-1f3e-f20d-851ede38469f,00000000:01:00.0,580.173.02,P2,47.0,0.0,0.0,700.0,8192.0,28.13,28.11,120.0,1755.0,6801.0,31.0
100858013251247,3.496086816,2026/09/03 17:32:17.836,0.0,NVIDIA GeForce RTX 3050 OEM,GPU-234713d7-e691-1f3e-f20d-851ede38469f,00000000:01:00.0,580.173.02,P2,47.0,0.0,0.0,700.0,8192.0,28.13,28.11,120.0,1755.0,6801.0,31.0
100858115285160,3.598120729,2026/09/03 17:32:17.938,0.0,NVIDIA GeForce RTX 3050 OEM,GPU-234713d7-e691-1f3e-f20d-851ede38469f,00000000:01:00.0,580.173.02,P2,47.0,0.0,0.0,700.0,8192.0,28.13,28.11,120.0,1755.0,6801.0,31.0
100858217988403,3.700823972,2026/09/03 17:32:18.040,0.0,NVIDIA GeForce RTX 3050 OEM,GPU-234713d7-e691-1f3e-f20d-851ede38469f,00000000:01:00.0,580.173.02,P2,47.0,0.0,0.0,700.0,8192.0,28.13,28.11,120.0,1755.0,6801.0,31.0
100858320659993,3.803495562,2026/09/03 17:32:18.143,0.0,NVIDIA GeForce RTX 3050 OEM,GPU-234713d7-e691-1f3e-f20d-851ede38469f,00000000:01:00.0,580.173.02,P2,47.0,0.0,0.0,700.0,8192.0,28.13,28.11,120.0,1755.0,6801.0,31.0
100858423393421,3.90622899,2026/09/03 17:32:18.245,0.0,NVIDIA GeForce RTX 3050 OEM,GPU-234713d7-e691-1f3e-f20d-851ede38469f,00000000:01:00.0,580.173.02,P2,47.0,0.0,0.0,700.0,8192.0,28.22,28.14,120.0,1755.0,6801.0,31.0
100858525820183,4.008655752,2026/09/03 17:32:18.348,0.0,NVIDIA GeForce RTX 3050 OEM,GPU-234713d7-e691-1f3e-f20d-851ede38469f,00000000:01:00.0,580.173.02,P2,47.0,0.0,0.0,700.0,8192.0,28.22,28.14,120.0,1755.0,6801.0,31.0
100858628694522,4.111530091,2026/09/03 17:32:18.451,0.0,NVIDIA GeForce RTX 3050 OEM,GPU-234713d7-e691-1f3e-f20d-851ede38469f,00000000:01:00.0,580.173.02,P2,47.0,0.0,0.0,700.0,8192.0,28.22,28.14,120.0,1755.0,6801.0,31.0
100858731311481,4.21414705,2026/09/03 17:32:18.553,0.0,NVIDIA GeForce RTX 3050 OEM,GPU-234713d7-e691-1f3e-f20d-851ede38469f,00000000:01:00.0,580.173.02,P2,47.0,0.0,0.0,700.0,8192.0,28.22,28.14,120.0,1755.0,6801.0,31.0
100858834092854,4.316928423,2026/09/03 17:32:18.656,0.0,NVIDIA GeForce RTX 3050 OEM,GPU-234713d7-e691-1f3e-f20d-851ede38469f,00000000:01:00.0,580.173.02,P2,47.0,0.0,0.0,700.0,8192.0,28.22,28.14,120.0,1755.0,6801.0,31.0
100858936692971,4.41952854,2026/09/03 17:32:18.759,0.0,NVIDIA GeForce RTX 3050 OEM,GPU-234713d7-e691-1f3e-f20d-851ede38469f,00000000:01:00.0,580.173.02,P2,47.0,0.0,0.0,700.0,8192.0,28.19,28.15,120.0,1755.0,6801.0,31.0
100859039107226,4.521942795,2026/09/03 17:32:18.861,0.0,NVIDIA GeForce RTX 3050 OEM,GPU-234713d7-e691-1f3e-f20d-851ede38469f,00000000:01:00.0,580.173.02,P2,47.0,0.0,0.0,700.0,8192.0,28.19,28.15,120.0,1755.0,6801.0,31.0
100859141032872,4.623868441,2026/09/03 17:32:18.964,0.0,NVIDIA GeForce RTX 3050 OEM,GPU-234713d7-e691-1f3e-f20d-851ede38469f,00000000:01:00.0,580.173.02,P2,47.0,0.0,0.0,700.0,8192.0,28.19,28.15,120.0,1755.0,6801.0,31.0
100859243506177,4.726341746,2026/09/03 17:32:19.066,0.0,NVIDIA GeForce RTX 3050 OEM,GPU-234713d7-e691-1f3e-f20d-851ede38469f,00000000:01:00.0,580.173.02,P2,47.0,0.0,0.0,700.0,8192.0,28.19,28.15,120.0,1755.0,6801.0,31.0
100859345319404,4.828154973,2026/09/03 17:32:19.168,0.0,NVIDIA GeForce RTX 3050 OEM,GPU-234713d7-e691-1f3e-f20d-851ede38469f,00000000:01:00.0,580.173.02,P2,47.0,0.0,0.0,700.0,8192.0,28.19,28.15,120.0,1755.0,6801.0,31.0
100859447531734,4.930367303,2026/09/03 17:32:19.270,0.0,NVIDIA GeForce RTX 3050 OEM,GPU-234713d7-e691-1f3e-f20d-851ede38469f,00000000:01:00.0,580.173.02,P2,47.0,0.0,0.0,700.0,8192.0,28.2,28.16,120.0,1755.0,6801.0,31.0
100859549520526,5.032356095,2026/09/03 17:32:19.372,0.0,NVIDIA GeForce RTX 3050 OEM,GPU-234713d7-e691-1f3e-f20d-851ede38469f,00000000:01:00.0,580.173.02,P2,47.0,0.0,0.0,700.0,8192.0,28.2,28.16,120.0,1755.0,6801.0,31.0
100859650964813,5.133800382,2026/09/03 17:32:19.474,0.0,NVIDIA GeForce RTX 3050 OEM,GPU-234713d7-e691-1f3e-f20d-851ede38469f,00000000:01:00.0,580.173.02,P2,47.0,0.0,0.0,700.0,8192.0,28.2,28.16,120.0,1755.0,6801.0,31.0
100859752153983,5.234989552,2026/09/03 17:32:19.575,0.0,NVIDIA GeForce RTX 3050 OEM,GPU-234713d7-e691-1f3e-f20d-851ede38469f,00000000:01:00.0,580.173.02,P2,47.0,0.0,0.0,700.0,8192.0,28.2,28.16,120.0,1755.0,6801.0,31.0
100859853356989,5.336192558,2026/09/03 17:32:19.677,0.0,NVIDIA GeForce RTX 3050 OEM,GPU-234713d7-e691-1f3e-f20d-851ede38469f,00000000:01:00.0,580.173.02,P2,47.0,0.0,0.0,700.0,8192.0,28.2,28.16,120.0,1755.0,6801.0,31.0
100859954831064,5.437666633,2026/09/03 17:32:19.778,0.0,NVIDIA GeForce RTX 3050 OEM,GPU-234713d7-e691-1f3e-f20d-851ede38469f,00000000:01:00.0,580.173.02,P2,47.0,9.0,0.0,700.0,8192.0,28.24,28.21,120.0,1755.0,6801.0,31.0
100860055973322,5.538808891,2026/09/03 17:32:19.879,0.0,NVIDIA GeForce RTX 3050 OEM,GPU-234713d7-e691-1f3e-f20d-851ede38469f,00000000:01:00.0,580.173.02,P2,47.0,9.0,0.0,700.0,8192.0,28.24,28.21,120.0,1755.0,6801.0,31.0
100860157197078,5.640032647,2026/09/03 17:32:19.981,0.0,NVIDIA GeForce RTX 3050 OEM,GPU-234713d7-e691-1f3e-f20d-851ede38469f,00000000:01:00.0,580.173.02,P2,47.0,9.0,0.0,700.0,8192.0,28.24,28.21,120.0,1755.0,6801.0,31.0
100860258175575,5.741011144,2026/09/03 17:32:20.082,0.0,NVIDIA GeForce RTX 3050 OEM,GPU-234713d7-e691-1f3e-f20d-851ede38469f,00000000:01:00.0,580.173.02,P2,47.0,9.0,0.0,700.0,8192.0,28.24,28.21,120.0,1755.0,6801.0,31.0
100860359374940,5.842210509,2026/09/03 17:32:20.183,0.0,NVIDIA GeForce RTX 3050 OEM,GPU-234713d7-e691-1f3e-f20d-851ede38469f,00000000:01:00.0,580.173.02,P2,47.0,9.0,0.0,700.0,8192.0,28.24,28.21,120.0,1755.0,6801.0,31.0
100860460567853,5.943403422,2026/09/03 17:32:20.284,0.0,NVIDIA GeForce RTX 3050 OEM,GPU-234713d7-e691-1f3e-f20d-851ede38469f,00000000:01:00.0,580.173.02,P2,48.0,9.0,0.0,700.0,8192.0,28.51,28.3,120.0,1755.0,6801.0,31.0
100860561768849,6.044604418,2026/09/03 17:32:20.385,0.0,NVIDIA GeForce RTX 3050 OEM,GPU-234713d7-e691-1f3e-f20d-851ede38469f,00000000:01:00.0,580.173.02,P2,48.0,9.0,0.0,700.0,8192.0,28.51,28.3,120.0,1755.0,6801.0,31.0
100860663166782,6.146002351,2026/09/03 17:32:20.486,0.0,NVIDIA GeForce RTX 3050 OEM,GPU-234713d7-e691-1f3e-f20d-851ede38469f,00000000:01:00.0,580.173.02,P2,48.0,9.0,0.0,700.0,8192.0,28.51,28.3,120.0,1755.0,6801.0,31.0
100860764198245,6.247033814,2026/09/03 17:32:20.588,0.0,NVIDIA GeForce RTX 3050 OEM,GPU-234713d7-e691-1f3e-f20d-851ede38469f,00000000:01:00.0,580.173.02,P2,48.0,9.0,0.0,700.0,8192.0,28.51,28.3,120.0,1755.0,6801.0,31.0
100860865312356,6.348147925,2026/09/03 17:32:20.689,0.0,NVIDIA GeForce RTX 3050 OEM,GPU-234713d7-e691-1f3e-f20d-851ede38469f,00000000:01:00.0,580.173.02,P2,48.0,9.0,0.0,700.0,8192.0,28.51,28.3,120.0,1755.0,6801.0,31.0
100860966708950,6.449544519,2026/09/03 17:32:20.790,0.0,NVIDIA GeForce RTX 3050 OEM,GPU-234713d7-e691-1f3e-f20d-851ede38469f,00000000:01:00.0,580.173.02,P2,48.0,10.0,0.0,700.0,8192.0,28.33,28.38,120.0,1755.0,6801.0,31.0
100861067886453,6.550722022,2026/09/03 17:32:20.891,0.0,NVIDIA GeForce RTX 3050 OEM,GPU-234713d7-e691-1f3e-f20d-851ede38469f,00000000:01:00.0,580.173.02,P2,48.0,10.0,0.0,700.0,8192.0,28.33,28.38,120.0,1755.0,6801.0,31.0
100861169144539,6.651980108,2026/09/03 17:32:20.993,0.0,NVIDIA GeForce RTX 3050 OEM,GPU-234713d7-e691-1f3e-f20d-851ede38469f,00000000:01:00.0,580.173.02,P2,48.0,10.0,0.0,700.0,8192.0,28.33,28.38,120.0,1755.0,6801.0,31.0
100861270644744,6.753480313,2026/09/03 17:32:21.094,0.0,NVIDIA GeForce RTX 3050 OEM,GPU-234713d7-e691-1f3e-f20d-851ede38469f,00000000:01:00.0,580.173.02,P2,48.0,10.0,0.0,700.0,8192.0,28.33,28.38,120.0,1755.0,6801.0,31.0
100861372119594,6.854955163,2026/09/03 17:32:21.195,0.0,NVIDIA GeForce RTX 3050 OEM,GPU-234713d7-e691-1f3e-f20d-851ede38469f,00000000:01:00.0,580.173.02,P2,48.0,10.0,0.0,700.0,8192.0,28.39,28.43,120.0,1755.0,6801.0,31.0
100861473271812,6.956107381,2026/09/03 17:32:21.297,0.0,NVIDIA GeForce RTX 3050 OEM,GPU-234713d7-e691-1f3e-f20d-851ede38469f,00000000:01:00.0,580.173.02,P2,48.0,10.0,0.0,700.0,8192.0,28.39,28.43,120.0,1755.0,6801.0,31.0
100861574690637,7.057526206,2026/09/03 17:32:21.398,0.0,NVIDIA GeForce RTX 3050 OEM,GPU-234713d7-e691-1f3e-f20d-851ede38469f,00000000:01:00.0,580.173.02,P2,48.0,10.0,0.0,700.0,8192.0,28.39,28.43,120.0,1755.0,6801.0,31.0
100861675927839,7.158763408,2026/09/03 17:32:21.499,0.0,NVIDIA GeForce RTX 3050 OEM,GPU-234713d7-e691-1f3e-f20d-851ede38469f,00000000:01:00.0,580.173.02,P2,48.0,10.0,0.0,700.0,8192.0,28.39,28.43,120.0,1755.0,6801.0,31.0
100861777341568,7.260177137,2026/09/03 17:32:21.601,0.0,NVIDIA GeForce RTX 3050 OEM,GPU-234713d7-e691-1f3e-f20d-851ede38469f,00000000:01:00.0,580.173.02,P2,48.0,10.0,0.0,700.0,8192.0,28.39,28.43,120.0,1755.0,6801.0,31.0
100861878423856,7.361259425,2026/09/03 17:32:21.702,0.0,NVIDIA GeForce RTX 3050 OEM,GPU-234713d7-e691-1f3e-f20d-851ede38469f,00000000:01:00.0,580.173.02,P2,48.0,9.0,1.0,700.0,8192.0,28.42,28.42,120.0,1755.0,6801.0,31.0
100861979804915,7.462640484,2026/09/03 17:32:21.803,0.0,NVIDIA GeForce RTX 3050 OEM,GPU-234713d7-e691-1f3e-f20d-851ede38469f,00000000:01:00.0,580.173.02,P2,48.0,9.0,1.0,700.0,8192.0,28.42,28.42,120.0,1755.0,6801.0,31.0
100862080972797,7.563808366,2026/09/03 17:32:21.904,0.0,NVIDIA GeForce RTX 3050 OEM,GPU-234713d7-e691-1f3e-f20d-851ede38469f,00000000:01:00.0,580.173.02,P2,48.0,9.0,1.0,700.0,8192.0,28.42,28.42,120.0,1755.0,6801.0,31.0
100862182162053,7.664997622,2026/09/03 17:32:22.006,0.0,NVIDIA GeForce RTX 3050 OEM,GPU-234713d7-e691-1f3e-f20d-851ede38469f,00000000:01:00.0,580.173.02,P2,48.0,9.0,1.0,700.0,8192.0,28.42,28.42,120.0,1755.0,6801.0,31.0
100862283673324,7.766508893,2026/09/03 17:32:22.107,0.0,NVIDIA GeForce RTX 3050 OEM,GPU-234713d7-e691-1f3e-f20d-851ede38469f,00000000:01:00.0,580.173.02,P2,48.0,9.0,1.0,700.0,8192.0,28.42,28.42,120.0,1755.0,6801.0,31.0
100862384594516,7.867430085,2026/09/03 17:32:22.208,0.0,NVIDIA GeForce RTX 3050 OEM,GPU-234713d7-e691-1f3e-f20d-851ede38469f,00000000:01:00.0,580.173.02,P2,48.0,9.0,1.0,700.0,8192.0,28.4,28.43,120.0,1755.0,6801.0,31.0
100862486292048,7.969127617,2026/09/03 17:32:22.309,0.0,NVIDIA GeForce RTX 3050 OEM,GPU-234713d7-e691-1f3e-f20d-851ede38469f,00000000:01:00.0,580.173.02,P2,48.0,9.0,1.0,700.0,8192.0,28.4,28.43,120.0,1755.0,6801.0,31.0
100862587615264,8.070450833,2026/09/03 17:32:22.411,0.0,NVIDIA GeForce RTX 3050 OEM,GPU-234713d7-e691-1f3e-f20d-851ede38469f,00000000:01:00.0,580.173.02,P2,48.0,9.0,1.0,700.0,8192.0,28.4,28.43,120.0,1755.0,6801.0,31.0
100862688531799,8.171367368,2026/09/03 17:32:22.512,0.0,NVIDIA GeForce RTX 3050 OEM,GPU-234713d7-e691-1f3e-f20d-851ede38469f,00000000:01:00.0,580.173.02,P2,48.0,9.0,1.0,700.0,8192.0,28.4,28.43,120.0,1755.0,6801.0,31.0
100862789824824,8.272660393,2026/09/03 17:32:22.613,0.0,NVIDIA GeForce RTX 3050 OEM,GPU-234713d7-e691-1f3e-f20d-851ede38469f,00000000:01:00.0,580.173.02,P2,48.0,9.0,1.0,700.0,8192.0,28.4,28.43,120.0,1755.0,6801.0,31.0
100862891402659,8.374238228,2026/09/03 17:32:22.714,0.0,NVIDIA GeForce RTX 3050 OEM,GPU-234713d7-e691-1f3e-f20d-851ede38469f,00000000:01:00.0,580.173.02,P2,48.0,11.0,1.0,700.0,8192.0,28.47,28.42,120.0,1755.0,6801.0,31.0
100862992451504,8.475287073,2026/09/03 17:32:22.816,0.0,NVIDIA GeForce RTX 3050 OEM,GPU-234713d7-e691-1f3e-f20d-851ede38469f,00000000:01:00.0,580.173.02,P2,48.0,11.0,1.0,700.0,8192.0,28.47,28.42,120.0,1755.0,6801.0,31.0
100863093686459,8.576522028,2026/09/03 17:32:22.917,0.0,NVIDIA GeForce RTX 3050 OEM,GPU-234713d7-e691-1f3e-f20d-851ede38469f,00000000:01:00.0,580.173.02,P2,48.0,11.0,1.0,700.0,8192.0,28.47,28.42,120.0,1755.0,6801.0,31.0
100863194911530,8.677747099,2026/09/03 17:32:23.018,0.0,NVIDIA GeForce RTX 3050 OEM,GPU-234713d7-e691-1f3e-f20d-851ede38469f,00000000:01:00.0,580.173.02,P2,48.0,11.0,1.0,700.0,8192.0,28.47,28.42,120.0,1755.0,6801.0,31.0
100863295998755,8.778834324,2026/09/03 17:32:23.120,0.0,NVIDIA GeForce RTX 3050 OEM,GPU-234713d7-e691-1f3e-f20d-851ede38469f,00000000:01:00.0,580.173.02,P2,48.0,11.0,1.0,700.0,8192.0,28.47,28.42,120.0,1755.0,6801.0,31.0
100863397390668,8.880226237,2026/09/03 17:32:23.221,0.0,NVIDIA GeForce RTX 3050 OEM,GPU-234713d7-e691-1f3e-f20d-851ede38469f,00000000:01:00.0,580.173.02,P2,48.0,11.0,1.0,700.0,8192.0,28.43,28.36,120.0,1755.0,6801.0,31.0
100863498764569,8.981600138,2026/09/03 17:32:23.322,0.0,NVIDIA GeForce RTX 3050 OEM,GPU-234713d7-e691-1f3e-f20d-851ede38469f,00000000:01:00.0,580.173.02,P2,48.0,11.0,1.0,700.0,8192.0,28.43,28.36,120.0,1755.0,6801.0,31.0
100863599985607,9.082821176,2026/09/03 17:32:23.423,0.0,NVIDIA GeForce RTX 3050 OEM,GPU-234713d7-e691-1f3e-f20d-851ede38469f,00000000:01:00.0,580.173.02,P2,48.0,11.0,1.0,700.0,8192.0,28.43,28.36,120.0,1755.0,6801.0,31.0
100863701548738,9.184384307,2026/09/03 17:32:23.525,0.0,NVIDIA GeForce RTX 3050 OEM,GPU-234713d7-e691-1f3e-f20d-851ede38469f,00000000:01:00.0,580.173.02,P2,48.0,11.0,1.0,700.0,8192.0,28.43,28.36,120.0,1755.0,6801.0,31.0
100863802649307,9.285484876,2026/09/03 17:32:23.626,0.0,NVIDIA GeForce RTX 3050 OEM,GPU-234713d7-e691-1f3e-f20d-851ede38469f,00000000:01:00.0,580.173.02,P2,48.0,11.0,1.0,700.0,8192.0,28.43,28.36,120.0,1755.0,6801.0,31.0
100863904308517,9.387144086,2026/09/03 17:32:23.727,0.0,NVIDIA GeForce RTX 3050 OEM,GPU-234713d7-e691-1f3e-f20d-851ede38469f,00000000:01:00.0,580.173.02,P2,48.0,12.0,1.0,700.0,8192.0,28.62,28.41,120.0,1755.0,6801.0,31.0
100864005329111,9.48816468,2026/09/03 17:32:23.829,0.0,NVIDIA GeForce RTX 3050 OEM,GPU-234713d7-e691-1f3e-f20d-851ede38469f,00000000:01:00.0,580.173.02,P2,48.0,12.0,1.0,700.0,8192.0,28.62,28.41,120.0,1755.0,6801.0,31.0
100864106358209,9.589193778,2026/09/03 17:32:23.930,0.0,NVIDIA GeForce RTX 3050 OEM,GPU-234713d7-e691-1f3e-f20d-851ede38469f,00000000:01:00.0,580.173.02,P2,48.0,12.0,1.0,700.0,8192.0,28.62,28.41,120.0,1755.0,6801.0,31.0
100864207376690,9.690212259,2026/09/03 17:32:24.031,0.0,NVIDIA GeForce RTX 3050 OEM,GPU-234713d7-e691-1f3e-f20d-851ede38469f,00000000:01:00.0,580.173.02,P2,48.0,12.0,1.0,700.0,8192.0,28.62,28.41,120.0,1755.0,6801.0,31.0
100864308652414,9.791487983,2026/09/03 17:32:24.132,0.0,NVIDIA GeForce RTX 3050 OEM,GPU-234713d7-e691-1f3e-f20d-851ede38469f,00000000:01:00.0,580.173.02,P2,48.0,12.0,1.0,700.0,8192.0,28.62,28.41,120.0,1755.0,6801.0,31.0
100864410106693,9.892942262,2026/09/03 17:32:24.233,0.0,NVIDIA GeForce RTX 3050 OEM,GPU-234713d7-e691-1f3e-f20d-851ede38469f,00000000:01:00.0,580.173.02,P2,48.0,12.0,1.0,700.0,8192.0,28.4,28.44,120.0,1755.0,6801.0,31.0
100864511212485,9.994048054,2026/09/03 17:32:24.335,0.0,NVIDIA GeForce RTX 3050 OEM,GPU-234713d7-e691-1f3e-f20d-851ede38469f,00000000:01:00.0,580.173.02,P2,48.0,12.0,1.0,700.0,8192.0,28.4,28.44,120.0,1755.0,6801.0,31.0
100864612391018,10.095226587,2026/09/03 17:32:24.436,0.0,NVIDIA GeForce RTX 3050 OEM,GPU-234713d7-e691-1f3e-f20d-851ede38469f,00000000:01:00.0,580.173.02,P2,48.0,12.0,1.0,700.0,8192.0,28.4,28.44,120.0,1755.0,6801.0,31.0
100864713778126,10.196613695,2026/09/03 17:32:24.537,0.0,NVIDIA GeForce RTX 3050 OEM,GPU-234713d7-e691-1f3e-f20d-851ede38469f,00000000:01:00.0,580.173.02,P2,48.0,12.0,1.0,700.0,8192.0,28.4,28.44,120.0,1755.0,6801.0,31.0
100864815732525,10.298568094,2026/09/03 17:32:24.638,0.0,NVIDIA GeForce RTX 3050 OEM,GPU-234713d7-e691-1f3e-f20d-851ede38469f,00000000:01:00.0,580.173.02,P2,48.0,12.0,1.0,700.0,8192.0,28.4,28.44,120.0,1755.0,6801.0,31.0
100864916534867,10.399370436,2026/09/03 17:32:24.740,0.0,NVIDIA GeForce RTX 3050 OEM,GPU-234713d7-e691-1f3e-f20d-851ede38469f,00000000:01:00.0,580.173.02,P2,48.0,9.0,1.0,700.0,8192.0,28.35,28.37,120.0,1755.0,6801.0,31.0
100865017566289,10.500401858,2026/09/03 17:32:24.841,0.0,NVIDIA GeForce RTX 3050 OEM,GPU-234713d7-e691-1f3e-f20d-851ede38469f,00000000:01:00.0,580.173.02,P2,48.0,9.0,1.0,700.0,8192.0,28.35,28.37,120.0,1755.0,6801.0,31.0
100865118984427,10.601819996,2026/09/03 17:32:24.942,0.0,NVIDIA GeForce RTX 3050 OEM,GPU-234713d7-e691-1f3e-f20d-851ede38469f,00000000:01:00.0,580.173.02,P2,48.0,9.0,1.0,700.0,8192.0,28.35,28.37,120.0,1755.0,6801.0,31.0
100865220101532,10.702937101,2026/09/03 17:32:25.044,0.0,NVIDIA GeForce RTX 3050 OEM,GPU-234713d7-e691-1f3e-f20d-851ede38469f,00000000:01:00.0,580.173.02,P2,48.0,9.0,1.0,700.0,8192.0,28.35,28.37,120.0,1755.0,6801.0,31.0
100865321371201,10.80420677,2026/09/03 17:32:25.145,0.0,NVIDIA GeForce RTX 3050 OEM,GPU-234713d7-e691-1f3e-f20d-851ede38469f,00000000:01:00.0,580.173.02,P2,48.0,9.0,1.0,700.0,8192.0,28.35,28.37,120.0,1755.0,6801.0,31.0
100865422816267,10.905651836,2026/09/03 17:32:25.246,0.0,NVIDIA GeForce RTX 3050 OEM,GPU-234713d7-e691-1f3e-f20d-851ede38469f,00000000:01:00.0,580.173.02,P2,48.0,9.0,1.0,700.0,8192.0,28.34,28.33,120.0,1755.0,6801.0,31.0
100865524080440,11.006916009,2026/09/03 17:32:25.348,0.0,NVIDIA GeForce RTX 3050 OEM,GPU-234713d7-e691-1f3e-f20d-851ede38469f,00000000:01:00.0,580.173.02,P2,48.0,9.0,1.0,700.0,8192.0,28.34,28.33,120.0,1755.0,6801.0,31.0
100865625346883,11.108182452,2026/09/03 17:32:25.449,0.0,NVIDIA GeForce RTX 3050 OEM,GPU-234713d7-e691-1f3e-f20d-851ede38469f,00000000:01:00.0,580.173.02,P2,48.0,9.0,1.0,700.0,8192.0,28.34,28.33,120.0,1755.0,6801.0,31.0
100865726526159,11.209361728,2026/09/03 17:32:25.550,0.0,NVIDIA GeForce RTX 3050 OEM,GPU-234713d7-e691-1f3e-f20d-851ede38469f,00000000:01:00.0,580.173.02,P2,48.0,9.0,1.0,700.0,8192.0,28.34,28.33,120.0,1755.0,6801.0,31.0
100865827971099,11.310806668,2026/09/03 17:32:25.651,0.0,NVIDIA GeForce RTX 3050 OEM,GPU-234713d7-e691-1f3e-f20d-851ede38469f,00000000:01:00.0,580.173.02,P2,48.0,9.0,1.0,700.0,8192.0,28.34,28.33,120.0,1755.0,6801.0,31.0
100865929799455,11.412635024,2026/09/03 17:32:25.753,0.0,NVIDIA GeForce RTX 3050 OEM,GPU-234713d7-e691-1f3e-f20d-851ede38469f,00000000:01:00.0,580.173.02,P2,48.0,10.0,1.0,700.0,8192.0,28.36,28.33,120.0,1755.0,6801.0,31.0
100866031008010,11.513843579,2026/09/03 17:32:25.854,0.0,NVIDIA GeForce RTX 3050 OEM,GPU-234713d7-e691-1f3e-f20d-851ede38469f,00000000:01:00.0,580.173.02,P2,48.0,10.0,1.0,700.0,8192.0,28.36,28.33,120.0,1755.0,6801.0,31.0
100866132707869,11.615543438,2026/09/03 17:32:25.956,0.0,NVIDIA GeForce RTX 3050 OEM,GPU-234713d7-e691-1f3e-f20d-851ede38469f,00000000:01:00.0,580.173.02,P2,48.0,10.0,1.0,700.0,8192.0,28.36,28.33,120.0,1755.0,6801.0,31.0
100866233606611,11.71644218,2026/09/03 17:32:26.057,0.0,NVIDIA GeForce RTX 3050 OEM,GPU-234713d7-e691-1f3e-f20d-851ede38469f,00000000:01:00.0,580.173.02,P2,48.0,10.0,1.0,700.0,8192.0,28.36,28.33,120.0,1755.0,6801.0,31.0
100866335144188,11.817979757,2026/09/03 17:32:26.158,0.0,NVIDIA GeForce RTX 3050 OEM,GPU-234713d7-e691-1f3e-f20d-851ede38469f,00000000:01:00.0,580.173.02,P2,48.0,10.0,1.0,700.0,8192.0,28.36,28.33,120.0,1755.0,6801.0,31.0
100866436384421,11.91921999,2026/09/03 17:32:26.260,0.0,NVIDIA GeForce RTX 3050 OEM,GPU-234713d7-e691-1f3e-f20d-851ede38469f,00000000:01:00.0,580.173.02,P2,48.0,10.0,1.0,700.0,8192.0,28.34,28.32,120.0,1755.0,6801.0,31.0
100866537758563,12.020594132,2026/09/03 17:32:26.361,0.0,NVIDIA GeForce RTX 3050 OEM,GPU-234713d7-e691-1f3e-f20d-851ede38469f,00000000:01:00.0,580.173.02,P2,48.0,10.0,1.0,700.0,8192.0,28.34,28.32,120.0,1755.0,6801.0,31.0
100866638819821,12.12165539,2026/09/03 17:32:26.462,0.0,NVIDIA GeForce RTX 3050 OEM,GPU-234713d7-e691-1f3e-f20d-851ede38469f,00000000:01:00.0,580.173.02,P2,48.0,10.0,1.0,700.0,8192.0,28.34,28.32,120.0,1755.0,6801.0,31.0
100866740159291,12.22299486,2026/09/03 17:32:26.564,0.0,NVIDIA GeForce RTX 3050 OEM,GPU-234713d7-e691-1f3e-f20d-851ede38469f,00000000:01:00.0,580.173.02,P2,48.0,10.0,1.0,700.0,8192.0,28.34,28.32,120.0,1755.0,6801.0,31.0
100866841657390,12.324492959,2026/09/03 17:32:26.665,0.0,NVIDIA GeForce RTX 3050 OEM,GPU-234713d7-e691-1f3e-f20d-851ede38469f,00000000:01:00.0,580.173.02,P2,48.0,10.0,1.0,700.0,8192.0,28.34,28.32,120.0,1755.0,6801.0,31.0
100866943033634,12.425869203,2026/09/03 17:32:26.766,0.0,NVIDIA GeForce RTX 3050 OEM,GPU-234713d7-e691-1f3e-f20d-851ede38469f,00000000:01:00.0,580.173.02,P2,48.0,10.0,1.0,700.0,8192.0,28.36,28.32,120.0,1755.0,6801.0,31.0
100867044312694,12.527148263,2026/09/03 17:32:26.867,0.0,NVIDIA GeForce RTX 3050 OEM,GPU-234713d7-e691-1f3e-f20d-851ede38469f,00000000:01:00.0,580.173.02,P2,48.0,10.0,1.0,700.0,8192.0,28.36,28.32,120.0,1755.0,6801.0,31.0
100867145617593,12.628453162,2026/09/03 17:32:26.969,0.0,NVIDIA GeForce RTX 3050 OEM,GPU-234713d7-e691-1f3e-f20d-851ede38469f,00000000:01:00.0,580.173.02,P2,48.0,10.0,1.0,700.0,8192.0,28.36,28.32,120.0,1755.0,6801.0,31.0
100867246612677,12.729448246,2026/09/03 17:32:27.070,0.0,NVIDIA GeForce RTX 3050 OEM,GPU-234713d7-e691-1f3e-f20d-851ede38469f,00000000:01:00.0,580.173.02,P2,48.0,10.0,1.0,700.0,8192.0,28.36,28.32,120.0,1755.0,6801.0,31.0
100867347930895,12.830766464,2026/09/03 17:32:27.171,0.0,NVIDIA GeForce RTX 3050 OEM,GPU-234713d7-e691-1f3e-f20d-851ede38469f,00000000:01:00.0,580.173.02,P2,48.0,10.0,1.0,700.0,8192.0,28.36,28.32,120.0,1755.0,6801.0,31.0
100867449351178,12.932186747,2026/09/03 17:32:27.273,0.0,NVIDIA GeForce RTX 3050 OEM,GPU-234713d7-e691-1f3e-f20d-851ede38469f,00000000:01:00.0,580.173.02,P2,48.0,10.0,1.0,700.0,8192.0,28.35,28.35,120.0,1755.0,6801.0,31.0
100867550682524,13.033518093,2026/09/03 17:32:27.374,0.0,NVIDIA GeForce RTX 3050 OEM,GPU-234713d7-e691-1f3e-f20d-851ede38469f,00000000:01:00.0,580.173.02,P2,48.0,10.0,1.0,700.0,8192.0,28.35,28.35,120.0,1755.0,6801.0,31.0
100867652403984,13.135239553,2026/09/03 17:32:27.475,0.0,NVIDIA GeForce RTX 3050 OEM,GPU-234713d7-e691-1f3e-f20d-851ede38469f,00000000:01:00.0,580.173.02,P2,48.0,10.0,1.0,700.0,8192.0,28.35,28.35,120.0,1755.0,6801.0,31.0
100867753483136,13.236318705,2026/09/03 17:32:27.577,0.0,NVIDIA GeForce RTX 3050 OEM,GPU-234713d7-e691-1f3e-f20d-851ede38469f,00000000:01:00.0,580.173.02,P2,48.0,10.0,1.0,700.0,8192.0,28.35,28.35,120.0,1755.0,6801.0,31.0
100867854707840,13.337543409,2026/09/03 17:32:27.678,0.0,NVIDIA GeForce RTX 3050 OEM,GPU-234713d7-e691-1f3e-f20d-851ede38469f,00000000:01:00.0,580.173.02,P2,48.0,10.0,1.0,700.0,8192.0,28.35,28.35,120.0,1755.0,6801.0,31.0
100867956230352,13.439065921,2026/09/03 17:32:27.779,0.0,NVIDIA GeForce RTX 3050 OEM,GPU-234713d7-e691-1f3e-f20d-851ede38469f,00000000:01:00.0,580.173.02,P2,48.0,8.0,1.0,700.0,8192.0,28.45,28.4,120.0,1755.0,6801.0,31.0
100868057517854,13.540353423,2026/09/03 17:32:27.881,0.0,NVIDIA GeForce RTX 3050 OEM,GPU-234713d7-e691-1f3e-f20d-851ede38469f,00000000:01:00.0,580.173.02,P2,48.0,8.0,1.0,700.0,8192.0,28.45,28.4,120.0,1755.0,6801.0,31.0
100868158728990,13.641564559,2026/09/03 17:32:27.982,0.0,NVIDIA GeForce RTX 3050 OEM,GPU-234713d7-e691-1f3e-f20d-851ede38469f,00000000:01:00.0,580.173.02,P2,48.0,8.0,1.0,700.0,8192.0,28.45,28.4,120.0,1755.0,6801.0,31.0
100868260099947,13.742935516,2026/09/03 17:32:28.083,0.0,NVIDIA GeForce RTX 3050 OEM,GPU-234713d7-e691-1f3e-f20d-851ede38469f,00000000:01:00.0,580.173.02,P2,48.0,8.0,1.0,700.0,8192.0,28.45,28.4,120.0,1755.0,6801.0,31.0
100868361443503,13.844279072,2026/09/03 17:32:28.185,0.0,NVIDIA GeForce RTX 3050 OEM,GPU-234713d7-e691-1f3e-f20d-851ede38469f,00000000:01:00.0,580.173.02,P2,48.0,8.0,1.0,700.0,8192.0,28.45,28.4,120.0,1755.0,6801.0,31.0
100868462703034,13.945538603,2026/09/03 17:32:28.286,0.0,NVIDIA GeForce RTX 3050 OEM,GPU-234713d7-e691-1f3e-f20d-851ede38469f,00000000:01:00.0,580.173.02,P2,48.0,8.0,1.0,700.0,8192.0,28.31,28.39,120.0,1755.0,6801.0,31.0
100868563960720,14.046796289,2026/09/03 17:32:28.387,0.0,NVIDIA GeForce RTX 3050 OEM,GPU-234713d7-e691-1f3e-f20d-851ede38469f,00000000:01:00.0,580.173.02,P2,48.0,8.0,1.0,700.0,8192.0,28.31,28.39,120.0,1755.0,6801.0,31.0
100868665205481,14.14804105,2026/09/03 17:32:28.489,0.0,NVIDIA GeForce RTX 3050 OEM,GPU-234713d7-e691-1f3e-f20d-851ede38469f,00000000:01:00.0,580.173.02,P2,48.0,8.0,1.0,700.0,8192.0,28.31,28.39,120.0,1755.0,6801.0,31.0
100868766283231,14.2491188,2026/09/03 17:32:28.590,0.0,NVIDIA GeForce RTX 3050 OEM,GPU-234713d7-e691-1f3e-f20d-851ede38469f,00000000:01:00.0,580.173.02,P2,48.0,8.0,1.0,700.0,8192.0,28.31,28.39,120.0,1755.0,6801.0,31.0
100868867842934,14.350678503,2026/09/03 17:32:28.691,0.0,NVIDIA GeForce RTX 3050 OEM,GPU-234713d7-e691-1f3e-f20d-851ede38469f,00000000:01:00.0,580.173.02,P2,48.0,9.0,0.0,700.0,8192.0,28.32,28.37,120.0,1755.0,6801.0,31.0
100868969739583,14.452575152,2026/09/03 17:32:28.792,0.0,NVIDIA GeForce RTX 3050 OEM,GPU-234713d7-e691-1f3e-f20d-851ede38469f,00000000:01:00.0,580.173.02,P2,48.0,9.0,0.0,700.0,8192.0,28.32,28.37,120.0,1755.0,6801.0,31.0
100869070435091,14.55327066,2026/09/03 17:32:28.894,0.0,NVIDIA GeForce RTX 3050 OEM,GPU-234713d7-e691-1f3e-f20d-851ede38469f,00000000:01:00.0,580.173.02,P2,48.0,9.0,0.0,700.0,8192.0,28.32,28.37,120.0,1755.0,6801.0,31.0
100869171710160,14.654545729,2026/09/03 17:32:28.995,0.0,NVIDIA GeForce RTX 3050 OEM,GPU-234713d7-e691-1f3e-f20d-851ede38469f,00000000:01:00.0,580.173.02,P2,48.0,9.0,0.0,700.0,8192.0,28.32,28.37,120.0,1755.0,6801.0,31.0
100869272928811,14.75576438,2026/09/03 17:32:29.096,0.0,NVIDIA GeForce RTX 3050 OEM,GPU-234713d7-e691-1f3e-f20d-851ede38469f,00000000:01:00.0,580.173.02,P2,48.0,9.0,0.0,700.0,8192.0,28.32,28.37,120.0,1755.0,6801.0,31.0
100869374376126,14.857211695,2026/09/03 17:32:29.198,0.0,NVIDIA GeForce RTX 3050 OEM,GPU-234713d7-e691-1f3e-f20d-851ede38469f,00000000:01:00.0,580.173.02,P2,48.0,9.0,0.0,700.0,8192.0,28.39,28.36,120.0,1755.0,6801.0,31.0
100869475539347,14.958374916,2026/09/03 17:32:29.299,0.0,NVIDIA GeForce RTX 3050 OEM,GPU-234713d7-e691-1f3e-f20d-851ede38469f,00000000:01:00.0,580.173.02,P2,48.0,9.0,0.0,700.0,8192.0,28.39,28.36,120.0,1755.0,6801.0,31.0
100869576828496,15.059664065,2026/09/03 17:32:29.400,0.0,NVIDIA GeForce RTX 3050 OEM,GPU-234713d7-e691-1f3e-f20d-851ede38469f,00000000:01:00.0,580.173.02,P2,48.0,9.0,0.0,700.0,8192.0,28.39,28.36,120.0,1755.0,6801.0,31.0
100869678090378,15.160925947,2026/09/03 17:32:29.502,0.0,NVIDIA GeForce RTX 3050 OEM,GPU-234713d7-e691-1f3e-f20d-851ede38469f,00000000:01:00.0,580.173.02,P2,48.0,9.0,0.0,700.0,8192.0,28.39,28.36,120.0,1755.0,6801.0,31.0
100869779611791,15.26244736,2026/09/03 17:32:29.603,0.0,NVIDIA GeForce RTX 3050 OEM,GPU-234713d7-e691-1f3e-f20d-851ede38469f,00000000:01:00.0,580.173.02,P2,48.0,9.0,0.0,700.0,8192.0,28.39,28.36,120.0,1755.0,6801.0,31.0
100869880894081,15.36372965,2026/09/03 17:32:29.704,0.0,NVIDIA GeForce RTX 3050 OEM,GPU-234713d7-e691-1f3e-f20d-851ede38469f,00000000:01:00.0,580.173.02,P2,48.0,9.0,1.0,700.0,8192.0,28.4,28.36,120.0,1755.0,6801.0,31.0
100869982203842,15.465039411,2026/09/03 17:32:29.805,0.0,NVIDIA GeForce RTX 3050 OEM,GPU-234713d7-e691-1f3e-f20d-851ede38469f,00000000:01:00.0,580.173.02,P2,48.0,9.0,1.0,700.0,8192.0,28.4,28.36,120.0,1755.0,6801.0,31.0
100870083463763,15.566299332,2026/09/03 17:32:29.907,0.0,NVIDIA GeForce RTX 3050 OEM,GPU-234713d7-e691-1f3e-f20d-851ede38469f,00000000:01:00.0,580.173.02,P2,48.0,9.0,1.0,700.0,8192.0,28.4,28.36,120.0,1755.0,6801.0,31.0
100870184738344,15.667573913,2026/09/03 17:32:30.008,0.0,NVIDIA GeForce RTX 3050 OEM,GPU-234713d7-e691-1f3e-f20d-851ede38469f,00000000:01:00.0,580.173.02,P2,48.0,9.0,1.0,700.0,8192.0,28.4,28.36,120.0,1755.0,6801.0,31.0
100870286133994,15.768969563,2026/09/03 17:32:30.109,0.0,NVIDIA GeForce RTX 3050 OEM,GPU-234713d7-e691-1f3e-f20d-851ede38469f,00000000:01:00.0,580.173.02,P2,48.0,9.0,1.0,700.0,8192.0,28.4,28.36,120.0,1755.0,6801.0,31.0
100870387332364,15.870167933,2026/09/03 17:32:30.210,0.0,NVIDIA GeForce RTX 3050 OEM,GPU-234713d7-e691-1f3e-f20d-851ede38469f,00000000:01:00.0,580.173.02,P2,48.0,9.0,1.0,700.0,8192.0,28.37,28.38,120.0,1755.0,6801.0,31.0
100870488769834,15.971605403,2026/09/03 17:32:30.312,0.0,NVIDIA GeForce RTX 3050 OEM,GPU-234713d7-e691-1f3e-f20d-851ede38469f,00000000:01:00.0,580.173.02,P2,48.0,9.0,1.0,700.0,8192.0,28.37,28.38,120.0,1755.0,6801.0,31.0
100870590169489,16.073005058,2026/09/03 17:32:30.413,0.0,NVIDIA GeForce RTX 3050 OEM,GPU-234713d7-e691-1f3e-f20d-851ede38469f,00000000:01:00.0,580.173.02,P2,48.0,9.0,1.0,700.0,8192.0,28.37,28.38,120.0,1755.0,6801.0,31.0
100870691426417,16.174261986,2026/09/03 17:32:30.515,0.0,NVIDIA GeForce RTX 3050 OEM,GPU-234713d7-e691-1f3e-f20d-851ede38469f,00000000:01:00.0,580.173.02,P2,48.0,9.0,1.0,700.0,8192.0,28.37,28.38,120.0,1755.0,6801.0,31.0
100870792740257,16.275575826,2026/09/03 17:32:30.616,0.0,NVIDIA GeForce RTX 3050 OEM,GPU-234713d7-e691-1f3e-f20d-851ede38469f,00000000:01:00.0,580.173.02,P2,48.0,9.0,1.0,700.0,8192.0,28.37,28.38,120.0,1755.0,6801.0,31.0
100870893889406,16.376724975,2026/09/03 17:32:30.717,0.0,NVIDIA GeForce RTX 3050 OEM,GPU-234713d7-e691-1f3e-f20d-851ede38469f,00000000:01:00.0,580.173.02,P2,48.0,11.0,0.0,700.0,8192.0,28.58,28.44,120.0,1755.0,6801.0,31.0
100870995159032,16.477994601,2026/09/03 17:32:30.819,0.0,NVIDIA GeForce RTX 3050 OEM,GPU-234713d7-e691-1f3e-f20d-851ede38469f,00000000:01:00.0,580.173.02,P2,48.0,11.0,0.0,700.0,8192.0,28.58,28.44,120.0,1755.0,6801.0,31.0
100871096295423,16.579130992,2026/09/03 17:32:30.920,0.0,NVIDIA GeForce RTX 3050 OEM,GPU-234713d7-e691-1f3e-f20d-851ede38469f,00000000:01:00.0,580.173.02,P2,48.0,11.0,0.0,700.0,8192.0,28.58,28.44,120.0,1755.0,6801.0,31.0
100871197600930,16.680436499,2026/09/03 17:32:31.021,0.0,NVIDIA GeForce RTX 3050 OEM,GPU-234713d7-e691-1f3e-f20d-851ede38469f,00000000:01:00.0,580.173.02,P2,48.0,11.0,0.0,700.0,8192.0,28.58,28.44,120.0,1755.0,6801.0,31.0
100871298555017,16.781390586,2026/09/03 17:32:31.122,0.0,NVIDIA GeForce RTX 3050 OEM,GPU-234713d7-e691-1f3e-f20d-851ede38469f,00000000:01:00.0,580.173.02,P2,48.0,11.0,0.0,700.0,8192.0,28.58,28.44,120.0,1755.0,6801.0,31.0
100871399877647,16.882713216,2026/09/03 17:32:31.223,0.0,NVIDIA GeForce RTX 3050 OEM,GPU-234713d7-e691-1f3e-f20d-851ede38469f,00000000:01:00.0,580.173.02,P2,48.0,11.0,0.0,700.0,8192.0,28.26,28.39,120.0,1755.0,6801.0,31.0
100871501445972,16.984281541,2026/09/03 17:32:31.324,0.0,NVIDIA GeForce RTX 3050 OEM,GPU-234713d7-e691-1f3e-f20d-851ede38469f,00000000:01:00.0,580.173.02,P2,48.0,11.0,0.0,700.0,8192.0,28.26,28.39,120.0,1755.0,6801.0,31.0
100871602583446,17.085419015,2026/09/03 17:32:31.426,0.0,NVIDIA GeForce RTX 3050 OEM,GPU-234713d7-e691-1f3e-f20d-851ede38469f,00000000:01:00.0,580.173.02,P2,48.0,11.0,0.0,700.0,8192.0,28.26,28.39,120.0,1755.0,6801.0,31.0
100871703699747,17.186535316,2026/09/03 17:32:31.527,0.0,NVIDIA GeForce RTX 3050 OEM,GPU-234713d7-e691-1f3e-f20d-851ede38469f,00000000:01:00.0,580.173.02,P2,48.0,11.0,0.0,700.0,8192.0,28.26,28.39,120.0,1755.0,6801.0,31.0
100871804829249,17.287664818,2026/09/03 17:32:31.628,0.0,NVIDIA GeForce RTX 3050 OEM,GPU-234713d7-e691-1f3e-f20d-851ede38469f,00000000:01:00.0,580.173.02,P2,48.0,11.0,0.0,700.0,8192.0,28.26,28.39,120.0,1755.0,6801.0,31.0
100871906263021,17.38909859,2026/09/03 17:32:31.730,0.0,NVIDIA GeForce RTX 3050 OEM,GPU-234713d7-e691-1f3e-f20d-851ede38469f,00000000:01:00.0,580.173.02,P2,48.0,9.0,0.0,700.0,8192.0,28.4,28.35,120.0,1755.0,6801.0,31.0
100872007568168,17.490403737,2026/09/03 17:32:31.831,0.0,NVIDIA GeForce RTX 3050 OEM,GPU-234713d7-e691-1f3e-f20d-851ede38469f,00000000:01:00.0,580.173.02,P2,48.0,9.0,0.0,700.0,8192.0,28.4,28.35,120.0,1755.0,6801.0,31.0
100872108878246,17.591713815,2026/09/03 17:32:31.932,0.0,NVIDIA GeForce RTX 3050 OEM,GPU-234713d7-e691-1f3e-f20d-851ede38469f,00000000:01:00.0,580.173.02,P2,48.0,9.0,0.0,700.0,8192.0,28.4,28.35,120.0,1755.0,6801.0,31.0
100872210118298,17.692953867,2026/09/03 17:32:32.034,0.0,NVIDIA GeForce RTX 3050 OEM,GPU-234713d7-e691-1f3e-f20d-851ede38469f,00000000:01:00.0,580.173.02,P2,48.0,9.0,0.0,700.0,8192.0,28.4,28.35,120.0,1755.0,6801.0,31.0
100872311392780,17.794228349,2026/09/03 17:32:32.135,0.0,NVIDIA GeForce RTX 3050 OEM,GPU-234713d7-e691-1f3e-f20d-851ede38469f,00000000:01:00.0,580.173.02,P2,48.0,9.0,0.0,700.0,8192.0,28.4,28.35,120.0,1755.0,6801.0,31.0
100872412747661,17.89558323,2026/09/03 17:32:32.236,0.0,NVIDIA GeForce RTX 3050 OEM,GPU-234713d7-e691-1f3e-f20d-851ede38469f,00000000:01:00.0,580.173.02,P2,48.0,9.0,0.0,700.0,8192.0,28.45,28.38,120.0,1755.0,6801.0,31.0
100872514794378,17.997629947,2026/09/03 17:32:32.337,0.0,NVIDIA GeForce RTX 3050 OEM,GPU-234713d7-e691-1f3e-f20d-851ede38469f,00000000:01:00.0,580.173.02,P2,48.0,9.0,0.0,700.0,8192.0,28.45,28.38,120.0,1755.0,6801.0,31.0
100872615788720,18.098624289,2026/09/03 17:32:32.439,0.0,NVIDIA GeForce RTX 3050 OEM,GPU-234713d7-e691-1f3e-f20d-851ede38469f,00000000:01:00.0,580.173.02,P2,48.0,9.0,0.0,700.0,8192.0,28.45,28.38,120.0,1755.0,6801.0,31.0
100872717065416,18.199900985,2026/09/03 17:32:32.540,0.0,NVIDIA GeForce RTX 3050 OEM,GPU-234713d7-e691-1f3e-f20d-851ede38469f,00000000:01:00.0,580.173.02,P2,48.0,9.0,0.0,700.0,8192.0,28.45,28.38,120.0,1755.0,6801.0,31.0
100872818634318,18.301469887,2026/09/03 17:32:32.642,0.0,NVIDIA GeForce RTX 3050 OEM,GPU-234713d7-e691-1f3e-f20d-851ede38469f,00000000:01:00.0,580.173.02,P2,48.0,9.0,0.0,700.0,8192.0,28.45,28.38,120.0,1755.0,6801.0,31.0
100872919763976,18.402599545,2026/09/03 17:32:32.743,0.0,NVIDIA GeForce RTX 3050 OEM,GPU-234713d7-e691-1f3e-f20d-851ede38469f,00000000:01:00.0,580.173.02,P2,48.0,11.0,0.0,700.0,8192.0,28.75,28.47,120.0,1755.0,6801.0,31.0
100873020895634,18.503731203,2026/09/03 17:32:32.844,0.0,NVIDIA GeForce RTX 3050 OEM,GPU-234713d7-e691-1f3e-f20d-851ede38469f,00000000:01:00.0,580.173.02,P2,48.0,11.0,0.0,700.0,8192.0,28.75,28.47,120.0,1755.0,6801.0,31.0
100873122552270,18.605387839,2026/09/03 17:32:32.946,0.0,NVIDIA GeForce RTX 3050 OEM,GPU-234713d7-e691-1f3e-f20d-851ede38469f,00000000:01:00.0,580.173.02,P2,48.0,11.0,0.0,700.0,8192.0,28.75,28.47,120.0,1755.0,6801.0,31.0
100873223571684,18.706407253,2026/09/03 17:32:33.047,0.0,NVIDIA GeForce RTX 3050 OEM,GPU-234713d7-e691-1f3e-f20d-851ede38469f,00000000:01:00.0,580.173.02,P2,48.0,11.0,0.0,700.0,8192.0,28.75,28.47,120.0,1755.0,6801.0,31.0
100873324802141,18.80763771,2026/09/03 17:32:33.148,0.0,NVIDIA GeForce RTX 3050 OEM,GPU-234713d7-e691-1f3e-f20d-851ede38469f,00000000:01:00.0,580.173.02,P2,48.0,11.0,0.0,700.0,8192.0,28.75,28.47,120.0,1755.0,6801.0,31.0
100873426300238,18.909135807,2026/09/03 17:32:33.249,0.0,NVIDIA GeForce RTX 3050 OEM,GPU-234713d7-e691-1f3e-f20d-851ede38469f,00000000:01:00.0,580.173.02,P2,48.0,11.0,0.0,700.0,8192.0,28.46,28.53,120.0,1755.0,6801.0,31.0
100873527842470,19.010678039,2026/09/03 17:32:33.351,0.0,NVIDIA GeForce RTX 3050 OEM,GPU-234713d7-e691-1f3e-f20d-851ede38469f,00000000:01:00.0,580.173.02,P2,48.0,11.0,0.0,700.0,8192.0,28.46,28.53,120.0,1755.0,6801.0,31.0
100873629161833,19.111997402,2026/09/03 17:32:33.452,0.0,NVIDIA GeForce RTX 3050 OEM,GPU-234713d7-e691-1f3e-f20d-851ede38469f,00000000:01:00.0,580.173.02,P2,48.0,11.0,0.0,700.0,8192.0,28.46,28.53,120.0,1755.0,6801.0,31.0
100873730372895,19.213208464,2026/09/03 17:32:33.554,0.0,NVIDIA GeForce RTX 3050 OEM,GPU-234713d7-e691-1f3e-f20d-851ede38469f,00000000:01:00.0,580.173.02,P2,48.0,11.0,0.0,700.0,8192.0,28.46,28.53,120.0,1755.0,6801.0,31.0
100873831761770,19.314597339,2026/09/03 17:32:33.655,0.0,NVIDIA GeForce RTX 3050 OEM,GPU-234713d7-e691-1f3e-f20d-851ede38469f,00000000:01:00.0,580.173.02,P2,48.0,11.0,0.0,700.0,8192.0,28.46,28.53,120.0,1755.0,6801.0,31.0
100873933156772,19.415992341,2026/09/03 17:32:33.756,0.0,NVIDIA GeForce RTX 3050 OEM,GPU-234713d7-e691-1f3e-f20d-851ede38469f,00000000:01:00.0,580.173.02,P2,48.0,10.0,1.0,700.0,8192.0,28.47,28.54,120.0,1755.0,6801.0,31.0
100874034442892,19.517278461,2026/09/03 17:32:33.858,0.0,NVIDIA GeForce RTX 3050 OEM,GPU-234713d7-e691-1f3e-f20d-851ede38469f,00000000:01:00.0,580.173.02,P2,48.0,10.0,1.0,700.0,8192.0,28.47,28.54,120.0,1755.0,6801.0,31.0
100874135727304,19.618562873,2026/09/03 17:32:33.959,0.0,NVIDIA GeForce RTX 3050 OEM,GPU-234713d7-e691-1f3e-f20d-851ede38469f,00000000:01:00.0,580.173.02,P2,48.0,10.0,1.0,700.0,8192.0,28.47,28.54,120.0,1755.0,6801.0,31.0
100874237027509,19.719863078,2026/09/03 17:32:34.060,0.0,NVIDIA GeForce RTX 3050 OEM,GPU-234713d7-e691-1f3e-f20d-851ede38469f,00000000:01:00.0,580.173.02,P2,48.0,10.0,1.0,700.0,8192.0,28.47,28.54,120.0,1755.0,6801.0,31.0
100874338515164,19.821350733,2026/09/03 17:32:34.162,0.0,NVIDIA GeForce RTX 3050 OEM,GPU-234713d7-e691-1f3e-f20d-851ede38469f,00000000:01:00.0,580.173.02,P2,48.0,10.0,1.0,700.0,8192.0,28.47,28.54,120.0,1755.0,6801.0,31.0
100874439823079,19.922658648,2026/09/03 17:32:34.263,0.0,NVIDIA GeForce RTX 3050 OEM,GPU-234713d7-e691-1f3e-f20d-851ede38469f,00000000:01:00.0,580.173.02,P2,48.0,10.0,1.0,700.0,8192.0,28.61,28.52,120.0,1755.0,6801.0,31.0
100874541011748,20.023847317,2026/09/03 17:32:34.364,0.0,NVIDIA GeForce RTX 3050 OEM,GPU-234713d7-e691-1f3e-f20d-851ede38469f,00000000:01:00.0,580.173.02,P2,48.0,10.0,1.0,700.0,8192.0,28.61,28.52,120.0,1755.0,6801.0,31.0
100874642191991,20.12502756,2026/09/03 17:32:34.466,0.0,NVIDIA GeForce RTX 3050 OEM,GPU-234713d7-e691-1f3e-f20d-851ede38469f,00000000:01:00.0,580.173.02,P2,48.0,10.0,1.0,700.0,8192.0,28.61,28.52,120.0,1755.0,6801.0,31.0
100874743406372,20.226241941,2026/09/03 17:32:34.567,0.0,NVIDIA GeForce RTX 3050 OEM,GPU-234713d7-e691-1f3e-f20d-851ede38469f,00000000:01:00.0,580.173.02,P2,48.0,10.0,1.0,700.0,8192.0,28.61,28.52,120.0,1755.0,6801.0,31.0
100874844674644,20.327510213,2026/09/03 17:32:34.668,0.0,NVIDIA GeForce RTX 3050 OEM,GPU-234713d7-e691-1f3e-f20d-851ede38469f,00000000:01:00.0,580.173.02,P2,48.0,10.0,1.0,700.0,8192.0,28.61,28.52,120.0,1755.0,6801.0,31.0
100874946144973,20.428980542,2026/09/03 17:32:34.769,0.0,NVIDIA GeForce RTX 3050 OEM,GPU-234713d7-e691-1f3e-f20d-851ede38469f,00000000:01:00.0,580.173.02,P2,48.0,12.0,0.0,700.0,8192.0,28.76,28.62,120.0,1755.0,6801.0,31.0
100875047632704,20.530468273,2026/09/03 17:32:34.871,0.0,NVIDIA GeForce RTX 3050 OEM,GPU-234713d7-e691-1f3e-f20d-851ede38469f,00000000:01:00.0,580.173.02,P2,48.0,12.0,0.0,700.0,8192.0,28.76,28.62,120.0,1755.0,6801.0,31.0
100875148847822,20.631683391,2026/09/03 17:32:34.972,0.0,NVIDIA GeForce RTX 3050 OEM,GPU-234713d7-e691-1f3e-f20d-851ede38469f,00000000:01:00.0,580.173.02,P2,48.0,12.0,0.0,700.0,8192.0,28.76,28.62,120.0,1755.0,6801.0,31.0
100875250190792,20.733026361,2026/09/03 17:32:35.073,0.0,NVIDIA GeForce RTX 3050 OEM,GPU-234713d7-e691-1f3e-f20d-851ede38469f,00000000:01:00.0,580.173.02,P2,48.0,12.0,0.0,700.0,8192.0,28.76,28.62,120.0,1755.0,6801.0,31.0
100875351445135,20.834280704,2026/09/03 17:32:35.175,0.0,NVIDIA GeForce RTX 3050 OEM,GPU-234713d7-e691-1f3e-f20d-851ede38469f,00000000:01:00.0,580.173.02,P2,48.0,12.0,0.0,700.0,8192.0,28.76,28.62,120.0,1755.0,6801.0,31.0
100875452579802,20.935415371,2026/09/03 17:32:35.276,0.0,NVIDIA GeForce RTX 3050 OEM,GPU-234713d7-e691-1f3e-f20d-851ede38469f,00000000:01:00.0,580.173.02,P2,48.0,12.0,0.0,700.0,8192.0,28.48,28.6,120.0,1755.0,6801.0,31.0
100875554326596,21.037162165,2026/09/03 17:32:35.377,0.0,NVIDIA GeForce RTX 3050 OEM,GPU-234713d7-e691-1f3e-f20d-851ede38469f,00000000:01:00.0,580.173.02,P2,48.0,12.0,0.0,700.0,8192.0,28.48,28.6,120.0,1755.0,6801.0,31.0
100875655436450,21.138272019,2026/09/03 17:32:35.479,0.0,NVIDIA GeForce RTX 3050 OEM,GPU-234713d7-e691-1f3e-f20d-851ede38469f,00000000:01:00.0,580.173.02,P2,48.0,12.0,0.0,700.0,8192.0,28.48,28.6,120.0,1755.0,6801.0,31.0
100875756424853,21.239260422,2026/09/03 17:32:35.580,0.0,NVIDIA GeForce RTX 3050 OEM,GPU-234713d7-e691-1f3e-f20d-851ede38469f,00000000:01:00.0,580.173.02,P2,48.0,12.0,0.0,700.0,8192.0,28.48,28.6,120.0,1755.0,6801.0,31.0
100875857704526,21.340540095,2026/09/03 17:32:35.681,0.0,NVIDIA GeForce RTX 3050 OEM,GPU-234713d7-e691-1f3e-f20d-851ede38469f,00000000:01:00.0,580.173.02,P2,48.0,12.0,0.0,700.0,8192.0,28.48,28.6,120.0,1755.0,6801.0,31.0
100875959005695,21.441841264,2026/09/03 17:32:35.782,0.0,NVIDIA GeForce RTX 3050 OEM,GPU-234713d7-e691-1f3e-f20d-851ede38469f,00000000:01:00.0,580.173.02,P2,48.0,9.0,0.0,700.0,8192.0,28.39,28.48,120.0,1755.0,6801.0,31.0
100876060399589,21.543235158,2026/09/03 17:32:35.884,0.0,NVIDIA GeForce RTX 3050 OEM,GPU-234713d7-e691-1f3e-f20d-851ede38469f,00000000:01:00.0,580.173.02,P2,48.0,9.0,0.0,700.0,8192.0,28.39,28.48,120.0,1755.0,6801.0,31.0
100876161439342,21.644274911,2026/09/03 17:32:35.985,0.0,NVIDIA GeForce RTX 3050 OEM,GPU-234713d7-e691-1f3e-f20d-851ede38469f,00000000:01:00.0,580.173.02,P2,48.0,9.0,0.0,700.0,8192.0,28.39,28.48,120.0,1755.0,6801.0,31.0
100876262775625,21.745611194,2026/09/03 17:32:36.086,0.0,NVIDIA GeForce RTX 3050 OEM,GPU-234713d7-e691-1f3e-f20d-851ede38469f,00000000:01:00.0,580.173.02,P2,48.0,9.0,0.0,700.0,8192.0,28.39,28.48,120.0,1755.0,6801.0,31.0
100876364095891,21.84693146,2026/09/03 17:32:36.187,0.0,NVIDIA GeForce RTX 3050 OEM,GPU-234713d7-e691-1f3e-f20d-851ede38469f,00000000:01:00.0,580.173.02,P2,48.0,9.0,0.0,700.0,8192.0,28.39,28.48,120.0,1755.0,6801.0,31.0
100876465586859,21.948422428,2026/09/03 17:32:36.289,0.0,NVIDIA GeForce RTX 3050 OEM,GPU-234713d7-e691-1f3e-f20d-851ede38469f,00000000:01:00.0,580.173.02,P2,48.0,9.0,0.0,700.0,8192.0,28.43,28.43,120.0,1755.0,6801.0,31.0
100876566855225,22.049690794,2026/09/03 17:32:36.390,0.0,NVIDIA GeForce RTX 3050 OEM,GPU-234713d7-e691-1f3e-f20d-851ede38469f,00000000:01:00.0,580.173.02,P2,48.0,9.0,0.0,700.0,8192.0,28.43,28.43,120.0,1755.0,6801.0,31.0
100876668301000,22.151136569,2026/09/03 17:32:36.491,0.0,NVIDIA GeForce RTX 3050 OEM,GPU-234713d7-e691-1f3e-f20d-851ede38469f,00000000:01:00.0,580.173.02,P2,48.0,9.0,0.0,700.0,8192.0,28.43,28.43,120.0,1755.0,6801.0,31.0
100876769560878,22.252396447,2026/09/03 17:32:36.593,0.0,NVIDIA GeForce RTX 3050 OEM,GPU-234713d7-e691-1f3e-f20d-851ede38469f,00000000:01:00.0,580.173.02,P2,48.0,9.0,0.0,700.0,8192.0,28.43,28.43,120.0,1755.0,6801.0,31.0
100876870857525,22.353693094,2026/09/03 17:32:36.694,0.0,NVIDIA GeForce RTX 3050 OEM,GPU-234713d7-e691-1f3e-f20d-851ede38469f,00000000:01:00.0,580.173.02,P2,48.0,9.0,1.0,700.0,8192.0,28.73,28.43,120.0,1755.0,6801.0,31.0
100876972214988,22.455050557,2026/09/03 17:32:36.795,0.0,NVIDIA GeForce RTX 3050 OEM,GPU-234713d7-e691-1f3e-f20d-851ede38469f,00000000:01:00.0,580.173.02,P2,48.0,9.0,1.0,700.0,8192.0,28.73,28.43,120.0,1755.0,6801.0,31.0
100877073404088,22.556239657,2026/09/03 17:32:36.897,0.0,NVIDIA GeForce RTX 3050 OEM,GPU-234713d7-e691-1f3e-f20d-851ede38469f,00000000:01:00.0,580.173.02,P2,48.0,9.0,1.0,700.0,8192.0,28.73,28.43,120.0,1755.0,6801.0,31.0
100877174606400,22.657441969,2026/09/03 17:32:36.998,0.0,NVIDIA GeForce RTX 3050 OEM,GPU-234713d7-e691-1f3e-f20d-851ede38469f,00000000:01:00.0,580.173.02,P2,48.0,9.0,1.0,700.0,8192.0,28.73,28.43,120.0,1755.0,6801.0,31.0
100877275936666,22.758772235,2026/09/03 17:32:37.099,0.0,NVIDIA GeForce RTX 3050 OEM,GPU-234713d7-e691-1f3e-f20d-851ede38469f,00000000:01:00.0,580.173.02,P2,48.0,9.0,1.0,700.0,8192.0,28.73,28.43,120.0,1755.0,6801.0,31.0
100877377524614,22.860360183,2026/09/03 17:32:37.200,0.0,NVIDIA GeForce RTX 3050 OEM,GPU-234713d7-e691-1f3e-f20d-851ede38469f,00000000:01:00.0,580.173.02,P2,48.0,9.0,1.0,700.0,8192.0,28.65,28.48,120.0,1755.0,6801.0,31.0
100877478807000,22.961642569,2026/09/03 17:32:37.302,0.0,NVIDIA GeForce RTX 3050 OEM,GPU-234713d7-e691-1f3e-f20d-851ede38469f,00000000:01:00.0,580.173.02,P2,48.0,9.0,1.0,700.0,8192.0,28.65,28.48,120.0,1755.0,6801.0,31.0
100877580514507,23.063350076,2026/09/03 17:32:37.403,0.0,NVIDIA GeForce RTX 3050 OEM,GPU-234713d7-e691-1f3e-f20d-851ede38469f,00000000:01:00.0,580.173.02,P2,48.0,9.0,1.0,700.0,8192.0,28.65,28.48,120.0,1755.0,6801.0,31.0
100877681557523,23.164393092,2026/09/03 17:32:37.505,0.0,NVIDIA GeForce RTX 3050 OEM,GPU-234713d7-e691-1f3e-f20d-851ede38469f,00000000:01:00.0,580.173.02,P2,48.0,9.0,1.0,700.0,8192.0,28.65,28.48,120.0,1755.0,6801.0,31.0
100877782691997,23.265527566,2026/09/03 17:32:37.606,0.0,NVIDIA GeForce RTX 3050 OEM,GPU-234713d7-e691-1f3e-f20d-851ede38469f,00000000:01:00.0,580.173.02,P2,48.0,9.0,1.0,700.0,8192.0,28.65,28.48,120.0,1755.0,6801.0,31.0
100877884156764,23.366992333,2026/09/03 17:32:37.707,0.0,NVIDIA GeForce RTX 3050 OEM,GPU-234713d7-e691-1f3e-f20d-851ede38469f,00000000:01:00.0,580.173.02,P2,48.0,11.0,0.0,700.0,8192.0,28.66,28.62,120.0,1755.0,6801.0,31.0
100877985681628,23.468517197,2026/09/03 17:32:37.809,0.0,NVIDIA GeForce RTX 3050 OEM,GPU-234713d7-e691-1f3e-f20d-851ede38469f,00000000:01:00.0,580.173.02,P2,48.0,11.0,0.0,700.0,8192.0,28.66,28.62,120.0,1755.0,6801.0,31.0
100878087336742,23.570172311,2026/09/03 17:32:37.910,0.0,NVIDIA GeForce RTX 3050 OEM,GPU-234713d7-e691-1f3e-f20d-851ede38469f,00000000:01:00.0,580.173.02,P2,48.0,11.0,0.0,700.0,8192.0,28.66,28.62,120.0,1755.0,6801.0,31.0
100878188498649,23.671334218,2026/09/03 17:32:38.012,0.0,NVIDIA GeForce RTX 3050 OEM,GPU-234713d7-e691-1f3e-f20d-851ede38469f,00000000:01:00.0,580.173.02,P2,48.0,11.0,0.0,700.0,8192.0,28.66,28.62,120.0,1755.0,6801.0,31.0
100878289863147,23.772698716,2026/09/03 17:32:38.113,0.0,NVIDIA GeForce RTX 3050 OEM,GPU-234713d7-e691-1f3e-f20d-851ede38469f,00000000:01:00.0,580.173.02,P2,48.0,11.0,0.0,700.0,8192.0,28.66,28.62,120.0,1755.0,6801.0,31.0
100878391150421,23.87398599,2026/09/03 17:32:38.214,0.0,NVIDIA GeForce RTX 3050 OEM,GPU-234713d7-e691-1f3e-f20d-851ede38469f,00000000:01:00.0,580.173.02,P2,48.0,11.0,0.0,700.0,8192.0,28.37,28.62,120.0,1755.0,6801.0,31.0
100878492579827,23.975415396,2026/09/03 17:32:38.316,0.0,NVIDIA GeForce RTX 3050 OEM,GPU-234713d7-e691-1f3e-f20d-851ede38469f,00000000:01:00.0,580.173.02,P2,48.0,11.0,0.0,700.0,8192.0,28.37,28.62,120.0,1755.0,6801.0,31.0
100878593622826,24.076458395,2026/09/03 17:32:38.417,0.0,NVIDIA GeForce RTX 3050 OEM,GPU-234713d7-e691-1f3e-f20d-851ede38469f,00000000:01:00.0,580.173.02,P2,48.0,11.0,0.0,700.0,8192.0,28.37,28.62,120.0,1755.0,6801.0,31.0
100878694842454,24.177678023,2026/09/03 17:32:38.518,0.0,NVIDIA GeForce RTX 3050 OEM,GPU-234713d7-e691-1f3e-f20d-851ede38469f,00000000:01:00.0,580.173.02,P2,48.0,11.0,0.0,700.0,8192.0,28.37,28.62,120.0,1755.0,6801.0,31.0
100878796163718,24.278999287,2026/09/03 17:32:38.620,0.0,NVIDIA GeForce RTX 3050 OEM,GPU-234713d7-e691-1f3e-f20d-851ede38469f,00000000:01:00.0,580.173.02,P2,48.0,11.0,0.0,700.0,8192.0,28.37,28.62,120.0,1755.0,6801.0,31.0
100878897632041,24.38046761,2026/09/03 17:32:38.721,0.0,NVIDIA GeForce RTX 3050 OEM,GPU-234713d7-e691-1f3e-f20d-851ede38469f,00000000:01:00.0,580.173.02,P2,48.0,10.0,1.0,700.0,8192.0,28.36,28.46,120.0,1755.0,6801.0,31.0
100878998659747,24.481495316,2026/09/03 17:32:38.822,0.0,NVIDIA GeForce RTX 3050 OEM,GPU-234713d7-e691-1f3e-f20d-851ede38469f,00000000:01:00.0,580.173.02,P2,48.0,10.0,1.0,700.0,8192.0,28.36,28.46,120.0,1755.0,6801.0,31.0
100879099971762,24.582807331,2026/09/03 17:32:38.923,0.0,NVIDIA GeForce RTX 3050 OEM,GPU-234713d7-e691-1f3e-f20d-851ede38469f,00000000:01:00.0,580.173.02,P2,48.0,10.0,1.0,700.0,8192.0,28.36,28.46,120.0,1755.0,6801.0,31.0
100879200916274,24.683751843,2026/09/03 17:32:39.024,0.0,NVIDIA GeForce RTX 3050 OEM,GPU-234713d7-e691-1f3e-f20d-851ede38469f,00000000:01:00.0,580.173.02,P2,48.0,10.0,1.0,700.0,8192.0,28.36,28.46,120.0,1755.0,6801.0,31.0
100879301997199,24.784832768,2026/09/03 17:32:39.125,0.0,NVIDIA GeForce RTX 3050 OEM,GPU-234713d7-e691-1f3e-f20d-851ede38469f,00000000:01:00.0,580.173.02,P2,48.0,10.0,1.0,700.0,8192.0,28.36,28.46,120.0,1755.0,6801.0,31.0
100879403246861,24.88608243,2026/09/03 17:32:39.227,0.0,NVIDIA GeForce RTX 3050 OEM,GPU-234713d7-e691-1f3e-f20d-851ede38469f,00000000:01:00.0,580.173.02,P2,48.0,10.0,1.0,700.0,8192.0,28.32,28.34,120.0,1755.0,6801.0,31.0
100879504686198,24.987521767,2026/09/03 17:32:39.328,0.0,NVIDIA GeForce RTX 3050 OEM,GPU-234713d7-e691-1f3e-f20d-851ede38469f,00000000:01:00.0,580.173.02,P2,48.0,10.0,1.0,700.0,8192.0,28.32,28.34,120.0,1755.0,6801.0,31.0
100879605848755,25.088684324,2026/09/03 17:32:39.429,0.0,NVIDIA GeForce RTX 3050 OEM,GPU-234713d7-e691-1f3e-f20d-851ede38469f,00000000:01:00.0,580.173.02,P2,48.0,10.0,1.0,700.0,8192.0,28.32,28.34,120.0,1755.0,6801.0,31.0
100879707388128,25.190223697,2026/09/03 17:32:39.530,0.0,NVIDIA GeForce RTX 3050 OEM,GPU-234713d7-e691-1f3e-f20d-851ede38469f,00000000:01:00.0,580.173.02,P2,48.0,10.0,1.0,700.0,8192.0,28.32,28.34,120.0,1755.0,6801.0,31.0
100879808466010,25.291301579,2026/09/03 17:32:39.632,0.0,NVIDIA GeForce RTX 3050 OEM,GPU-234713d7-e691-1f3e-f20d-851ede38469f,00000000:01:00.0,580.173.02,P2,48.0,10.0,1.0,700.0,8192.0,28.32,28.34,120.0,1755.0,6801.0,31.0
100879909816750,25.392652319,2026/09/03 17:32:39.733,0.0,NVIDIA GeForce RTX 3050 OEM,GPU-234713d7-e691-1f3e-f20d-851ede38469f,00000000:01:00.0,580.173.02,P2,48.0,9.0,1.0,700.0,8192.0,28.36,28.34,120.0,1755.0,6801.0,31.0
100880011131837,25.493967406,2026/09/03 17:32:39.834,0.0,NVIDIA GeForce RTX 3050 OEM,GPU-234713d7-e691-1f3e-f20d-851ede38469f,00000000:01:00.0,580.173.02,P2,48.0,9.0,1.0,700.0,8192.0,28.36,28.34,120.0,1755.0,6801.0,31.0
100880112390180,25.595225749,2026/09/03 17:32:39.936,0.0,NVIDIA GeForce RTX 3050 OEM,GPU-234713d7-e691-1f3e-f20d-851ede38469f,00000000:01:00.0,580.173.02,P2,48.0,9.0,1.0,700.0,8192.0,28.36,28.34,120.0,1755.0,6801.0,31.0
100880213457614,25.696293183,2026/09/03 17:32:40.037,0.0,NVIDIA GeForce RTX 3050 OEM,GPU-234713d7-e691-1f3e-f20d-851ede38469f,00000000:01:00.0,580.173.02,P2,48.0,9.0,1.0,700.0,8192.0,28.36,28.34,120.0,1755.0,6801.0,31.0
100880314560146,25.797395715,2026/09/03 17:32:40.138,0.0,NVIDIA GeForce RTX 3050 OEM,GPU-234713d7-e691-1f3e-f20d-851ede38469f,00000000:01:00.0,580.173.02,P2,48.0,9.0,1.0,700.0,8192.0,28.36,28.34,120.0,1755.0,6801.0,31.0
100880415911463,25.898747032,2026/09/03 17:32:40.239,0.0,NVIDIA GeForce RTX 3050 OEM,GPU-234713d7-e691-1f3e-f20d-851ede38469f,00000000:01:00.0,580.173.02,P2,48.0,9.0,1.0,700.0,8192.0,28.54,28.4,120.0,1755.0,6801.0,31.0
100880517215883,26.000051452,2026/09/03 17:32:40.340,0.0,NVIDIA GeForce RTX 3050 OEM,GPU-234713d7-e691-1f3e-f20d-851ede38469f,00000000:01:00.0,580.173.02,P2,48.0,9.0,1.0,700.0,8192.0,28.54,28.4,120.0,1755.0,6801.0,31.0
100880618348435,26.101184004,2026/09/03 17:32:40.442,0.0,NVIDIA GeForce RTX 3050 OEM,GPU-234713d7-e691-1f3e-f20d-851ede38469f,00000000:01:00.0,580.173.02,P2,48.0,9.0,1.0,700.0,8192.0,28.54,28.4,120.0,1755.0,6801.0,31.0
100880719621429,26.202456998,2026/09/03 17:32:40.543,0.0,NVIDIA GeForce RTX 3050 OEM,GPU-234713d7-e691-1f3e-f20d-851ede38469f,00000000:01:00.0,580.173.02,P2,48.0,9.0,1.0,700.0,8192.0,28.54,28.4,120.0,1755.0,6801.0,31.0
100880820585538,26.303421107,2026/09/03 17:32:40.644,0.0,NVIDIA GeForce RTX 3050 OEM,GPU-234713d7-e691-1f3e-f20d-851ede38469f,00000000:01:00.0,580.173.02,P2,48.0,9.0,1.0,700.0,8192.0,28.54,28.4,120.0,1755.0,6801.0,31.0
100880921784680,26.404620249,2026/09/03 17:32:40.745,0.0,NVIDIA GeForce RTX 3050 OEM,GPU-234713d7-e691-1f3e-f20d-851ede38469f,00000000:01:00.0,580.173.02,P2,48.0,9.0,0.0,700.0,8192.0,28.41,28.44,120.0,1755.0,6801.0,31.0
100881023283583,26.506119152,2026/09/03 17:32:40.846,0.0,NVIDIA GeForce RTX 3050 OEM,GPU-234713d7-e691-1f3e-f20d-851ede38469f,00000000:01:00.0,580.173.02,P2,48.0,9.0,0.0,700.0,8192.0,28.41,28.44,120.0,1755.0,6801.0,31.0
100881124786001,26.60762157,2026/09/03 17:32:40.948,0.0,NVIDIA GeForce RTX 3050 OEM,GPU-234713d7-e691-1f3e-f20d-851ede38469f,00000000:01:00.0,580.173.02,P2,48.0,9.0,0.0,700.0,8192.0,28.41,28.44,120.0,1755.0,6801.0,31.0
100881226503137,26.709338706,2026/09/03 17:32:41.049,0.0,NVIDIA GeForce RTX 3050 OEM,GPU-234713d7-e691-1f3e-f20d-851ede38469f,00000000:01:00.0,580.173.02,P2,48.0,9.0,0.0,700.0,8192.0,28.41,28.44,120.0,1755.0,6801.0,31.0
100881327911386,26.810746955,2026/09/03 17:32:41.151,0.0,NVIDIA GeForce RTX 3050 OEM,GPU-234713d7-e691-1f3e-f20d-851ede38469f,00000000:01:00.0,580.173.02,P2,48.0,9.0,0.0,700.0,8192.0,28.41,28.44,120.0,1755.0,6801.0,31.0
100881429214407,26.912049976,2026/09/03 17:32:41.252,0.0,NVIDIA GeForce RTX 3050 OEM,GPU-234713d7-e691-1f3e-f20d-851ede38469f,00000000:01:00.0,580.173.02,P2,48.0,9.0,0.0,700.0,8192.0,28.4,28.49,120.0,1755.0,6801.0,31.0
100881530585099,27.013420668,2026/09/03 17:32:41.354,0.0,NVIDIA GeForce RTX 3050 OEM,GPU-234713d7-e691-1f3e-f20d-851ede38469f,00000000:01:00.0,580.173.02,P2,48.0,9.0,0.0,700.0,8192.0,28.4,28.49,120.0,1755.0,6801.0,31.0
100881631848051,27.11468362,2026/09/03 17:32:41.455,0.0,NVIDIA GeForce RTX 3050 OEM,GPU-234713d7-e691-1f3e-f20d-851ede38469f,00000000:01:00.0,580.173.02,P2,48.0,9.0,0.0,700.0,8192.0,28.4,28.49,120.0,1755.0,6801.0,31.0
100881733123456,27.215959025,2026/09/03 17:32:41.556,0.0,NVIDIA GeForce RTX 3050 OEM,GPU-234713d7-e691-1f3e-f20d-851ede38469f,00000000:01:00.0,580.173.02,P2,48.0,9.0,0.0,700.0,8192.0,28.4,28.49,120.0,1755.0,6801.0,31.0
100881834179077,27.317014646,2026/09/03 17:32:41.658,0.0,NVIDIA GeForce RTX 3050 OEM,GPU-234713d7-e691-1f3e-f20d-851ede38469f,00000000:01:00.0,580.173.02,P2,48.0,9.0,0.0,700.0,8192.0,28.4,28.49,120.0,1755.0,6801.0,31.0
100881935391305,27.418226874,2026/09/03 17:32:41.759,0.0,NVIDIA GeForce RTX 3050 OEM,GPU-234713d7-e691-1f3e-f20d-851ede38469f,00000000:01:00.0,580.173.02,P2,48.0,9.0,0.0,700.0,8192.0,28.44,28.5,120.0,1755.0,6801.0,31.0
100882036690724,27.519526293,2026/09/03 17:32:41.860,0.0,NVIDIA GeForce RTX 3050 OEM,GPU-234713d7-e691-1f3e-f20d-851ede38469f,00000000:01:00.0,580.173.02,P2,48.0,9.0,0.0,700.0,8192.0,28.44,28.5,120.0,1755.0,6801.0,31.0
100882137873521,27.62070909,2026/09/03 17:32:41.961,0.0,NVIDIA GeForce RTX 3050 OEM,GPU-234713d7-e691-1f3e-f20d-851ede38469f,00000000:01:00.0,580.173.02,P2,48.0,9.0,0.0,700.0,8192.0,28.44,28.5,120.0,1755.0,6801.0,31.0
100882239094191,27.72192976,2026/09/03 17:32:42.062,0.0,NVIDIA GeForce RTX 3050 OEM,GPU-234713d7-e691-1f3e-f20d-851ede38469f,00000000:01:00.0,580.173.02,P2,48.0,9.0,0.0,700.0,8192.0,28.44,28.5,120.0,1755.0,6801.0,31.0
100882340298396,27.823133965,2026/09/03 17:32:42.164,0.0,NVIDIA GeForce RTX 3050 OEM,GPU-234713d7-e691-1f3e-f20d-851ede38469f,00000000:01:00.0,580.173.02,P2,48.0,9.0,0.0,700.0,8192.0,28.44,28.5,120.0,1755.0,6801.0,31.0
100882441709918,27.924545487,2026/09/03 17:32:42.265,0.0,NVIDIA GeForce RTX 3050 OEM,GPU-234713d7-e691-1f3e-f20d-851ede38469f,00000000:01:00.0,580.173.02,P2,48.0,9.0,0.0,700.0,8192.0,28.57,28.5,120.0,1755.0,6801.0,31.0
100882542890235,28.025725804,2026/09/03 17:32:42.366,0.0,NVIDIA GeForce RTX 3050 OEM,GPU-234713d7-e691-1f3e-f20d-851ede38469f,00000000:01:00.0,580.173.02,P2,48.0,9.0,0.0,700.0,8192.0,28.57,28.5,120.0,1755.0,6801.0,31.0
100882644295559,28.127131128,2026/09/03 17:32:42.467,0.0,NVIDIA GeForce RTX 3050 OEM,GPU-234713d7-e691-1f3e-f20d-851ede38469f,00000000:01:00.0,580.173.02,P2,48.0,9.0,0.0,700.0,8192.0,28.57,28.5,120.0,1755.0,6801.0,31.0
100882745442628,28.228278197,2026/09/03 17:32:42.569,0.0,NVIDIA GeForce RTX 3050 OEM,GPU-234713d7-e691-1f3e-f20d-851ede38469f,00000000:01:00.0,580.173.02,P2,48.0,9.0,0.0,700.0,8192.0,28.57,28.5,120.0,1755.0,6801.0,31.0
100882846718588,28.329554157,2026/09/03 17:32:42.670,0.0,NVIDIA GeForce RTX 3050 OEM,GPU-234713d7-e691-1f3e-f20d-851ede38469f,00000000:01:00.0,580.173.02,P2,48.0,9.0,0.0,700.0,8192.0,28.57,28.5,120.0,1755.0,6801.0,31.0
100882947965787,28.430801356,2026/09/03 17:32:42.771,0.0,NVIDIA GeForce RTX 3050 OEM,GPU-234713d7-e691-1f3e-f20d-851ede38469f,00000000:01:00.0,580.173.02,P2,48.0,7.0,0.0,700.0,8192.0,28.52,28.55,120.0,1755.0,6801.0,31.0
100883049091444,28.531927013,2026/09/03 17:32:42.873,0.0,NVIDIA GeForce RTX 3050 OEM,GPU-234713d7-e691-1f3e-f20d-851ede38469f,00000000:01:00.0,580.173.02,P2,48.0,7.0,0.0,700.0,8192.0,28.52,28.55,120.0,1755.0,6801.0,31.0
100883150390193,28.633225762,2026/09/03 17:32:42.974,0.0,NVIDIA GeForce RTX 3050 OEM,GPU-234713d7-e691-1f3e-f20d-851ede38469f,00000000:01:00.0,580.173.02,P2,48.0,7.0,0.0,700.0,8192.0,28.52,28.55,120.0,1755.0,6801.0,31.0
100883251705369,28.734540938,2026/09/03 17:32:43.075,0.0,NVIDIA GeForce RTX 3050 OEM,GPU-234713d7-e691-1f3e-f20d-851ede38469f,00000000:01:00.0,580.173.02,P2,48.0,7.0,0.0,700.0,8192.0,28.52,28.55,120.0,1755.0,6801.0,31.0
100883352933669,28.835769238,2026/09/03 17:32:43.176,0.0,NVIDIA GeForce RTX 3050 OEM,GPU-234713d7-e691-1f3e-f20d-851ede38469f,00000000:01:00.0,580.173.02,P2,48.0,7.0,0.0,700.0,8192.0,28.52,28.55,120.0,1755.0,6801.0,31.0
100883454316691,28.93715226,2026/09/03 17:32:43.278,0.0,NVIDIA GeForce RTX 3050 OEM,GPU-234713d7-e691-1f3e-f20d-851ede38469f,00000000:01:00.0,580.173.02,P2,48.0,7.0,0.0,700.0,8192.0,28.72,28.58,120.0,1755.0,6801.0,31.0
100883555654502,29.038490071,2026/09/03 17:32:43.379,0.0,NVIDIA GeForce RTX 3050 OEM,GPU-234713d7-e691-1f3e-f20d-851ede38469f,00000000:01:00.0,580.173.02,P2,48.0,7.0,0.0,700.0,8192.0,28.72,28.58,120.0,1755.0,6801.0,31.0
100883657091399,29.139926968,2026/09/03 17:32:43.480,0.0,NVIDIA GeForce RTX 3050 OEM,GPU-234713d7-e691-1f3e-f20d-851ede38469f,00000000:01:00.0,580.173.02,P2,48.0,7.0,0.0,700.0,8192.0,28.72,28.58,120.0,1755.0,6801.0,31.0
100883758454956,29.241290525,2026/09/03 17:32:43.582,0.0,NVIDIA GeForce RTX 3050 OEM,GPU-234713d7-e691-1f3e-f20d-851ede38469f,00000000:01:00.0,580.173.02,P2,48.0,7.0,0.0,700.0,8192.0,28.72,28.58,120.0,1755.0,6801.0,31.0
100883859722635,29.342558204,2026/09/03 17:32:43.683,0.0,NVIDIA GeForce RTX 3050 OEM,GPU-234713d7-e691-1f3e-f20d-851ede38469f,00000000:01:00.0,580.173.02,P2,48.0,7.0,0.0,700.0,8192.0,28.72,28.58,120.0,1755.0,6801.0,31.0
100883961188396,29.444023965,2026/09/03 17:32:43.784,0.0,NVIDIA GeForce RTX 3050 OEM,GPU-234713d7-e691-1f3e-f20d-851ede38469f,00000000:01:00.0,580.173.02,P2,48.0,8.0,0.0,700.0,8192.0,28.52,28.58,120.0,1755.0,6801.0,31.0
100884062196405,29.545031974,2026/09/03 17:32:43.885,0.0,NVIDIA GeForce RTX 3050 OEM,GPU-234713d7-e691-1f3e-f20d-851ede38469f,00000000:01:00.0,580.173.02,P2,48.0,8.0,0.0,700.0,8192.0,28.52,28.58,120.0,1755.0,6801.0,31.0
100884163686141,29.64652171,2026/09/03 17:32:43.987,0.0,NVIDIA GeForce RTX 3050 OEM,GPU-234713d7-e691-1f3e-f20d-851ede38469f,00000000:01:00.0,580.173.02,P2,48.0,8.0,0.0,700.0,8192.0,28.52,28.58,120.0,1755.0,6801.0,31.0
100884264863081,29.74769865,2026/09/03 17:32:44.088,0.0,NVIDIA GeForce RTX 3050 OEM,GPU-234713d7-e691-1f3e-f20d-851ede38469f,00000000:01:00.0,580.173.02,P2,48.0,8.0,0.0,700.0,8192.0,28.52,28.58,120.0,1755.0,6801.0,31.0
100884366583290,29.849418859,2026/09/03 17:32:44.189,0.0,NVIDIA GeForce RTX 3050 OEM,GPU-234713d7-e691-1f3e-f20d-851ede38469f,00000000:01:00.0,580.173.02,P2,48.0,8.0,0.0,700.0,8192.0,28.52,28.58,120.0,1755.0,6801.0,31.0
100884467615983,29.950451552,2026/09/03 17:32:44.291,0.0,NVIDIA GeForce RTX 3050 OEM,GPU-234713d7-e691-1f3e-f20d-851ede38469f,00000000:01:00.0,580.173.02,P2,49.0,8.0,0.0,700.0,8192.0,28.35,28.55,120.0,1755.0,6801.0,31.0
100884568914606,30.051750175,2026/09/03 17:32:44.392,0.0,NVIDIA GeForce RTX 3050 OEM,GPU-234713d7-e691-1f3e-f20d-851ede38469f,00000000:01:00.0,580.173.02,P2,49.0,8.0,0.0,700.0,8192.0,28.35,28.55,120.0,1755.0,6801.0,31.0
100884670422574,30.153258143,2026/09/03 17:32:44.494,0.0,NVIDIA GeForce RTX 3050 OEM,GPU-234713d7-e691-1f3e-f20d-851ede38469f,00000000:01:00.0,580.173.02,P2,49.0,8.0,0.0,700.0,8192.0,28.35,28.55,120.0,1755.0,6801.0,31.0
100884771823101,30.25465867,2026/09/03 17:32:44.595,0.0,NVIDIA GeForce RTX 3050 OEM,GPU-234713d7-e691-1f3e-f20d-851ede38469f,00000000:01:00.0,580.173.02,P2,49.0,8.0,0.0,700.0,8192.0,28.35,28.55,120.0,1755.0,6801.0,31.0
100884873099600,30.355935169,2026/09/03 17:32:44.696,0.0,NVIDIA GeForce RTX 3050 OEM,GPU-234713d7-e691-1f3e-f20d-851ede38469f,00000000:01:00.0,580.173.02,P2,48.0,10.0,1.0,700.0,8192.0,28.28,28.43,120.0,1755.0,6801.0,31.0
100884974874869,30.457710438,2026/09/03 17:32:44.798,0.0,NVIDIA GeForce RTX 3050 OEM,GPU-234713d7-e691-1f3e-f20d-851ede38469f,00000000:01:00.0,580.173.02,P2,48.0,10.0,1.0,700.0,8192.0,28.28,28.43,120.0,1755.0,6801.0,31.0
100885076884741,30.55972031,2026/09/03 17:32:44.900,0.0,NVIDIA GeForce RTX 3050 OEM,GPU-234713d7-e691-1f3e-f20d-851ede38469f,00000000:01:00.0,580.173.02,P2,48.0,10.0,1.0,700.0,8192.0,28.28,28.43,120.0,1755.0,6801.0,31.0
100885179143764,30.661979333,2026/09/03 17:32:45.002,0.0,NVIDIA GeForce RTX 3050 OEM,GPU-234713d7-e691-1f3e-f20d-851ede38469f,00000000:01:00.0,580.173.02,P2,48.0,10.0,1.0,700.0,8192.0,28.28,28.43,120.0,1755.0,6801.0,31.0
100885281427070,30.764262639,2026/09/03 17:32:45.104,0.0,NVIDIA GeForce RTX 3050 OEM,GPU-234713d7-e691-1f3e-f20d-851ede38469f,00000000:01:00.0,580.173.02,P2,48.0,10.0,1.0,700.0,8192.0,28.28,28.43,120.0,1755.0,6801.0,31.0
100885383496303,30.866331872,2026/09/03 17:32:45.206,0.0,NVIDIA GeForce RTX 3050 OEM,GPU-234713d7-e691-1f3e-f20d-851ede38469f,00000000:01:00.0,580.173.02,P2,48.0,10.0,1.0,700.0,8192.0,28.33,28.34,120.0,1755.0,6801.0,31.0
